Time(s),Voltage(V)
-20.0000000000,-0.0050312500
-19.9960000000,-0.0051093750
-19.9920000000,-0.0049375000
-19.9880000000,-0.0050625000
-19.9840000000,-0.0051093750
-19.9800000000,-0.0050156250
-19.9760000000,-0.0048437500
-19.9720000000,-0.0049687500
-19.9680000000,-0.0049375000
-19.9640000000,-0.0050468750
-19.9600000000,-0.0050312500
-19.9560000000,-0.0051406250
-19.9520000000,-0.0049375000
-19.9480000000,-0.0050468750
-19.9440000000,-0.0050781250
-19.9400000000,-0.0051250000
-19.9360000000,-0.0050000000
-19.9320000000,-0.0051406250
-19.9280000000,-0.0051718750
-19.9240000000,-0.0050000000
-19.9200000000,-0.0049531250
-19.9160000000,-0.0051562500
-19.9120000000,-0.0050468750
-19.9080000000,-0.0048281250
-19.9040000000,-0.0051718750
-19.9000000000,-0.0051406250
-19.8960000000,-0.0050312500
-19.8920000000,-0.0051406250
-19.8880000000,-0.0052656250
-19.8840000000,-0.0050468750
-19.8800000000,-0.0050625000
-19.8760000000,-0.0050468750
-19.8720000000,-0.0050781250
-19.8680000000,-0.0051250000
-19.8640000000,-0.0051875000
-19.8600000000,-0.0049218750
-19.8560000000,-0.0050000000
-19.8520000000,-0.0048125000
-19.8480000000,-0.0049375000
-19.8440000000,-0.0050000000
-19.8400000000,-0.0051562500
-19.8360000000,-0.0050468750
-19.8320000000,-0.0051250000
-19.8280000000,-0.0048750000
-19.8240000000,-0.0048906250
-19.8200000000,-0.0051562500
-19.8160000000,-0.0050156250
-19.8120000000,-0.0049218750
-19.8080000000,-0.0051562500
-19.8040000000,-0.0050312500
-19.8000000000,-0.0051562500
-19.7960000000,-0.0049062500
-19.7920000000,-0.0047968750
-19.7880000000,-0.0050937500
-19.7840000000,-0.0051562500
-19.7800000000,-0.0048750000
-19.7760000000,-0.0050468750
-19.7720000000,-0.0051406250
-19.7680000000,-0.0048750000
-19.7640000000,-0.0050468750
-19.7600000000,-0.0050781250
-19.7560000000,-0.0050468750
-19.7520000000,-0.0049062500
-19.7480000000,-0.0049531250
-19.7440000000,-0.0050468750
-19.7400000000,-0.0050156250
-19.7360000000,-0.0048906250
-19.7320000000,-0.0049062500
-19.7280000000,-0.0048906250
-19.7240000000,-0.0048906250
-19.7200000000,-0.0050937500
-19.7160000000,-0.0049843750
-19.7120000000,-0.0051562500
-19.7080000000,-0.0051875000
-19.7040000000,-0.0052343750
-19.7000000000,-0.0049375000
-19.6960000000,-0.0049687500
-19.6920000000,-0.0049843750
-19.6880000000,-0.0048906250
-19.6840000000,-0.0049687500
-19.6800000000,-0.0050781250
-19.6760000000,-0.0049062500
-19.6720000000,-0.0052500000
-19.6680000000,-0.0048750000
-19.6640000000,-0.0047187500
-19.6600000000,-0.0049531250
-19.6560000000,-0.0050625000
-19.6520000000,-0.0049218750
-19.6480000000,-0.0051406250
-19.6440000000,-0.0050937500
-19.6400000000,-0.0047187500
-19.6360000000,-0.0051406250
-19.6320000000,-0.0050000000
-19.6280000000,-0.0050312500
-19.6240000000,-0.0049687500
-19.6200000000,-0.0050781250
-19.6160000000,-0.0050625000
-19.6120000000,-0.0049531250
-19.6080000000,-0.0050000000
-19.6040000000,-0.0049687500
-19.6000000000,-0.0049687500
-19.5960000000,-0.0048906250
-19.5920000000,-0.0048906250
-19.5880000000,-0.0049375000
-19.5840000000,-0.0049531250
-19.5800000000,-0.0050781250
-19.5760000000,-0.0051562500
-19.5720000000,-0.0049531250
-19.5680000000,-0.0048906250
-19.5640000000,-0.0049687500
-19.5600000000,-0.0051250000
-19.5560000000,-0.0050781250
-19.5520000000,-0.0049687500
-19.5480000000,-0.0051718750
-19.5440000000,-0.0051875000
-19.5400000000,-0.0051093750
-19.5360000000,-0.0050625000
-19.5320000000,-0.0050937500
-19.5280000000,-0.0051093750
-19.5240000000,-0.0050312500
-19.5200000000,-0.0052343750
-19.5160000000,-0.0051406250
-19.5120000000,-0.0050468750
-19.5080000000,-0.0051718750
-19.5040000000,-0.0050312500
-19.5000000000,-0.0050312500
-19.4960000000,-0.0048750000
-19.4920000000,-0.0049375000
-19.4880000000,-0.0051406250
-19.4840000000,-0.0051093750
-19.4800000000,-0.0049843750
-19.4760000000,-0.0048750000
-19.4720000000,-0.0052343750
-19.4680000000,-0.0049843750
-19.4640000000,-0.0050468750
-19.4600000000,-0.0050000000
-19.4560000000,-0.0051718750
-19.4520000000,-0.0048593750
-19.4480000000,-0.0051875000
-19.4440000000,-0.0051875000
-19.4400000000,-0.0048906250
-19.4360000000,-0.0049843750
-19.4320000000,-0.0048906250
-19.4280000000,-0.0050312500
-19.4240000000,-0.0050156250
-19.4200000000,-0.0049687500
-19.4160000000,-0.0050625000
-19.4120000000,-0.0050468750
-19.4080000000,-0.0049062500
-19.4040000000,-0.0050000000
-19.4000000000,-0.0050625000
-19.3960000000,-0.0051406250
-19.3920000000,-0.0050000000
-19.3880000000,-0.0052500000
-19.3840000000,-0.0050000000
-19.3800000000,-0.0050781250
-19.3760000000,-0.0050312500
-19.3720000000,-0.0049687500
-19.3680000000,-0.0048906250
-19.3640000000,-0.0049218750
-19.3600000000,-0.0050625000
-19.3560000000,-0.0050625000
-19.3520000000,-0.0050781250
-19.3480000000,-0.0048906250
-19.3440000000,-0.0051093750
-19.3400000000,-0.0049218750
-19.3360000000,-0.0052343750
-19.3320000000,-0.0051093750
-19.3280000000,-0.0050156250
-19.3240000000,-0.0051093750
-19.3200000000,-0.0051406250
-19.3160000000,-0.0050000000
-19.3120000000,-0.0047812500
-19.3080000000,-0.0049531250
-19.3040000000,-0.0050625000
-19.3000000000,-0.0050312500
-19.2960000000,-0.0049687500
-19.2920000000,-0.0051093750
-19.2880000000,-0.0049218750
-19.2840000000,-0.0049687500
-19.2800000000,-0.0049531250
-19.2760000000,-0.0051093750
-19.2720000000,-0.0050468750
-19.2680000000,-0.0048437500
-19.2640000000,-0.0052031250
-19.2600000000,-0.0050625000
-19.2560000000,-0.0048593750
-19.2520000000,-0.0051406250
-19.2480000000,-0.0050781250
-19.2440000000,-0.0049843750
-19.2400000000,-0.0049375000
-19.2360000000,-0.0049531250
-19.2320000000,-0.0050781250
-19.2280000000,-0.0050156250
-19.2240000000,-0.0050000000
-19.2200000000,-0.0050937500
-19.2160000000,-0.0051718750
-19.2120000000,-0.0048437500
-19.2080000000,-0.0049531250
-19.2040000000,-0.0048906250
-19.2000000000,-0.0051875000
-19.1960000000,-0.0049687500
-19.1920000000,-0.0052187500
-19.1880000000,-0.0049687500
-19.1840000000,-0.0049218750
-19.1800000000,-0.0049531250
-19.1760000000,-0.0050781250
-19.1720000000,-0.0050937500
-19.1680000000,-0.0050625000
-19.1640000000,-0.0050000000
-19.1600000000,-0.0051562500
-19.1560000000,-0.0049375000
-19.1520000000,-0.0046875000
-19.1480000000,-0.0050156250
-19.1440000000,-0.0051093750
-19.1400000000,-0.0048593750
-19.1360000000,-0.0052031250
-19.1320000000,-0.0052031250
-19.1280000000,-0.0049062500
-19.1240000000,-0.0051406250
-19.1200000000,-0.0050000000
-19.1160000000,-0.0051093750
-19.1120000000,-0.0049062500
-19.1080000000,-0.0048125000
-19.1040000000,-0.0051250000
-19.1000000000,-0.0050000000
-19.0960000000,-0.0050156250
-19.0920000000,-0.0050468750
-19.0880000000,-0.0049375000
-19.0840000000,-0.0049843750
-19.0800000000,-0.0049375000
-19.0760000000,-0.0052187500
-19.0720000000,-0.0050781250
-19.0680000000,-0.0050156250
-19.0640000000,-0.0051562500
-19.0600000000,-0.0050625000
-19.0560000000,-0.0048750000
-19.0520000000,-0.0049375000
-19.0480000000,-0.0051250000
-19.0440000000,-0.0050937500
-19.0400000000,-0.0050468750
-19.0360000000,-0.0052187500
-19.0320000000,-0.0051718750
-19.0280000000,-0.0050156250
-19.0240000000,-0.0048593750
-19.0200000000,-0.0050781250
-19.0160000000,-0.0049375000
-19.0120000000,-0.0049687500
-19.0080000000,-0.0051250000
-19.0040000000,-0.0052500000
-19.0000000000,-0.0049062500
-18.9960000000,-0.0052031250
-18.9920000000,-0.0050156250
-18.9880000000,-0.0051250000
-18.9840000000,-0.0049375000
-18.9800000000,-0.0051093750
-18.9760000000,-0.0048437500
-18.9720000000,-0.0050937500
-18.9680000000,-0.0049687500
-18.9640000000,-0.0049375000
-18.9600000000,-0.0051562500
-18.9560000000,-0.0048281250
-18.9520000000,-0.0049531250
-18.9480000000,-0.0049843750
-18.9440000000,-0.0051250000
-18.9400000000,-0.0051093750
-18.9360000000,-0.0052031250
-18.9320000000,-0.0050156250
-18.9280000000,-0.0048281250
-18.9240000000,-0.0050468750
-18.9200000000,-0.0050625000
-18.9160000000,-0.0050781250
-18.9120000000,-0.0049375000
-18.9080000000,-0.0052187500
-18.9040000000,-0.0051562500
-18.9000000000,-0.0049531250
-18.8960000000,-0.0047500000
-18.8920000000,-0.0052968750
-18.8880000000,-0.0050312500
-18.8840000000,-0.0049531250
-18.8800000000,-0.0052968750
-18.8760000000,-0.0052812500
-18.8720000000,-0.0046562500
-18.8680000000,-0.0051718750
-18.8640000000,-0.0049062500
-18.8600000000,-0.0050468750
-18.8560000000,-0.0049062500
-18.8520000000,-0.0048281250
-18.8480000000,-0.0050937500
-18.8440000000,-0.0049531250
-18.8400000000,-0.0050000000
-18.8360000000,-0.0047968750
-18.8320000000,-0.0049687500
-18.8280000000,-0.0049375000
-18.8240000000,-0.0048906250
-18.8200000000,-0.0051250000
-18.8160000000,-0.0050000000
-18.8120000000,-0.0049375000
-18.8080000000,-0.0051562500
-18.8040000000,-0.0051406250
-18.8000000000,-0.0049062500
-18.7960000000,-0.0051250000
-18.7920000000,-0.0049218750
-18.7880000000,-0.0050781250
-18.7840000000,-0.0050312500
-18.7800000000,-0.0049531250
-18.7760000000,-0.0050937500
-18.7720000000,-0.0050625000
-18.7680000000,-0.0048593750
-18.7640000000,-0.0051562500
-18.7600000000,-0.0049531250
-18.7560000000,-0.0049218750
-18.7520000000,-0.0051406250
-18.7480000000,-0.0052343750
-18.7440000000,-0.0047968750
-18.7400000000,-0.0052031250
-18.7360000000,-0.0050468750
-18.7320000000,-0.0050937500
-18.7280000000,-0.0048750000
-18.7240000000,-0.0049375000
-18.7200000000,-0.0050468750
-18.7160000000,-0.0050156250
-18.7120000000,-0.0049687500
-18.7080000000,-0.0049531250
-18.7040000000,-0.0051406250
-18.7000000000,-0.0049375000
-18.6960000000,-0.0048593750
-18.6920000000,-0.0050937500
-18.6880000000,-0.0048437500
-18.6840000000,-0.0051093750
-18.6800000000,-0.0051250000
-18.6760000000,-0.0049062500
-18.6720000000,-0.0047031250
-18.6680000000,-0.0049218750
-18.6640000000,-0.0052343750
-18.6600000000,-0.0049062500
-18.6560000000,-0.0052031250
-18.6520000000,-0.0049218750
-18.6480000000,-0.0051406250
-18.6440000000,-0.0050781250
-18.6400000000,-0.0048593750
-18.6360000000,-0.0052031250
-18.6320000000,-0.0050156250
-18.6280000000,-0.0048437500
-18.6240000000,-0.0050937500
-18.6200000000,-0.0050625000
-18.6160000000,-0.0047968750
-18.6120000000,-0.0051875000
-18.6080000000,-0.0050937500
-18.6040000000,-0.0049062500
-18.6000000000,-0.0049218750
-18.5960000000,-0.0050000000
-18.5920000000,-0.0050312500
-18.5880000000,-0.0051093750
-18.5840000000,-0.0050000000
-18.5800000000,-0.0051093750
-18.5760000000,-0.0050625000
-18.5720000000,-0.0050937500
-18.5680000000,-0.0050312500
-18.5640000000,-0.0050625000
-18.5600000000,-0.0051875000
-18.5560000000,-0.0050000000
-18.5520000000,-0.0049218750
-18.5480000000,-0.0049843750
-18.5440000000,-0.0050156250
-18.5400000000,-0.0052343750
-18.5360000000,-0.0050312500
-18.5320000000,-0.0048750000
-18.5280000000,-0.0051406250
-18.5240000000,-0.0049218750
-18.5200000000,-0.0051093750
-18.5160000000,-0.0050468750
-18.5120000000,-0.0048437500
-18.5080000000,-0.0051562500
-18.5040000000,-0.0050625000
-18.5000000000,-0.0050156250
-18.4960000000,-0.0051093750
-18.4920000000,-0.0051718750
-18.4880000000,-0.0049531250
-18.4840000000,-0.0051250000
-18.4800000000,-0.0050156250
-18.4760000000,-0.0050781250
-18.4720000000,-0.0048281250
-18.4680000000,-0.0050625000
-18.4640000000,-0.0050000000
-18.4600000000,-0.0050312500
-18.4560000000,-0.0051406250
-18.4520000000,-0.0047656250
-18.4480000000,-0.0051718750
-18.4440000000,-0.0049062500
-18.4400000000,-0.0050000000
-18.4360000000,-0.0049687500
-18.4320000000,-0.0050937500
-18.4280000000,-0.0051093750
-18.4240000000,-0.0051875000
-18.4200000000,-0.0050625000
-18.4160000000,-0.0048125000
-18.4120000000,-0.0051093750
-18.4080000000,-0.0049687500
-18.4040000000,-0.0050312500
-18.4000000000,-0.0051250000
-18.3960000000,-0.0050468750
-18.3920000000,-0.0052031250
-18.3880000000,-0.0050000000
-18.3840000000,-0.0047968750
-18.3800000000,-0.0052031250
-18.3760000000,-0.0050000000
-18.3720000000,-0.0050156250
-18.3680000000,-0.0050937500
-18.3640000000,-0.0049375000
-18.3600000000,-0.0048906250
-18.3560000000,-0.0051250000
-18.3520000000,-0.0049062500
-18.3480000000,-0.0050937500
-18.3440000000,-0.0049218750
-18.3400000000,-0.0049375000
-18.3360000000,-0.0050468750
-18.3320000000,-0.0047031250
-18.3280000000,-0.0050937500
-18.3240000000,-0.0051093750
-18.3200000000,-0.0051093750
-18.3160000000,-0.0048437500
-18.3120000000,-0.0050156250
-18.3080000000,-0.0049375000
-18.3040000000,-0.0050937500
-18.3000000000,-0.0049687500
-18.2960000000,-0.0051875000
-18.2920000000,-0.0049531250
-18.2880000000,-0.0047031250
-18.2840000000,-0.0048593750
-18.2800000000,-0.0049687500
-18.2760000000,-0.0051406250
-18.2720000000,-0.0050937500
-18.2680000000,-0.0050937500
-18.2640000000,-0.0052031250
-18.2600000000,-0.0052031250
-18.2560000000,-0.0049843750
-18.2520000000,-0.0052187500
-18.2480000000,-0.0049218750
-18.2440000000,-0.0050156250
-18.2400000000,-0.0050625000
-18.2360000000,-0.0050781250
-18.2320000000,-0.0045937500
-18.2280000000,-0.0051406250
-18.2240000000,-0.0049375000
-18.2200000000,-0.0050781250
-18.2160000000,-0.0049062500
-18.2120000000,-0.0049687500
-18.2080000000,-0.0050000000
-18.2040000000,-0.0050156250
-18.2000000000,-0.0052343750
-18.1960000000,-0.0048906250
-18.1920000000,-0.0049218750
-18.1880000000,-0.0049531250
-18.1840000000,-0.0050625000
-18.1800000000,-0.0049843750
-18.1760000000,-0.0051875000
-18.1720000000,-0.0049687500
-18.1680000000,-0.0052656250
-18.1640000000,-0.0051406250
-18.1600000000,-0.0046562500
-18.1560000000,-0.0051406250
-18.1520000000,-0.0050625000
-18.1480000000,-0.0050156250
-18.1440000000,-0.0051718750
-18.1400000000,-0.0048437500
-18.1360000000,-0.0051718750
-18.1320000000,-0.0049218750
-18.1280000000,-0.0049062500
-18.1240000000,-0.0050937500
-18.1200000000,-0.0050625000
-18.1160000000,-0.0051406250
-18.1120000000,-0.0051562500
-18.1080000000,-0.0050312500
-18.1040000000,-0.0048750000
-18.1000000000,-0.0051250000
-18.0960000000,-0.0050937500
-18.0920000000,-0.0051250000
-18.0880000000,-0.0050937500
-18.0840000000,-0.0048906250
-18.0800000000,-0.0050000000
-18.0760000000,-0.0049687500
-18.0720000000,-0.0049843750
-18.0680000000,-0.0048906250
-18.0640000000,-0.0051562500
-18.0600000000,-0.0048906250
-18.0560000000,-0.0051093750
-18.0520000000,-0.0050312500
-18.0480000000,-0.0049375000
-18.0440000000,-0.0049375000
-18.0400000000,-0.0052500000
-18.0360000000,-0.0049687500
-18.0320000000,-0.0047812500
-18.0280000000,-0.0052031250
-18.0240000000,-0.0051406250
-18.0200000000,-0.0050625000
-18.0160000000,-0.0050468750
-18.0120000000,-0.0049218750
-18.0080000000,-0.0050937500
-18.0040000000,-0.0051562500
-18.0000000000,-0.0048437500
-17.9960000000,-0.0048750000
-17.9920000000,-0.0050312500
-17.9880000000,-0.0048906250
-17.9840000000,-0.0050781250
-17.9800000000,-0.0050468750
-17.9760000000,-0.0048906250
-17.9720000000,-0.0051875000
-17.9680000000,-0.0050000000
-17.9640000000,-0.0050468750
-17.9600000000,-0.0048750000
-17.9560000000,-0.0047968750
-17.9520000000,-0.0051875000
-17.9480000000,-0.0049062500
-17.9440000000,-0.0049062500
-17.9400000000,-0.0048750000
-17.9360000000,-0.0051093750
-17.9320000000,-0.0049062500
-17.9280000000,-0.0049375000
-17.9240000000,-0.0050937500
-17.9200000000,-0.0050312500
-17.9160000000,-0.0050781250
-17.9120000000,-0.0053125000
-17.9080000000,-0.0050000000
-17.9040000000,-0.0048593750
-17.9000000000,-0.0050312500
-17.8960000000,-0.0050312500
-17.8920000000,-0.0049687500
-17.8880000000,-0.0048437500
-17.8840000000,-0.0048906250
-17.8800000000,-0.0050625000
-17.8760000000,-0.0049843750
-17.8720000000,-0.0049218750
-17.8680000000,-0.0052812500
-17.8640000000,-0.0050781250
-17.8600000000,-0.0050156250
-17.8560000000,-0.0050937500
-17.8520000000,-0.0050468750
-17.8480000000,-0.0047187500
-17.8440000000,-0.0051875000
-17.8400000000,-0.0051093750
-17.8360000000,-0.0051250000
-17.8320000000,-0.0048281250
-17.8280000000,-0.0049218750
-17.8240000000,-0.0049843750
-17.8200000000,-0.0048281250
-17.8160000000,-0.0050156250
-17.8120000000,-0.0047656250
-17.8080000000,-0.0051562500
-17.8040000000,-0.0048750000
-17.8000000000,-0.0051562500
-17.7960000000,-0.0051406250
-17.7920000000,-0.0049843750
-17.7880000000,-0.0049687500
-17.7840000000,-0.0051093750
-17.7800000000,-0.0050781250
-17.7760000000,-0.0050625000
-17.7720000000,-0.0050156250
-17.7680000000,-0.0050156250
-17.7640000000,-0.0051250000
-17.7600000000,-0.0050625000
-17.7560000000,-0.0048593750
-17.7520000000,-0.0050156250
-17.7480000000,-0.0048906250
-17.7440000000,-0.0049062500
-17.7400000000,-0.0051562500
-17.7360000000,-0.0051562500
-17.7320000000,-0.0048906250
-17.7280000000,-0.0050625000
-17.7240000000,-0.0049531250
-17.7200000000,-0.0049062500
-17.7160000000,-0.0052187500
-17.7120000000,-0.0050781250
-17.7080000000,-0.0050625000
-17.7040000000,-0.0050625000
-17.7000000000,-0.0051093750
-17.6960000000,-0.0051562500
-17.6920000000,-0.0047656250
-17.6880000000,-0.0052031250
-17.6840000000,-0.0047968750
-17.6800000000,-0.0051406250
-17.6760000000,-0.0047656250
-17.6720000000,-0.0049062500
-17.6680000000,-0.0050625000
-17.6640000000,-0.0048437500
-17.6600000000,-0.0050468750
-17.6560000000,-0.0051875000
-17.6520000000,-0.0049375000
-17.6480000000,-0.0047656250
-17.6440000000,-0.0050468750
-17.6400000000,-0.0049687500
-17.6360000000,-0.0052031250
-17.6320000000,-0.0052031250
-17.6280000000,-0.0047343750
-17.6240000000,-0.0051562500
-17.6200000000,-0.0050625000
-17.6160000000,-0.0048593750
-17.6120000000,-0.0051406250
-17.6080000000,-0.0050781250
-17.6040000000,-0.0047656250
-17.6000000000,-0.0051718750
-17.5960000000,-0.0050312500
-17.5920000000,-0.0048125000
-17.5880000000,-0.0051718750
-17.5840000000,-0.0048906250
-17.5800000000,-0.0050625000
-17.5760000000,-0.0049375000
-17.5720000000,-0.0048281250
-17.5680000000,-0.0050781250
-17.5640000000,-0.0048750000
-17.5600000000,-0.0049375000
-17.5560000000,-0.0048281250
-17.5520000000,-0.0050312500
-17.5480000000,-0.0049218750
-17.5440000000,-0.0051250000
-17.5400000000,-0.0050468750
-17.5360000000,-0.0049062500
-17.5320000000,-0.0049687500
-17.5280000000,-0.0052500000
-17.5240000000,-0.0050468750
-17.5200000000,-0.0047656250
-17.5160000000,-0.0050937500
-17.5120000000,-0.0049218750
-17.5080000000,-0.0048593750
-17.5040000000,-0.0052968750
-17.5000000000,-0.0048437500
-17.4960000000,-0.0052031250
-17.4920000000,-0.0050781250
-17.4880000000,-0.0048750000
-17.4840000000,-0.0051406250
-17.4800000000,-0.0049531250
-17.4760000000,-0.0048437500
-17.4720000000,-0.0051406250
-17.4680000000,-0.0049531250
-17.4640000000,-0.0048125000
-17.4600000000,-0.0050937500
-17.4560000000,-0.0049687500
-17.4520000000,-0.0051250000
-17.4480000000,-0.0048125000
-17.4440000000,-0.0048593750
-17.4400000000,-0.0051718750
-17.4360000000,-0.0048906250
-17.4320000000,-0.0050625000
-17.4280000000,-0.0048750000
-17.4240000000,-0.0050625000
-17.4200000000,-0.0048281250
-17.4160000000,-0.0049375000
-17.4120000000,-0.0050000000
-17.4080000000,-0.0050781250
-17.4040000000,-0.0051406250
-17.4000000000,-0.0052656250
-17.3960000000,-0.0048593750
-17.3920000000,-0.0046875000
-17.3880000000,-0.0050625000
-17.3840000000,-0.0049843750
-17.3800000000,-0.0050781250
-17.3760000000,-0.0052031250
-17.3720000000,-0.0048906250
-17.3680000000,-0.0051250000
-17.3640000000,-0.0051875000
-17.3600000000,-0.0048906250
-17.3560000000,-0.0051718750
-17.3520000000,-0.0051406250
-17.3480000000,-0.0049218750
-17.3440000000,-0.0049843750
-17.3400000000,-0.0049218750
-17.3360000000,-0.0050625000
-17.3320000000,-0.0051093750
-17.3280000000,-0.0050000000
-17.3240000000,-0.0051562500
-17.3200000000,-0.0049062500
-17.3160000000,-0.0048750000
-17.3120000000,-0.0050625000
-17.3080000000,-0.0051250000
-17.3040000000,-0.0050625000
-17.3000000000,-0.0048906250
-17.2960000000,-0.0050781250
-17.2920000000,-0.0047031250
-17.2880000000,-0.0051250000
-17.2840000000,-0.0049531250
-17.2800000000,-0.0050781250
-17.2760000000,-0.0050781250
-17.2720000000,-0.0052968750
-17.2680000000,-0.0048906250
-17.2640000000,-0.0050468750
-17.2600000000,-0.0050468750
-17.2560000000,-0.0050625000
-17.2520000000,-0.0050156250
-17.2480000000,-0.0050937500
-17.2440000000,-0.0050625000
-17.2400000000,-0.0050937500
-17.2360000000,-0.0049218750
-17.2320000000,-0.0048125000
-17.2280000000,-0.0052500000
-17.2240000000,-0.0050312500
-17.2200000000,-0.0050156250
-17.2160000000,-0.0051093750
-17.2120000000,-0.0049062500
-17.2080000000,-0.0048750000
-17.2040000000,-0.0050937500
-17.2000000000,-0.0050468750
-17.1960000000,-0.0050937500
-17.1920000000,-0.0049062500
-17.1880000000,-0.0048906250
-17.1840000000,-0.0051406250
-17.1800000000,-0.0048125000
-17.1760000000,-0.0052812500
-17.1720000000,-0.0049062500
-17.1680000000,-0.0051250000
-17.1640000000,-0.0049375000
-17.1600000000,-0.0050156250
-17.1560000000,-0.0050156250
-17.1520000000,-0.0051093750
-17.1480000000,-0.0051093750
-17.1440000000,-0.0051562500
-17.1400000000,-0.0047968750
-17.1360000000,-0.0050312500
-17.1320000000,-0.0050156250
-17.1280000000,-0.0050000000
-17.1240000000,-0.0049375000
-17.1200000000,-0.0048281250
-17.1160000000,-0.0048906250
-17.1120000000,-0.0051718750
-17.1080000000,-0.0051718750
-17.1040000000,-0.0049843750
-17.1000000000,-0.0049531250
-17.0960000000,-0.0050156250
-17.0920000000,-0.0048437500
-17.0880000000,-0.0050937500
-17.0840000000,-0.0050468750
-17.0800000000,-0.0050000000
-17.0760000000,-0.0051250000
-17.0720000000,-0.0050312500
-17.0680000000,-0.0051093750
-17.0640000000,-0.0048906250
-17.0600000000,-0.0051718750
-17.0560000000,-0.0051093750
-17.0520000000,-0.0050781250
-17.0480000000,-0.0049062500
-17.0440000000,-0.0049062500
-17.0400000000,-0.0052343750
-17.0360000000,-0.0049218750
-17.0320000000,-0.0050781250
-17.0280000000,-0.0049531250
-17.0240000000,-0.0052500000
-17.0200000000,-0.0050468750
-17.0160000000,-0.0052343750
-17.0120000000,-0.0048750000
-17.0080000000,-0.0049843750
-17.0040000000,-0.0049375000
-17.0000000000,-0.0051562500
-16.9960000000,-0.0049843750
-16.9920000000,-0.0050625000
-16.9880000000,-0.0049375000
-16.9840000000,-0.0050000000
-16.9800000000,-0.0050312500
-16.9760000000,-0.0049218750
-16.9720000000,-0.0052031250
-16.9680000000,-0.0049531250
-16.9640000000,-0.0048750000
-16.9600000000,-0.0050937500
-16.9560000000,-0.0050625000
-16.9520000000,-0.0049687500
-16.9480000000,-0.0051250000
-16.9440000000,-0.0050156250
-16.9400000000,-0.0051093750
-16.9360000000,-0.0048437500
-16.9320000000,-0.0049375000
-16.9280000000,-0.0051875000
-16.9240000000,-0.0050781250
-16.9200000000,-0.0051093750
-16.9160000000,-0.0049218750
-16.9120000000,-0.0050781250
-16.9080000000,-0.0050312500
-16.9040000000,-0.0052031250
-16.9000000000,-0.0050781250
-16.8960000000,-0.0050000000
-16.8920000000,-0.0050937500
-16.8880000000,-0.0051875000
-16.8840000000,-0.0049062500
-16.8800000000,-0.0047343750
-16.8760000000,-0.0050625000
-16.8720000000,-0.0050937500
-16.8680000000,-0.0051406250
-16.8640000000,-0.0049375000
-16.8600000000,-0.0050312500
-16.8560000000,-0.0052968750
-16.8520000000,-0.0049531250
-16.8480000000,-0.0049062500
-16.8440000000,-0.0050000000
-16.8400000000,-0.0050468750
-16.8360000000,-0.0049375000
-16.8320000000,-0.0050156250
-16.8280000000,-0.0050312500
-16.8240000000,-0.0049687500
-16.8200000000,-0.0052031250
-16.8160000000,-0.0050468750
-16.8120000000,-0.0050781250
-16.8080000000,-0.0048437500
-16.8040000000,-0.0051093750
-16.8000000000,-0.0050468750
-16.7960000000,-0.0049531250
-16.7920000000,-0.0050156250
-16.7880000000,-0.0048906250
-16.7840000000,-0.0050000000
-16.7800000000,-0.0049375000
-16.7760000000,-0.0050156250
-16.7720000000,-0.0051093750
-16.7680000000,-0.0049687500
-16.7640000000,-0.0050156250
-16.7600000000,-0.0053125000
-16.7560000000,-0.0047968750
-16.7520000000,-0.0049531250
-16.7480000000,-0.0048906250
-16.7440000000,-0.0048125000
-16.7400000000,-0.0050937500
-16.7360000000,-0.0051250000
-16.7320000000,-0.0048906250
-16.7280000000,-0.0050781250
-16.7240000000,-0.0051250000
-16.7200000000,-0.0047968750
-16.7160000000,-0.0051718750
-16.7120000000,-0.0048750000
-16.7080000000,-0.0050781250
-16.7040000000,-0.0050156250
-16.7000000000,-0.0050156250
-16.6960000000,-0.0048906250
-16.6920000000,-0.0051718750
-16.6880000000,-0.0049218750
-16.6840000000,-0.0049687500
-16.6800000000,-0.0049531250
-16.6760000000,-0.0048125000
-16.6720000000,-0.0051875000
-16.6680000000,-0.0050156250
-16.6640000000,-0.0048593750
-16.6600000000,-0.0050000000
-16.6560000000,-0.0049687500
-16.6520000000,-0.0050468750
-16.6480000000,-0.0050937500
-16.6440000000,-0.0050468750
-16.6400000000,-0.0048593750
-16.6360000000,-0.0050937500
-16.6320000000,-0.0052187500
-16.6280000000,-0.0049218750
-16.6240000000,-0.0048125000
-16.6200000000,-0.0050625000
-16.6160000000,-0.0051093750
-16.6120000000,-0.0051093750
-16.6080000000,-0.0050937500
-16.6040000000,-0.0050000000
-16.6000000000,-0.0049687500
-16.5960000000,-0.0051093750
-16.5920000000,-0.0046406250
-16.5880000000,-0.0049531250
-16.5840000000,-0.0049687500
-16.5800000000,-0.0050312500
-16.5760000000,-0.0050000000
-16.5720000000,-0.0049375000
-16.5680000000,-0.0048281250
-16.5640000000,-0.0050937500
-16.5600000000,-0.0050781250
-16.5560000000,-0.0050312500
-16.5520000000,-0.0047968750
-16.5480000000,-0.0049843750
-16.5440000000,-0.0051718750
-16.5400000000,-0.0051406250
-16.5360000000,-0.0050937500
-16.5320000000,-0.0049687500
-16.5280000000,-0.0051250000
-16.5240000000,-0.0049843750
-16.5200000000,-0.0050468750
-16.5160000000,-0.0050468750
-16.5120000000,-0.0049687500
-16.5080000000,-0.0050468750
-16.5040000000,-0.0052031250
-16.5000000000,-0.0049062500
-16.4960000000,-0.0048750000
-16.4920000000,-0.0047812500
-16.4880000000,-0.0050000000
-16.4840000000,-0.0051250000
-16.4800000000,-0.0052343750
-16.4760000000,-0.0046875000
-16.4720000000,-0.0051250000
-16.4680000000,-0.0050625000
-16.4640000000,-0.0049062500
-16.4600000000,-0.0051406250
-16.4560000000,-0.0050781250
-16.4520000000,-0.0050937500
-16.4480000000,-0.0050937500
-16.4440000000,-0.0050312500
-16.4400000000,-0.0048281250
-16.4360000000,-0.0051875000
-16.4320000000,-0.0049687500
-16.4280000000,-0.0049531250
-16.4240000000,-0.0048906250
-16.4200000000,-0.0049218750
-16.4160000000,-0.0049687500
-16.4120000000,-0.0050468750
-16.4080000000,-0.0050312500
-16.4040000000,-0.0049062500
-16.4000000000,-0.0049843750
-16.3960000000,-0.0048437500
-16.3920000000,-0.0049687500
-16.3880000000,-0.0050312500
-16.3840000000,-0.0049687500
-16.3800000000,-0.0049687500
-16.3760000000,-0.0051875000
-16.3720000000,-0.0048593750
-16.3680000000,-0.0050312500
-16.3640000000,-0.0050156250
-16.3600000000,-0.0050937500
-16.3560000000,-0.0049062500
-16.3520000000,-0.0051406250
-16.3480000000,-0.0050156250
-16.3440000000,-0.0052500000
-16.3400000000,-0.0050781250
-16.3360000000,-0.0048281250
-16.3320000000,-0.0050000000
-16.3280000000,-0.0049843750
-16.3240000000,-0.0050312500
-16.3200000000,-0.0050000000
-16.3160000000,-0.0050312500
-16.3120000000,-0.0050312500
-16.3080000000,-0.0050625000
-16.3040000000,-0.0048281250
-16.3000000000,-0.0051406250
-16.2960000000,-0.0048437500
-16.2920000000,-0.0048906250
-16.2880000000,-0.0050156250
-16.2840000000,-0.0049375000
-16.2800000000,-0.0051250000
-16.2760000000,-0.0049687500
-16.2720000000,-0.0050312500
-16.2680000000,-0.0050000000
-16.2640000000,-0.0050312500
-16.2600000000,-0.0050937500
-16.2560000000,-0.0051093750
-16.2520000000,-0.0049531250
-16.2480000000,-0.0051250000
-16.2440000000,-0.0049531250
-16.2400000000,-0.0048437500
-16.2360000000,-0.0049687500
-16.2320000000,-0.0050937500
-16.2280000000,-0.0050625000
-16.2240000000,-0.0049687500
-16.2200000000,-0.0049375000
-16.2160000000,-0.0050468750
-16.2120000000,-0.0049687500
-16.2080000000,-0.0048437500
-16.2040000000,-0.0051250000
-16.2000000000,-0.0049843750
-16.1960000000,-0.0048906250
-16.1920000000,-0.0052031250
-16.1880000000,-0.0050156250
-16.1840000000,-0.0048750000
-16.1800000000,-0.0050625000
-16.1760000000,-0.0049062500
-16.1720000000,-0.0051875000
-16.1680000000,-0.0049531250
-16.1640000000,-0.0048125000
-16.1600000000,-0.0050312500
-16.1560000000,-0.0049218750
-16.1520000000,-0.0051250000
-16.1480000000,-0.0048906250
-16.1440000000,-0.0050781250
-16.1400000000,-0.0049687500
-16.1360000000,-0.0051718750
-16.1320000000,-0.0050156250
-16.1280000000,-0.0050156250
-16.1240000000,-0.0050468750
-16.1200000000,-0.0052812500
-16.1160000000,-0.0048906250
-16.1120000000,-0.0047656250
-16.1080000000,-0.0049687500
-16.1040000000,-0.0049531250
-16.1000000000,-0.0049218750
-16.0960000000,-0.0050000000
-16.0920000000,-0.0051093750
-16.0880000000,-0.0051718750
-16.0840000000,-0.0051718750
-16.0800000000,-0.0046875000
-16.0760000000,-0.0052343750
-16.0720000000,-0.0050312500
-16.0680000000,-0.0048281250
-16.0640000000,-0.0050937500
-16.0600000000,-0.0050156250
-16.0560000000,-0.0048281250
-16.0520000000,-0.0051562500
-16.0480000000,-0.0049062500
-16.0440000000,-0.0050312500
-16.0400000000,-0.0048906250
-16.0360000000,-0.0048750000
-16.0320000000,-0.0051718750
-16.0280000000,-0.0048593750
-16.0240000000,-0.0052656250
-16.0200000000,-0.0049687500
-16.0160000000,-0.0051406250
-16.0120000000,-0.0049218750
-16.0080000000,-0.0048750000
-16.0040000000,-0.0051406250
-16.0000000000,-0.0050156250
-15.9960000000,-0.0049218750
-15.9920000000,-0.0051250000
-15.9880000000,-0.0049843750
-15.9840000000,-0.0046875000
-15.9800000000,-0.0051406250
-15.9760000000,-0.0050000000
-15.9720000000,-0.0050312500
-15.9680000000,-0.0051093750
-15.9640000000,-0.0050156250
-15.9600000000,-0.0048906250
-15.9560000000,-0.0050468750
-15.9520000000,-0.0049687500
-15.9480000000,-0.0050625000
-15.9440000000,-0.0049218750
-15.9400000000,-0.0049843750
-15.9360000000,-0.0050000000
-15.9320000000,-0.0050156250
-15.9280000000,-0.0048750000
-15.9240000000,-0.0051562500
-15.9200000000,-0.0047968750
-15.9160000000,-0.0051093750
-15.9120000000,-0.0048437500
-15.9080000000,-0.0049062500
-15.9040000000,-0.0051562500
-15.9000000000,-0.0048906250
-15.8960000000,-0.0050468750
-15.8920000000,-0.0049843750
-15.8880000000,-0.0050312500
-15.8840000000,-0.0049375000
-15.8800000000,-0.0048906250
-15.8760000000,-0.0049531250
-15.8720000000,-0.0049218750
-15.8680000000,-0.0050468750
-15.8640000000,-0.0051875000
-15.8600000000,-0.0050468750
-15.8560000000,-0.0047500000
-15.8520000000,-0.0050156250
-15.8480000000,-0.0049218750
-15.8440000000,-0.0052031250
-15.8400000000,-0.0050468750
-15.8360000000,-0.0052031250
-15.8320000000,-0.0051093750
-15.8280000000,-0.0052031250
-15.8240000000,-0.0047968750
-15.8200000000,-0.0052500000
-15.8160000000,-0.0049531250
-15.8120000000,-0.0049531250
-15.8080000000,-0.0050937500
-15.8040000000,-0.0050781250
-15.8000000000,-0.0050000000
-15.7960000000,-0.0051875000
-15.7920000000,-0.0050468750
-15.7880000000,-0.0051250000
-15.7840000000,-0.0048750000
-15.7800000000,-0.0047812500
-15.7760000000,-0.0051562500
-15.7720000000,-0.0047968750
-15.7680000000,-0.0050156250
-15.7640000000,-0.0050625000
-15.7600000000,-0.0050781250
-15.7560000000,-0.0049218750
-15.7520000000,-0.0050625000
-15.7480000000,-0.0050312500
-15.7440000000,-0.0050312500
-15.7400000000,-0.0049531250
-15.7360000000,-0.0052187500
-15.7320000000,-0.0048750000
-15.7280000000,-0.0049843750
-15.7240000000,-0.0049687500
-15.7200000000,-0.0050781250
-15.7160000000,-0.0050156250
-15.7120000000,-0.0051406250
-15.7080000000,-0.0048906250
-15.7040000000,-0.0050937500
-15.7000000000,-0.0050937500
-15.6960000000,-0.0048125000
-15.6920000000,-0.0049843750
-15.6880000000,-0.0051250000
-15.6840000000,-0.0049531250
-15.6800000000,-0.0050625000
-15.6760000000,-0.0051093750
-15.6720000000,-0.0049218750
-15.6680000000,-0.0052343750
-15.6640000000,-0.0049062500
-15.6600000000,-0.0051093750
-15.6560000000,-0.0048437500
-15.6520000000,-0.0049062500
-15.6480000000,-0.0051093750
-15.6440000000,-0.0049062500
-15.6400000000,-0.0049687500
-15.6360000000,-0.0047187500
-15.6320000000,-0.0049843750
-15.6280000000,-0.0049531250
-15.6240000000,-0.0050000000
-15.6200000000,-0.0048750000
-15.6160000000,-0.0048593750
-15.6120000000,-0.0049843750
-15.6080000000,-0.0051875000
-15.6040000000,-0.0050781250
-15.6000000000,-0.0048750000
-15.5960000000,-0.0048593750
-15.5920000000,-0.0049687500
-15.5880000000,-0.0051562500
-15.5840000000,-0.0050000000
-15.5800000000,-0.0050156250
-15.5760000000,-0.0050156250
-15.5720000000,-0.0050000000
-15.5680000000,-0.0047812500
-15.5640000000,-0.0050937500
-15.5600000000,-0.0049531250
-15.5560000000,-0.0048281250
-15.5520000000,-0.0051250000
-15.5480000000,-0.0049531250
-15.5440000000,-0.0047500000
-15.5400000000,-0.0050781250
-15.5360000000,-0.0047968750
-15.5320000000,-0.0049375000
-15.5280000000,-0.0050625000
-15.5240000000,-0.0050625000
-15.5200000000,-0.0052187500
-15.5160000000,-0.0049531250
-15.5120000000,-0.0052812500
-15.5080000000,-0.0049218750
-15.5040000000,-0.0050781250
-15.5000000000,-0.0050937500
-15.4960000000,-0.0049843750
-15.4920000000,-0.0049375000
-15.4880000000,-0.0049062500
-15.4840000000,-0.0051250000
-15.4800000000,-0.0051718750
-15.4760000000,-0.0049843750
-15.4720000000,-0.0050000000
-15.4680000000,-0.0049062500
-15.4640000000,-0.0049375000
-15.4600000000,-0.0050312500
-15.4560000000,-0.0051718750
-15.4520000000,-0.0049687500
-15.4480000000,-0.0050625000
-15.4440000000,-0.0049843750
-15.4400000000,-0.0047812500
-15.4360000000,-0.0051562500
-15.4320000000,-0.0051250000
-15.4280000000,-0.0050468750
-15.4240000000,-0.0048437500
-15.4200000000,-0.0051562500
-15.4160000000,-0.0049531250
-15.4120000000,-0.0051093750
-15.4080000000,-0.0049062500
-15.4040000000,-0.0050625000
-15.4000000000,-0.0046562500
-15.3960000000,-0.0050000000
-15.3920000000,-0.0051406250
-15.3880000000,-0.0048750000
-15.3840000000,-0.0049531250
-15.3800000000,-0.0049218750
-15.3760000000,-0.0051718750
-15.3720000000,-0.0050312500
-15.3680000000,-0.0050468750
-15.3640000000,-0.0051093750
-15.3600000000,-0.0049843750
-15.3560000000,-0.0050781250
-15.3520000000,-0.0051562500
-15.3480000000,-0.0048593750
-15.3440000000,-0.0050156250
-15.3400000000,-0.0049687500
-15.3360000000,-0.0051250000
-15.3320000000,-0.0049687500
-15.3280000000,-0.0050781250
-15.3240000000,-0.0049843750
-15.3200000000,-0.0051562500
-15.3160000000,-0.0049062500
-15.3120000000,-0.0048750000
-15.3080000000,-0.0052343750
-15.3040000000,-0.0050156250
-15.3000000000,-0.0050000000
-15.2960000000,-0.0051406250
-15.2920000000,-0.0050156250
-15.2880000000,-0.0049375000
-15.2840000000,-0.0052031250
-15.2800000000,-0.0049062500
-15.2760000000,-0.0049843750
-15.2720000000,-0.0048750000
-15.2680000000,-0.0049062500
-15.2640000000,-0.0051875000
-15.2600000000,-0.0048125000
-15.2560000000,-0.0049375000
-15.2520000000,-0.0049375000
-15.2480000000,-0.0051250000
-15.2440000000,-0.0049531250
-15.2400000000,-0.0051875000
-15.2360000000,-0.0051093750
-15.2320000000,-0.0050000000
-15.2280000000,-0.0049687500
-15.2240000000,-0.0050312500
-15.2200000000,-0.0051250000
-15.2160000000,-0.0048281250
-15.2120000000,-0.0048593750
-15.2080000000,-0.0050312500
-15.2040000000,-0.0051718750
-15.2000000000,-0.0050781250
-15.1960000000,-0.0050468750
-15.1920000000,-0.0050781250
-15.1880000000,-0.0049531250
-15.1840000000,-0.0048906250
-15.1800000000,-0.0050937500
-15.1760000000,-0.0051093750
-15.1720000000,-0.0051250000
-15.1680000000,-0.0049843750
-15.1640000000,-0.0050000000
-15.1600000000,-0.0049687500
-15.1560000000,-0.0052500000
-15.1520000000,-0.0047656250
-15.1480000000,-0.0051093750
-15.1440000000,-0.0049218750
-15.1400000000,-0.0049843750
-15.1360000000,-0.0050937500
-15.1320000000,-0.0049531250
-15.1280000000,-0.0050937500
-15.1240000000,-0.0048437500
-15.1200000000,-0.0050312500
-15.1160000000,-0.0050312500
-15.1120000000,-0.0049375000
-15.1080000000,-0.0051250000
-15.1040000000,-0.0049531250
-15.1000000000,-0.0050781250
-15.0960000000,-0.0050781250
-15.0920000000,-0.0049375000
-15.0880000000,-0.0049062500
-15.0840000000,-0.0049843750
-15.0800000000,-0.0050781250
-15.0760000000,-0.0050312500
-15.0720000000,-0.0051250000
-15.0680000000,-0.0050000000
-15.0640000000,-0.0051093750
-15.0600000000,-0.0049687500
-15.0560000000,-0.0048750000
-15.0520000000,-0.0051250000
-15.0480000000,-0.0050625000
-15.0440000000,-0.0048437500
-15.0400000000,-0.0050468750
-15.0360000000,-0.0050468750
-15.0320000000,-0.0049687500
-15.0280000000,-0.0052187500
-15.0240000000,-0.0050000000
-15.0200000000,-0.0049218750
-15.0160000000,-0.0052031250
-15.0120000000,-0.0050937500
-15.0080000000,-0.0050937500
-15.0040000000,-0.0049687500
-15.0000000000,-0.0050468750
-14.9960000000,-0.0049687500
-14.9920000000,-0.0051562500
-14.9880000000,-0.0050781250
-14.9840000000,-0.0049062500
-14.9800000000,-0.0050937500
-14.9760000000,-0.0050156250
-14.9720000000,-0.0049843750
-14.9680000000,-0.0051875000
-14.9640000000,-0.0051093750
-14.9600000000,-0.0050468750
-14.9560000000,-0.0052031250
-14.9520000000,-0.0052343750
-14.9480000000,-0.0050625000
-14.9440000000,-0.0049375000
-14.9400000000,-0.0050312500
-14.9360000000,-0.0049843750
-14.9320000000,-0.0050625000
-14.9280000000,-0.0048437500
-14.9240000000,-0.0051718750
-14.9200000000,-0.0049531250
-14.9160000000,-0.0048906250
-14.9120000000,-0.0050000000
-14.9080000000,-0.0050312500
-14.9040000000,-0.0051250000
-14.9000000000,-0.0050937500
-14.8960000000,-0.0047968750
-14.8920000000,-0.0050468750
-14.8880000000,-0.0051718750
-14.8840000000,-0.0048281250
-14.8800000000,-0.0050312500
-14.8760000000,-0.0049531250
-14.8720000000,-0.0050000000
-14.8680000000,-0.0047812500
-14.8640000000,-0.0049687500
-14.8600000000,-0.0049062500
-14.8560000000,-0.0050312500
-14.8520000000,-0.0050156250
-14.8480000000,-0.0048125000
-14.8440000000,-0.0050312500
-14.8400000000,-0.0051718750
-14.8360000000,-0.0051406250
-14.8320000000,-0.0049375000
-14.8280000000,-0.0049531250
-14.8240000000,-0.0051250000
-14.8200000000,-0.0050156250
-14.8160000000,-0.0050468750
-14.8120000000,-0.0049375000
-14.8080000000,-0.0050781250
-14.8040000000,-0.0050312500
-14.8000000000,-0.0046875000
-14.7960000000,-0.0052187500
-14.7920000000,-0.0050312500
-14.7880000000,-0.0049843750
-14.7840000000,-0.0049843750
-14.7800000000,-0.0050781250
-14.7760000000,-0.0048125000
-14.7720000000,-0.0051250000
-14.7680000000,-0.0049218750
-14.7640000000,-0.0050156250
-14.7600000000,-0.0049062500
-14.7560000000,-0.0050937500
-14.7520000000,-0.0050625000
-14.7480000000,-0.0047031250
-14.7440000000,-0.0050937500
-14.7400000000,-0.0049218750
-14.7360000000,-0.0050312500
-14.7320000000,-0.0051406250
-14.7280000000,-0.0049531250
-14.7240000000,-0.0051718750
-14.7200000000,-0.0048750000
-14.7160000000,-0.0049843750
-14.7120000000,-0.0052031250
-14.7080000000,-0.0049375000
-14.7040000000,-0.0050156250
-14.7000000000,-0.0049375000
-14.6960000000,-0.0049843750
-14.6920000000,-0.0050468750
-14.6880000000,-0.0051562500
-14.6840000000,-0.0050781250
-14.6800000000,-0.0049843750
-14.6760000000,-0.0049843750
-14.6720000000,-0.0049218750
-14.6680000000,-0.0052500000
-14.6640000000,-0.0049843750
-14.6600000000,-0.0048437500
-14.6560000000,-0.0050000000
-14.6520000000,-0.0049218750
-14.6480000000,-0.0050312500
-14.6440000000,-0.0051562500
-14.6400000000,-0.0047031250
-14.6360000000,-0.0050000000
-14.6320000000,-0.0050000000
-14.6280000000,-0.0050312500
-14.6240000000,-0.0051562500
-14.6200000000,-0.0049687500
-14.6160000000,-0.0052968750
-14.6120000000,-0.0049218750
-14.6080000000,-0.0050000000
-14.6040000000,-0.0050312500
-14.6000000000,-0.0048593750
-14.5960000000,-0.0049843750
-14.5920000000,-0.0049218750
-14.5880000000,-0.0049687500
-14.5840000000,-0.0051875000
-14.5800000000,-0.0048125000
-14.5760000000,-0.0050468750
-14.5720000000,-0.0049062500
-14.5680000000,-0.0050156250
-14.5640000000,-0.0051093750
-14.5600000000,-0.0051718750
-14.5560000000,-0.0050312500
-14.5520000000,-0.0052187500
-14.5480000000,-0.0050000000
-14.5440000000,-0.0049062500
-14.5400000000,-0.0049843750
-14.5360000000,-0.0050000000
-14.5320000000,-0.0049687500
-14.5280000000,-0.0050000000
-14.5240000000,-0.0049843750
-14.5200000000,-0.0048125000
-14.5160000000,-0.0052031250
-14.5120000000,-0.0047500000
-14.5080000000,-0.0049687500
-14.5040000000,-0.0049375000
-14.5000000000,-0.0050468750
-14.4960000000,-0.0051406250
-14.4920000000,-0.0050625000
-14.4880000000,-0.0050781250
-14.4840000000,-0.0048437500
-14.4800000000,-0.0050781250
-14.4760000000,-0.0050312500
-14.4720000000,-0.0051406250
-14.4680000000,-0.0050000000
-14.4640000000,-0.0048437500
-14.4600000000,-0.0051406250
-14.4560000000,-0.0050468750
-14.4520000000,-0.0050468750
-14.4480000000,-0.0048906250
-14.4440000000,-0.0049062500
-14.4400000000,-0.0050781250
-14.4360000000,-0.0049687500
-14.4320000000,-0.0052343750
-14.4280000000,-0.0049687500
-14.4240000000,-0.0050937500
-14.4200000000,-0.0051250000
-14.4160000000,-0.0048750000
-14.4120000000,-0.0050468750
-14.4080000000,-0.0049531250
-14.4040000000,-0.0050156250
-14.4000000000,-0.0049218750
-14.3960000000,-0.0050625000
-14.3920000000,-0.0049843750
-14.3880000000,-0.0050312500
-14.3840000000,-0.0046875000
-14.3800000000,-0.0051562500
-14.3760000000,-0.0046406250
-14.3720000000,-0.0050781250
-14.3680000000,-0.0050937500
-14.3640000000,-0.0048750000
-14.3600000000,-0.0048750000
-14.3560000000,-0.0049375000
-14.3520000000,-0.0049843750
-14.3480000000,-0.0048437500
-14.3440000000,-0.0050468750
-14.3400000000,-0.0049843750
-14.3360000000,-0.0048125000
-14.3320000000,-0.0051718750
-14.3280000000,-0.0051406250
-14.3240000000,-0.0048437500
-14.3200000000,-0.0048593750
-14.3160000000,-0.0047812500
-14.3120000000,-0.0048750000
-14.3080000000,-0.0050156250
-14.3040000000,-0.0050937500
-14.3000000000,-0.0050156250
-14.2960000000,-0.0051250000
-14.2920000000,-0.0050625000
-14.2880000000,-0.0048750000
-14.2840000000,-0.0051250000
-14.2800000000,-0.0050312500
-14.2760000000,-0.0049843750
-14.2720000000,-0.0050468750
-14.2680000000,-0.0049375000
-14.2640000000,-0.0051406250
-14.2600000000,-0.0050625000
-14.2560000000,-0.0049531250
-14.2520000000,-0.0049687500
-14.2480000000,-0.0049218750
-14.2440000000,-0.0051406250
-14.2400000000,-0.0050937500
-14.2360000000,-0.0049531250
-14.2320000000,-0.0049062500
-14.2280000000,-0.0050156250
-14.2240000000,-0.0050156250
-14.2200000000,-0.0052031250
-14.2160000000,-0.0051250000
-14.2120000000,-0.0050781250
-14.2080000000,-0.0051250000
-14.2040000000,-0.0051250000
-14.2000000000,-0.0051718750
-14.1960000000,-0.0051250000
-14.1920000000,-0.0049843750
-14.1880000000,-0.0050625000
-14.1840000000,-0.0048906250
-14.1800000000,-0.0050468750
-14.1760000000,-0.0051718750
-14.1720000000,-0.0049843750
-14.1680000000,-0.0048437500
-14.1640000000,-0.0049062500
-14.1600000000,-0.0049062500
-14.1560000000,-0.0050937500
-14.1520000000,-0.0050937500
-14.1480000000,-0.0049531250
-14.1440000000,-0.0050000000
-14.1400000000,-0.0049062500
-14.1360000000,-0.0052031250
-14.1320000000,-0.0050312500
-14.1280000000,-0.0047343750
-14.1240000000,-0.0049218750
-14.1200000000,-0.0048906250
-14.1160000000,-0.0047968750
-14.1120000000,-0.0052031250
-14.1080000000,-0.0049218750
-14.1040000000,-0.0051406250
-14.1000000000,-0.0050937500
-14.0960000000,-0.0050625000
-14.0920000000,-0.0048437500
-14.0880000000,-0.0051093750
-14.0840000000,-0.0052187500
-14.0800000000,-0.0048906250
-14.0760000000,-0.0051093750
-14.0720000000,-0.0052031250
-14.0680000000,-0.0048906250
-14.0640000000,-0.0048906250
-14.0600000000,-0.0050000000
-14.0560000000,-0.0048906250
-14.0520000000,-0.0050000000
-14.0480000000,-0.0051250000
-14.0440000000,-0.0050156250
-14.0400000000,-0.0049687500
-14.0360000000,-0.0050156250
-14.0320000000,-0.0049843750
-14.0280000000,-0.0050625000
-14.0240000000,-0.0050468750
-14.0200000000,-0.0049687500
-14.0160000000,-0.0051093750
-14.0120000000,-0.0050000000
-14.0080000000,-0.0050156250
-14.0040000000,-0.0050937500
-14.0000000000,-0.0047968750
-13.9960000000,-0.0050937500
-13.9920000000,-0.0050468750
-13.9880000000,-0.0051093750
-13.9840000000,-0.0051875000
-13.9800000000,-0.0049218750
-13.9760000000,-0.0048906250
-13.9720000000,-0.0050000000
-13.9680000000,-0.0051718750
-13.9640000000,-0.0051406250
-13.9600000000,-0.0050937500
-13.9560000000,-0.0052031250
-13.9520000000,-0.0047812500
-13.9480000000,-0.0051093750
-13.9440000000,-0.0051562500
-13.9400000000,-0.0050312500
-13.9360000000,-0.0047343750
-13.9320000000,-0.0050781250
-13.9280000000,-0.0049218750
-13.9240000000,-0.0050000000
-13.9200000000,-0.0050781250
-13.9160000000,-0.0050781250
-13.9120000000,-0.0051093750
-13.9080000000,-0.0049687500
-13.9040000000,-0.0048125000
-13.9000000000,-0.0051562500
-13.8960000000,-0.0049375000
-13.8920000000,-0.0051093750
-13.8880000000,-0.0049531250
-13.8840000000,-0.0048906250
-13.8800000000,-0.0050937500
-13.8760000000,-0.0051093750
-13.8720000000,-0.0047500000
-13.8680000000,-0.0050312500
-13.8640000000,-0.0050312500
-13.8600000000,-0.0050000000
-13.8560000000,-0.0050781250
-13.8520000000,-0.0049062500
-13.8480000000,-0.0050937500
-13.8440000000,-0.0050781250
-13.8400000000,-0.0050781250
-13.8360000000,-0.0049843750
-13.8320000000,-0.0050468750
-13.8280000000,-0.0051406250
-13.8240000000,-0.0051093750
-13.8200000000,-0.0051875000
-13.8160000000,-0.0050937500
-13.8120000000,-0.0050312500
-13.8080000000,-0.0049843750
-13.8040000000,-0.0050156250
-13.8000000000,-0.0050312500
-13.7960000000,-0.0050468750
-13.7920000000,-0.0051250000
-13.7880000000,-0.0048750000
-13.7840000000,-0.0051562500
-13.7800000000,-0.0051250000
-13.7760000000,-0.0050625000
-13.7720000000,-0.0050625000
-13.7680000000,-0.0051406250
-13.7640000000,-0.0048906250
-13.7600000000,-0.0049687500
-13.7560000000,-0.0048906250
-13.7520000000,-0.0049375000
-13.7480000000,-0.0050781250
-13.7440000000,-0.0047656250
-13.7400000000,-0.0049843750
-13.7360000000,-0.0048906250
-13.7320000000,-0.0050000000
-13.7280000000,-0.0051406250
-13.7240000000,-0.0050000000
-13.7200000000,-0.0050625000
-13.7160000000,-0.0050468750
-13.7120000000,-0.0050156250
-13.7080000000,-0.0051406250
-13.7040000000,-0.0051250000
-13.7000000000,-0.0051406250
-13.6960000000,-0.0049218750
-13.6920000000,-0.0051093750
-13.6880000000,-0.0050781250
-13.6840000000,-0.0050468750
-13.6800000000,-0.0050312500
-13.6760000000,-0.0048437500
-13.6720000000,-0.0049531250
-13.6680000000,-0.0048750000
-13.6640000000,-0.0051093750
-13.6600000000,-0.0049687500
-13.6560000000,-0.0051250000
-13.6520000000,-0.0049843750
-13.6480000000,-0.0048437500
-13.6440000000,-0.0050937500
-13.6400000000,-0.0049843750
-13.6360000000,-0.0051250000
-13.6320000000,-0.0050781250
-13.6280000000,-0.0050000000
-13.6240000000,-0.0050937500
-13.6200000000,-0.0051562500
-13.6160000000,-0.0046093750
-13.6120000000,-0.0050312500
-13.6080000000,-0.0048437500
-13.6040000000,-0.0051250000
-13.6000000000,-0.0051093750
-13.5960000000,-0.0050468750
-13.5920000000,-0.0048593750
-13.5880000000,-0.0048593750
-13.5840000000,-0.0050781250
-13.5800000000,-0.0049218750
-13.5760000000,-0.0051093750
-13.5720000000,-0.0051250000
-13.5680000000,-0.0048125000
-13.5640000000,-0.0050781250
-13.5600000000,-0.0050781250
-13.5560000000,-0.0051250000
-13.5520000000,-0.0048750000
-13.5480000000,-0.0050468750
-13.5440000000,-0.0049687500
-13.5400000000,-0.0051250000
-13.5360000000,-0.0052500000
-13.5320000000,-0.0049218750
-13.5280000000,-0.0049375000
-13.5240000000,-0.0050000000
-13.5200000000,-0.0050468750
-13.5160000000,-0.0051718750
-13.5120000000,-0.0052031250
-13.5080000000,-0.0049843750
-13.5040000000,-0.0051406250
-13.5000000000,-0.0049843750
-13.4960000000,-0.0051093750
-13.4920000000,-0.0050468750
-13.4880000000,-0.0046250000
-13.4840000000,-0.0050937500
-13.4800000000,-0.0047500000
-13.4760000000,-0.0050781250
-13.4720000000,-0.0051406250
-13.4680000000,-0.0050000000
-13.4640000000,-0.0049843750
-13.4600000000,-0.0049531250
-13.4560000000,-0.0050000000
-13.4520000000,-0.0051093750
-13.4480000000,-0.0050156250
-13.4440000000,-0.0049843750
-13.4400000000,-0.0050000000
-13.4360000000,-0.0051406250
-13.4320000000,-0.0050468750
-13.4280000000,-0.0048750000
-13.4240000000,-0.0047812500
-13.4200000000,-0.0049531250
-13.4160000000,-0.0048593750
-13.4120000000,-0.0049062500
-13.4080000000,-0.0051718750
-13.4040000000,-0.0049531250
-13.4000000000,-0.0050625000
-13.3960000000,-0.0049843750
-13.3920000000,-0.0049687500
-13.3880000000,-0.0050156250
-13.3840000000,-0.0049062500
-13.3800000000,-0.0050000000
-13.3760000000,-0.0051406250
-13.3720000000,-0.0048906250
-13.3680000000,-0.0050468750
-13.3640000000,-0.0050937500
-13.3600000000,-0.0046875000
-13.3560000000,-0.0050156250
-13.3520000000,-0.0048281250
-13.3480000000,-0.0051562500
-13.3440000000,-0.0051406250
-13.3400000000,-0.0049843750
-13.3360000000,-0.0050937500
-13.3320000000,-0.0049375000
-13.3280000000,-0.0050937500
-13.3240000000,-0.0051093750
-13.3200000000,-0.0050156250
-13.3160000000,-0.0050781250
-13.3120000000,-0.0049218750
-13.3080000000,-0.0050781250
-13.3040000000,-0.0049375000
-13.3000000000,-0.0050937500
-13.2960000000,-0.0047812500
-13.2920000000,-0.0050156250
-13.2880000000,-0.0049375000
-13.2840000000,-0.0052500000
-13.2800000000,-0.0052031250
-13.2760000000,-0.0050000000
-13.2720000000,-0.0050937500
-13.2680000000,-0.0050781250
-13.2640000000,-0.0049062500
-13.2600000000,-0.0050468750
-13.2560000000,-0.0048750000
-13.2520000000,-0.0050156250
-13.2480000000,-0.0048906250
-13.2440000000,-0.0049687500
-13.2400000000,-0.0049062500
-13.2360000000,-0.0051250000
-13.2320000000,-0.0047968750
-13.2280000000,-0.0050000000
-13.2240000000,-0.0049687500
-13.2200000000,-0.0050781250
-13.2160000000,-0.0051093750
-13.2120000000,-0.0048437500
-13.2080000000,-0.0050937500
-13.2040000000,-0.0051093750
-13.2000000000,-0.0050625000
-13.1960000000,-0.0050000000
-13.1920000000,-0.0050625000
-13.1880000000,-0.0050468750
-13.1840000000,-0.0047656250
-13.1800000000,-0.0050937500
-13.1760000000,-0.0050312500
-13.1720000000,-0.0048906250
-13.1680000000,-0.0049375000
-13.1640000000,-0.0051562500
-13.1600000000,-0.0049218750
-13.1560000000,-0.0050312500
-13.1520000000,-0.0050468750
-13.1480000000,-0.0049375000
-13.1440000000,-0.0051250000
-13.1400000000,-0.0049687500
-13.1360000000,-0.0048593750
-13.1320000000,-0.0052187500
-13.1280000000,-0.0050156250
-13.1240000000,-0.0049687500
-13.1200000000,-0.0051718750
-13.1160000000,-0.0050000000
-13.1120000000,-0.0050468750
-13.1080000000,-0.0052812500
-13.1040000000,-0.0047031250
-13.1000000000,-0.0049687500
-13.0960000000,-0.0047812500
-13.0920000000,-0.0051406250
-13.0880000000,-0.0051093750
-13.0840000000,-0.0050312500
-13.0800000000,-0.0049375000
-13.0760000000,-0.0049687500
-13.0720000000,-0.0050937500
-13.0680000000,-0.0050781250
-13.0640000000,-0.0051093750
-13.0600000000,-0.0050312500
-13.0560000000,-0.0049375000
-13.0520000000,-0.0049843750
-13.0480000000,-0.0050937500
-13.0440000000,-0.0051562500
-13.0400000000,-0.0049218750
-13.0360000000,-0.0049687500
-13.0320000000,-0.0049687500
-13.0280000000,-0.0051562500
-13.0240000000,-0.0050000000
-13.0200000000,-0.0048750000
-13.0160000000,-0.0049531250
-13.0120000000,-0.0050156250
-13.0080000000,-0.0050156250
-13.0040000000,-0.0050781250
-13.0000000000,-0.0049375000
-12.9960000000,-0.0051406250
-12.9920000000,-0.0050156250
-12.9880000000,-0.0049531250
-12.9840000000,-0.0050000000
-12.9800000000,-0.0051250000
-12.9760000000,-0.0047968750
-12.9720000000,-0.0053125000
-12.9680000000,-0.0052031250
-12.9640000000,-0.0050781250
-12.9600000000,-0.0051406250
-12.9560000000,-0.0049843750
-12.9520000000,-0.0049218750
-12.9480000000,-0.0051093750
-12.9440000000,-0.0051093750
-12.9400000000,-0.0051406250
-12.9360000000,-0.0048437500
-12.9320000000,-0.0051406250
-12.9280000000,-0.0050000000
-12.9240000000,-0.0050156250
-12.9200000000,-0.0049531250
-12.9160000000,-0.0050625000
-12.9120000000,-0.0049531250
-12.9080000000,-0.0050156250
-12.9040000000,-0.0048906250
-12.9000000000,-0.0049687500
-12.8960000000,-0.0051562500
-12.8920000000,-0.0050937500
-12.8880000000,-0.0050937500
-12.8840000000,-0.0050156250
-12.8800000000,-0.0048750000
-12.8760000000,-0.0052187500
-12.8720000000,-0.0047968750
-12.8680000000,-0.0050937500
-12.8640000000,-0.0050156250
-12.8600000000,-0.0049687500
-12.8560000000,-0.0049375000
-12.8520000000,-0.0052343750
-12.8480000000,-0.0046250000
-12.8440000000,-0.0051093750
-12.8400000000,-0.0048906250
-12.8360000000,-0.0051875000
-12.8320000000,-0.0051250000
-12.8280000000,-0.0049843750
-12.8240000000,-0.0050625000
-12.8200000000,-0.0050625000
-12.8160000000,-0.0050781250
-12.8120000000,-0.0050000000
-12.8080000000,-0.0050781250
-12.8040000000,-0.0052656250
-12.8000000000,-0.0047812500
-12.7960000000,-0.0050625000
-12.7920000000,-0.0050781250
-12.7880000000,-0.0052031250
-12.7840000000,-0.0049843750
-12.7800000000,-0.0049375000
-12.7760000000,-0.0049843750
-12.7720000000,-0.0050781250
-12.7680000000,-0.0052656250
-12.7640000000,-0.0050312500
-12.7600000000,-0.0047500000
-12.7560000000,-0.0050625000
-12.7520000000,-0.0050312500
-12.7480000000,-0.0051406250
-12.7440000000,-0.0049687500
-12.7400000000,-0.0049218750
-12.7360000000,-0.0050468750
-12.7320000000,-0.0051093750
-12.7280000000,-0.0050312500
-12.7240000000,-0.0051562500
-12.7200000000,-0.0045937500
-12.7160000000,-0.0050937500
-12.7120000000,-0.0047812500
-12.7080000000,-0.0050937500
-12.7040000000,-0.0050781250
-12.7000000000,-0.0050000000
-12.6960000000,-0.0051406250
-12.6920000000,-0.0049062500
-12.6880000000,-0.0049843750
-12.6840000000,-0.0051718750
-12.6800000000,-0.0049687500
-12.6760000000,-0.0049375000
-12.6720000000,-0.0050156250
-12.6680000000,-0.0050156250
-12.6640000000,-0.0048750000
-12.6600000000,-0.0049531250
-12.6560000000,-0.0047968750
-12.6520000000,-0.0051562500
-12.6480000000,-0.0050625000
-12.6440000000,-0.0050781250
-12.6400000000,-0.0051250000
-12.6360000000,-0.0050312500
-12.6320000000,-0.0050468750
-12.6280000000,-0.0050156250
-12.6240000000,-0.0050468750
-12.6200000000,-0.0050937500
-12.6160000000,-0.0049843750
-12.6120000000,-0.0050312500
-12.6080000000,-0.0050000000
-12.6040000000,-0.0049218750
-12.6000000000,-0.0050625000
-12.5960000000,-0.0051718750
-12.5920000000,-0.0046250000
-12.5880000000,-0.0050000000
-12.5840000000,-0.0051718750
-12.5800000000,-0.0050781250
-12.5760000000,-0.0050937500
-12.5720000000,-0.0048593750
-12.5680000000,-0.0051250000
-12.5640000000,-0.0052343750
-12.5600000000,-0.0051406250
-12.5560000000,-0.0049531250
-12.5520000000,-0.0050625000
-12.5480000000,-0.0050156250
-12.5440000000,-0.0049531250
-12.5400000000,-0.0051562500
-12.5360000000,-0.0050625000
-12.5320000000,-0.0051250000
-12.5280000000,-0.0047968750
-12.5240000000,-0.0050468750
-12.5200000000,-0.0048750000
-12.5160000000,-0.0050000000
-12.5120000000,-0.0053281250
-12.5080000000,-0.0049687500
-12.5040000000,-0.0048593750
-12.5000000000,-0.0050000000
-12.4960000000,-0.0050937500
-12.4920000000,-0.0050781250
-12.4880000000,-0.0050312500
-12.4840000000,-0.0050156250
-12.4800000000,-0.0051875000
-12.4760000000,-0.0049687500
-12.4720000000,-0.0051406250
-12.4680000000,-0.0051562500
-12.4640000000,-0.0047968750
-12.4600000000,-0.0049843750
-12.4560000000,-0.0048593750
-12.4520000000,-0.0050468750
-12.4480000000,-0.0051406250
-12.4440000000,-0.0049218750
-12.4400000000,-0.0049843750
-12.4360000000,-0.0050468750
-12.4320000000,-0.0049218750
-12.4280000000,-0.0050937500
-12.4240000000,-0.0049843750
-12.4200000000,-0.0050625000
-12.4160000000,-0.0049218750
-12.4120000000,-0.0050625000
-12.4080000000,-0.0049531250
-12.4040000000,-0.0051250000
-12.4000000000,-0.0050156250
-12.3960000000,-0.0050937500
-12.3920000000,-0.0048906250
-12.3880000000,-0.0050000000
-12.3840000000,-0.0052343750
-12.3800000000,-0.0049531250
-12.3760000000,-0.0049843750
-12.3720000000,-0.0049218750
-12.3680000000,-0.0050000000
-12.3640000000,-0.0049687500
-12.3600000000,-0.0049687500
-12.3560000000,-0.0050937500
-12.3520000000,-0.0050625000
-12.3480000000,-0.0050468750
-12.3440000000,-0.0049687500
-12.3400000000,-0.0051562500
-12.3360000000,-0.0046875000
-12.3320000000,-0.0050625000
-12.3280000000,-0.0048906250
-12.3240000000,-0.0050781250
-12.3200000000,-0.0050937500
-12.3160000000,-0.0050312500
-12.3120000000,-0.0050000000
-12.3080000000,-0.0049531250
-12.3040000000,-0.0050468750
-12.3000000000,-0.0051406250
-12.2960000000,-0.0049687500
-12.2920000000,-0.0051718750
-12.2880000000,-0.0048750000
-12.2840000000,-0.0050468750
-12.2800000000,-0.0049531250
-12.2760000000,-0.0050625000
-12.2720000000,-0.0048750000
-12.2680000000,-0.0051406250
-12.2640000000,-0.0050312500
-12.2600000000,-0.0049531250
-12.2560000000,-0.0050312500
-12.2520000000,-0.0050937500
-12.2480000000,-0.0050156250
-12.2440000000,-0.0050000000
-12.2400000000,-0.0050312500
-12.2360000000,-0.0050468750
-12.2320000000,-0.0049375000
-12.2280000000,-0.0051562500
-12.2240000000,-0.0050625000
-12.2200000000,-0.0050000000
-12.2160000000,-0.0049843750
-12.2120000000,-0.0051406250
-12.2080000000,-0.0045000000
-12.2040000000,-0.0051250000
-12.2000000000,-0.0050625000
-12.1960000000,-0.0050937500
-12.1920000000,-0.0052343750
-12.1880000000,-0.0048125000
-12.1840000000,-0.0049843750
-12.1800000000,-0.0049062500
-12.1760000000,-0.0049218750
-12.1720000000,-0.0049531250
-12.1680000000,-0.0050156250
-12.1640000000,-0.0049218750
-12.1600000000,-0.0048750000
-12.1560000000,-0.0051562500
-12.1520000000,-0.0051406250
-12.1480000000,-0.0050781250
-12.1440000000,-0.0048281250
-12.1400000000,-0.0051875000
-12.1360000000,-0.0050781250
-12.1320000000,-0.0048750000
-12.1280000000,-0.0052812500
-12.1240000000,-0.0050312500
-12.1200000000,-0.0049062500
-12.1160000000,-0.0047656250
-12.1120000000,-0.0049375000
-12.1080000000,-0.0050156250
-12.1040000000,-0.0049218750
-12.1000000000,-0.0050625000
-12.0960000000,-0.0049843750
-12.0920000000,-0.0048906250
-12.0880000000,-0.0050625000
-12.0840000000,-0.0050937500
-12.0800000000,-0.0046406250
-12.0760000000,-0.0050312500
-12.0720000000,-0.0050000000
-12.0680000000,-0.0050781250
-12.0640000000,-0.0050625000
-12.0600000000,-0.0050625000
-12.0560000000,-0.0048593750
-12.0520000000,-0.0052656250
-12.0480000000,-0.0049062500
-12.0440000000,-0.0049375000
-12.0400000000,-0.0052500000
-12.0360000000,-0.0050312500
-12.0320000000,-0.0047812500
-12.0280000000,-0.0051093750
-12.0240000000,-0.0050781250
-12.0200000000,-0.0050625000
-12.0160000000,-0.0048437500
-12.0120000000,-0.0051406250
-12.0080000000,-0.0050312500
-12.0040000000,-0.0050468750
-12.0000000000,-0.0050312500
-11.9960000000,-0.0049218750
-11.9920000000,-0.0049062500
-11.9880000000,-0.0050937500
-11.9840000000,-0.0050781250
-11.9800000000,-0.0048437500
-11.9760000000,-0.0050312500
-11.9720000000,-0.0050625000
-11.9680000000,-0.0052343750
-11.9640000000,-0.0050000000
-11.9600000000,-0.0050937500
-11.9560000000,-0.0051093750
-11.9520000000,-0.0046718750
-11.9480000000,-0.0048437500
-11.9440000000,-0.0050625000
-11.9400000000,-0.0052187500
-11.9360000000,-0.0050937500
-11.9320000000,-0.0048593750
-11.9280000000,-0.0050781250
-11.9240000000,-0.0050468750
-11.9200000000,-0.0048593750
-11.9160000000,-0.0049375000
-11.9120000000,-0.0048437500
-11.9080000000,-0.0051250000
-11.9040000000,-0.0050312500
-11.9000000000,-0.0050000000
-11.8960000000,-0.0052500000
-11.8920000000,-0.0051093750
-11.8880000000,-0.0048750000
-11.8840000000,-0.0049531250
-11.8800000000,-0.0049375000
-11.8760000000,-0.0049218750
-11.8720000000,-0.0052656250
-11.8680000000,-0.0050468750
-11.8640000000,-0.0047968750
-11.8600000000,-0.0049687500
-11.8560000000,-0.0050000000
-11.8520000000,-0.0051093750
-11.8480000000,-0.0049687500
-11.8440000000,-0.0050000000
-11.8400000000,-0.0051250000
-11.8360000000,-0.0050468750
-11.8320000000,-0.0050625000
-11.8280000000,-0.0050156250
-11.8240000000,-0.0045156250
-11.8200000000,-0.0051093750
-11.8160000000,-0.0049218750
-11.8120000000,-0.0051250000
-11.8080000000,-0.0051562500
-11.8040000000,-0.0048593750
-11.8000000000,-0.0050468750
-11.7960000000,-0.0049218750
-11.7920000000,-0.0052343750
-11.7880000000,-0.0050000000
-11.7840000000,-0.0051406250
-11.7800000000,-0.0051093750
-11.7760000000,-0.0050156250
-11.7720000000,-0.0052031250
-11.7680000000,-0.0050937500
-11.7640000000,-0.0050625000
-11.7600000000,-0.0047656250
-11.7560000000,-0.0050312500
-11.7520000000,-0.0051406250
-11.7480000000,-0.0051250000
-11.7440000000,-0.0050156250
-11.7400000000,-0.0049687500
-11.7360000000,-0.0049062500
-11.7320000000,-0.0049687500
-11.7280000000,-0.0050156250
-11.7240000000,-0.0049843750
-11.7200000000,-0.0049687500
-11.7160000000,-0.0050625000
-11.7120000000,-0.0050625000
-11.7080000000,-0.0049531250
-11.7040000000,-0.0050781250
-11.7000000000,-0.0053281250
-11.6960000000,-0.0049687500
-11.6920000000,-0.0050000000
-11.6880000000,-0.0051875000
-11.6840000000,-0.0050781250
-11.6800000000,-0.0052031250
-11.6760000000,-0.0049687500
-11.6720000000,-0.0047968750
-11.6680000000,-0.0051250000
-11.6640000000,-0.0049531250
-11.6600000000,-0.0049687500
-11.6560000000,-0.0050937500
-11.6520000000,-0.0049218750
-11.6480000000,-0.0047812500
-11.6440000000,-0.0048906250
-11.6400000000,-0.0052187500
-11.6360000000,-0.0050781250
-11.6320000000,-0.0048593750
-11.6280000000,-0.0050312500
-11.6240000000,-0.0048593750
-11.6200000000,-0.0049843750
-11.6160000000,-0.0051250000
-11.6120000000,-0.0049531250
-11.6080000000,-0.0050156250
-11.6040000000,-0.0050156250
-11.6000000000,-0.0049218750
-11.5960000000,-0.0051562500
-11.5920000000,-0.0050937500
-11.5880000000,-0.0051406250
-11.5840000000,-0.0051406250
-11.5800000000,-0.0049531250
-11.5760000000,-0.0050312500
-11.5720000000,-0.0050468750
-11.5680000000,-0.0046250000
-11.5640000000,-0.0050468750
-11.5600000000,-0.0050625000
-11.5560000000,-0.0051250000
-11.5520000000,-0.0050312500
-11.5480000000,-0.0049531250
-11.5440000000,-0.0051406250
-11.5400000000,-0.0051093750
-11.5360000000,-0.0049687500
-11.5320000000,-0.0050937500
-11.5280000000,-0.0052031250
-11.5240000000,-0.0048906250
-11.5200000000,-0.0049843750
-11.5160000000,-0.0048593750
-11.5120000000,-0.0050468750
-11.5080000000,-0.0051562500
-11.5040000000,-0.0048281250
-11.5000000000,-0.0051406250
-11.4960000000,-0.0050781250
-11.4920000000,-0.0049843750
-11.4880000000,-0.0051562500
-11.4840000000,-0.0049375000
-11.4800000000,-0.0049531250
-11.4760000000,-0.0050468750
-11.4720000000,-0.0050312500
-11.4680000000,-0.0050000000
-11.4640000000,-0.0049687500
-11.4600000000,-0.0051406250
-11.4560000000,-0.0052031250
-11.4520000000,-0.0049843750
-11.4480000000,-0.0051562500
-11.4440000000,-0.0052187500
-11.4400000000,-0.0045156250
-11.4360000000,-0.0049531250
-11.4320000000,-0.0049375000
-11.4280000000,-0.0050781250
-11.4240000000,-0.0049531250
-11.4200000000,-0.0050156250
-11.4160000000,-0.0048437500
-11.4120000000,-0.0049375000
-11.4080000000,-0.0051250000
-11.4040000000,-0.0051093750
-11.4000000000,-0.0050468750
-11.3960000000,-0.0050156250
-11.3920000000,-0.0048750000
-11.3880000000,-0.0050937500
-11.3840000000,-0.0052031250
-11.3800000000,-0.0050781250
-11.3760000000,-0.0049218750
-11.3720000000,-0.0052187500
-11.3680000000,-0.0050000000
-11.3640000000,-0.0050000000
-11.3600000000,-0.0050937500
-11.3560000000,-0.0049687500
-11.3520000000,-0.0049218750
-11.3480000000,-0.0050312500
-11.3440000000,-0.0050000000
-11.3400000000,-0.0050312500
-11.3360000000,-0.0050625000
-11.3320000000,-0.0052500000
-11.3280000000,-0.0050468750
-11.3240000000,-0.0048906250
-11.3200000000,-0.0051250000
-11.3160000000,-0.0051093750
-11.3120000000,-0.0047031250
-11.3080000000,-0.0051562500
-11.3040000000,-0.0049531250
-11.3000000000,-0.0050312500
-11.2960000000,-0.0050937500
-11.2920000000,-0.0049375000
-11.2880000000,-0.0048281250
-11.2840000000,-0.0049843750
-11.2800000000,-0.0050000000
-11.2760000000,-0.0050000000
-11.2720000000,-0.0051250000
-11.2680000000,-0.0050625000
-11.2640000000,-0.0049062500
-11.2600000000,-0.0049687500
-11.2560000000,-0.0051875000
-11.2520000000,-0.0050625000
-11.2480000000,-0.0048750000
-11.2440000000,-0.0052343750
-11.2400000000,-0.0049687500
-11.2360000000,-0.0049375000
-11.2320000000,-0.0049375000
-11.2280000000,-0.0049687500
-11.2240000000,-0.0047812500
-11.2200000000,-0.0050000000
-11.2160000000,-0.0049218750
-11.2120000000,-0.0050000000
-11.2080000000,-0.0049375000
-11.2040000000,-0.0049218750
-11.2000000000,-0.0051406250
-11.1960000000,-0.0047812500
-11.1920000000,-0.0050468750
-11.1880000000,-0.0050937500
-11.1840000000,-0.0044062500
-11.1800000000,-0.0050468750
-11.1760000000,-0.0049843750
-11.1720000000,-0.0051406250
-11.1680000000,-0.0049687500
-11.1640000000,-0.0049843750
-11.1600000000,-0.0049687500
-11.1560000000,-0.0049687500
-11.1520000000,-0.0049375000
-11.1480000000,-0.0049843750
-11.1440000000,-0.0049375000
-11.1400000000,-0.0050312500
-11.1360000000,-0.0049687500
-11.1320000000,-0.0049843750
-11.1280000000,-0.0050000000
-11.1240000000,-0.0052031250
-11.1200000000,-0.0048437500
-11.1160000000,-0.0050937500
-11.1120000000,-0.0049843750
-11.1080000000,-0.0049375000
-11.1040000000,-0.0052031250
-11.1000000000,-0.0049218750
-11.0960000000,-0.0048281250
-11.0920000000,-0.0049687500
-11.0880000000,-0.0050781250
-11.0840000000,-0.0050937500
-11.0800000000,-0.0049687500
-11.0760000000,-0.0049531250
-11.0720000000,-0.0048906250
-11.0680000000,-0.0049531250
-11.0640000000,-0.0051562500
-11.0600000000,-0.0051562500
-11.0560000000,-0.0046718750
-11.0520000000,-0.0050781250
-11.0480000000,-0.0049687500
-11.0440000000,-0.0051093750
-11.0400000000,-0.0051250000
-11.0360000000,-0.0049687500
-11.0320000000,-0.0050625000
-11.0280000000,-0.0050625000
-11.0240000000,-0.0051406250
-11.0200000000,-0.0050156250
-11.0160000000,-0.0051093750
-11.0120000000,-0.0050312500
-11.0080000000,-0.0049375000
-11.0040000000,-0.0049531250
-11.0000000000,-0.0050000000
-10.9960000000,-0.0050468750
-10.9920000000,-0.0048437500
-10.9880000000,-0.0051718750
-10.9840000000,-0.0051093750
-10.9800000000,-0.0049531250
-10.9760000000,-0.0051406250
-10.9720000000,-0.0049218750
-10.9680000000,-0.0049531250
-10.9640000000,-0.0049687500
-10.9600000000,-0.0051562500
-10.9560000000,-0.0049375000
-10.9520000000,-0.0049687500
-10.9480000000,-0.0050781250
-10.9440000000,-0.0050312500
-10.9400000000,-0.0050468750
-10.9360000000,-0.0050468750
-10.9320000000,-0.0050937500
-10.9280000000,-0.0046718750
-10.9240000000,-0.0050468750
-10.9200000000,-0.0050781250
-10.9160000000,-0.0051250000
-10.9120000000,-0.0051250000
-10.9080000000,-0.0051562500
-10.9040000000,-0.0051875000
-10.9000000000,-0.0050468750
-10.8960000000,-0.0049531250
-10.8920000000,-0.0051093750
-10.8880000000,-0.0049843750
-10.8840000000,-0.0052031250
-10.8800000000,-0.0048906250
-10.8760000000,-0.0051875000
-10.8720000000,-0.0050781250
-10.8680000000,-0.0051406250
-10.8640000000,-0.0049375000
-10.8600000000,-0.0050000000
-10.8560000000,-0.0050468750
-10.8520000000,-0.0050625000
-10.8480000000,-0.0051875000
-10.8440000000,-0.0048437500
-10.8400000000,-0.0047656250
-10.8360000000,-0.0049687500
-10.8320000000,-0.0050468750
-10.8280000000,-0.0050000000
-10.8240000000,-0.0048125000
-10.8200000000,-0.0050312500
-10.8160000000,-0.0051406250
-10.8120000000,-0.0049062500
-10.8080000000,-0.0050625000
-10.8040000000,-0.0050000000
-10.8000000000,-0.0045312500
-10.7960000000,-0.0050312500
-10.7920000000,-0.0047656250
-10.7880000000,-0.0050937500
-10.7840000000,-0.0050781250
-10.7800000000,-0.0051093750
-10.7760000000,-0.0051718750
-10.7720000000,-0.0050312500
-10.7680000000,-0.0051093750
-10.7640000000,-0.0049218750
-10.7600000000,-0.0049843750
-10.7560000000,-0.0050156250
-10.7520000000,-0.0049687500
-10.7480000000,-0.0050625000
-10.7440000000,-0.0050000000
-10.7400000000,-0.0051718750
-10.7360000000,-0.0049062500
-10.7320000000,-0.0049843750
-10.7280000000,-0.0049687500
-10.7240000000,-0.0051250000
-10.7200000000,-0.0051093750
-10.7160000000,-0.0049218750
-10.7120000000,-0.0049375000
-10.7080000000,-0.0049687500
-10.7040000000,-0.0050156250
-10.7000000000,-0.0049531250
-10.6960000000,-0.0047968750
-10.6920000000,-0.0051406250
-10.6880000000,-0.0050156250
-10.6840000000,-0.0050000000
-10.6800000000,-0.0050937500
-10.6760000000,-0.0048437500
-10.6720000000,-0.0045156250
-10.6680000000,-0.0050625000
-10.6640000000,-0.0050312500
-10.6600000000,-0.0050781250
-10.6560000000,-0.0051250000
-10.6520000000,-0.0051718750
-10.6480000000,-0.0051406250
-10.6440000000,-0.0049843750
-10.6400000000,-0.0051093750
-10.6360000000,-0.0049687500
-10.6320000000,-0.0050937500
-10.6280000000,-0.0050625000
-10.6240000000,-0.0048906250
-10.6200000000,-0.0050000000
-10.6160000000,-0.0050156250
-10.6120000000,-0.0051875000
-10.6080000000,-0.0048750000
-10.6040000000,-0.0051718750
-10.6000000000,-0.0050156250
-10.5960000000,-0.0049843750
-10.5920000000,-0.0051718750
-10.5880000000,-0.0049531250
-10.5840000000,-0.0048906250
-10.5800000000,-0.0051093750
-10.5760000000,-0.0050312500
-10.5720000000,-0.0050468750
-10.5680000000,-0.0049531250
-10.5640000000,-0.0048750000
-10.5600000000,-0.0050000000
-10.5560000000,-0.0050625000
-10.5520000000,-0.0050781250
-10.5480000000,-0.0049687500
-10.5440000000,-0.0047343750
-10.5400000000,-0.0051093750
-10.5360000000,-0.0048906250
-10.5320000000,-0.0049218750
-10.5280000000,-0.0049687500
-10.5240000000,-0.0050781250
-10.5200000000,-0.0049843750
-10.5160000000,-0.0050156250
-10.5120000000,-0.0050156250
-10.5080000000,-0.0050781250
-10.5040000000,-0.0051562500
-10.5000000000,-0.0049218750
-10.4960000000,-0.0049218750
-10.4920000000,-0.0049531250
-10.4880000000,-0.0051406250
-10.4840000000,-0.0051250000
-10.4800000000,-0.0047812500
-10.4760000000,-0.0051718750
-10.4720000000,-0.0050000000
-10.4680000000,-0.0050000000
-10.4640000000,-0.0053437500
-10.4600000000,-0.0049375000
-10.4560000000,-0.0046718750
-10.4520000000,-0.0048906250
-10.4480000000,-0.0050937500
-10.4440000000,-0.0049843750
-10.4400000000,-0.0049531250
-10.4360000000,-0.0051250000
-10.4320000000,-0.0051093750
-10.4280000000,-0.0049687500
-10.4240000000,-0.0051562500
-10.4200000000,-0.0050625000
-10.4160000000,-0.0046875000
-10.4120000000,-0.0051562500
-10.4080000000,-0.0048437500
-10.4040000000,-0.0050781250
-10.4000000000,-0.0050937500
-10.3960000000,-0.0052500000
-10.3920000000,-0.0048750000
-10.3880000000,-0.0051093750
-10.3840000000,-0.0049218750
-10.3800000000,-0.0050781250
-10.3760000000,-0.0051093750
-10.3720000000,-0.0050000000
-10.3680000000,-0.0050000000
-10.3640000000,-0.0049687500
-10.3600000000,-0.0049218750
-10.3560000000,-0.0050625000
-10.3520000000,-0.0047968750
-10.3480000000,-0.0051093750
-10.3440000000,-0.0050312500
-10.3400000000,-0.0047812500
-10.3360000000,-0.0051250000
-10.3320000000,-0.0048906250
-10.3280000000,-0.0047656250
-10.3240000000,-0.0049062500
-10.3200000000,-0.0051562500
-10.3160000000,-0.0049062500
-10.3120000000,-0.0049531250
-10.3080000000,-0.0051093750
-10.3040000000,-0.0050312500
-10.3000000000,-0.0050156250
-10.2960000000,-0.0050625000
-10.2920000000,-0.0050312500
-10.2880000000,-0.0046562500
-10.2840000000,-0.0050937500
-10.2800000000,-0.0046562500
-10.2760000000,-0.0050937500
-10.2720000000,-0.0050000000
-10.2680000000,-0.0050781250
-10.2640000000,-0.0047656250
-10.2600000000,-0.0050312500
-10.2560000000,-0.0050937500
-10.2520000000,-0.0052500000
-10.2480000000,-0.0049843750
-10.2440000000,-0.0050000000
-10.2400000000,-0.0049218750
-10.2360000000,-0.0050156250
-10.2320000000,-0.0051093750
-10.2280000000,-0.0051718750
-10.2240000000,-0.0047812500
-10.2200000000,-0.0050312500
-10.2160000000,-0.0049687500
-10.2120000000,-0.0048906250
-10.2080000000,-0.0052656250
-10.2040000000,-0.0048750000
-10.2000000000,-0.0048750000
-10.1960000000,-0.0050625000
-10.1920000000,-0.0049843750
-10.1880000000,-0.0049843750
-10.1840000000,-0.0048750000
-10.1800000000,-0.0052812500
-10.1760000000,-0.0051093750
-10.1720000000,-0.0049218750
-10.1680000000,-0.0052656250
-10.1640000000,-0.0051406250
-10.1600000000,-0.0045625000
-10.1560000000,-0.0050781250
-10.1520000000,-0.0050000000
-10.1480000000,-0.0051093750
-10.1440000000,-0.0051562500
-10.1400000000,-0.0051093750
-10.1360000000,-0.0049843750
-10.1320000000,-0.0050625000
-10.1280000000,-0.0048593750
-10.1240000000,-0.0051562500
-10.1200000000,-0.0048906250
-10.1160000000,-0.0049375000
-10.1120000000,-0.0050625000
-10.1080000000,-0.0050156250
-10.1040000000,-0.0050625000
-10.1000000000,-0.0050156250
-10.0960000000,-0.0049062500
-10.0920000000,-0.0051562500
-10.0880000000,-0.0051250000
-10.0840000000,-0.0048437500
-10.0800000000,-0.0051562500
-10.0760000000,-0.0050468750
-10.0720000000,-0.0049843750
-10.0680000000,-0.0050000000
-10.0640000000,-0.0050781250
-10.0600000000,-0.0049062500
-10.0560000000,-0.0049218750
-10.0520000000,-0.0049375000
-10.0480000000,-0.0052031250
-10.0440000000,-0.0049062500
-10.0400000000,-0.0051406250
-10.0360000000,-0.0050625000
-10.0320000000,-0.0046406250
-10.0280000000,-0.0050937500
-10.0240000000,-0.0051718750
-10.0200000000,-0.0051093750
-10.0160000000,-0.0052343750
-10.0120000000,-0.0050781250
-10.0080000000,-0.0050468750
-10.0040000000,-0.0051093750
-10.0000000000,-0.0051406250
-9.9960000000,-0.0050625000
-9.9920000000,-0.0051875000
-9.9880000000,-0.0050000000
-9.9840000000,-0.0051250000
-9.9800000000,-0.0049531250
-9.9760000000,-0.0050625000
-9.9720000000,-0.0050625000
-9.9680000000,-0.0048750000
-9.9640000000,-0.0051093750
-9.9600000000,-0.0049687500
-9.9560000000,-0.0049843750
-9.9520000000,-0.0050312500
-9.9480000000,-0.0050000000
-9.9440000000,-0.0048906250
-9.9400000000,-0.0048125000
-9.9360000000,-0.0052031250
-9.9320000000,-0.0049843750
-9.9280000000,-0.0047500000
-9.9240000000,-0.0049218750
-9.9200000000,-0.0052656250
-9.9160000000,-0.0048906250
-9.9120000000,-0.0050468750
-9.9080000000,-0.0049218750
-9.9040000000,-0.0048593750
-9.9000000000,-0.0049375000
-9.8960000000,-0.0049843750
-9.8920000000,-0.0051093750
-9.8880000000,-0.0051875000
-9.8840000000,-0.0049062500
-9.8800000000,-0.0050625000
-9.8760000000,-0.0051406250
-9.8720000000,-0.0050781250
-9.8680000000,-0.0050937500
-9.8640000000,-0.0052187500
-9.8600000000,-0.0049062500
-9.8560000000,-0.0050781250
-9.8520000000,-0.0049531250
-9.8480000000,-0.0049531250
-9.8440000000,-0.0051406250
-9.8400000000,-0.0048906250
-9.8360000000,-0.0051250000
-9.8320000000,-0.0050781250
-9.8280000000,-0.0050156250
-9.8240000000,-0.0050468750
-9.8200000000,-0.0049218750
-9.8160000000,-0.0048437500
-9.8120000000,-0.0047812500
-9.8080000000,-0.0051562500
-9.8040000000,-0.0050156250
-9.8000000000,-0.0049687500
-9.7960000000,-0.0051250000
-9.7920000000,-0.0050781250
-9.7880000000,-0.0049062500
-9.7840000000,-0.0050937500
-9.7800000000,-0.0050781250
-9.7760000000,-0.0047343750
-9.7720000000,-0.0050468750
-9.7680000000,-0.0052656250
-9.7640000000,-0.0052031250
-9.7600000000,-0.0050625000
-9.7560000000,-0.0051875000
-9.7520000000,-0.0051093750
-9.7480000000,-0.0050312500
-9.7440000000,-0.0050156250
-9.7400000000,-0.0050312500
-9.7360000000,-0.0049218750
-9.7320000000,-0.0049687500
-9.7280000000,-0.0050000000
-9.7240000000,-0.0050000000
-9.7200000000,-0.0049218750
-9.7160000000,-0.0050937500
-9.7120000000,-0.0048125000
-9.7080000000,-0.0050937500
-9.7040000000,-0.0049531250
-9.7000000000,-0.0048906250
-9.6960000000,-0.0051718750
-9.6920000000,-0.0048750000
-9.6880000000,-0.0048593750
-9.6840000000,-0.0048906250
-9.6800000000,-0.0051562500
-9.6760000000,-0.0049843750
-9.6720000000,-0.0049375000
-9.6680000000,-0.0050937500
-9.6640000000,-0.0051093750
-9.6600000000,-0.0049218750
-9.6560000000,-0.0051875000
-9.6520000000,-0.0051093750
-9.6480000000,-0.0046875000
-9.6440000000,-0.0048906250
-9.6400000000,-0.0049218750
-9.6360000000,-0.0051718750
-9.6320000000,-0.0049843750
-9.6280000000,-0.0051093750
-9.6240000000,-0.0049062500
-9.6200000000,-0.0050000000
-9.6160000000,-0.0049687500
-9.6120000000,-0.0050937500
-9.6080000000,-0.0049531250
-9.6040000000,-0.0050468750
-9.6000000000,-0.0049843750
-9.5960000000,-0.0050937500
-9.5920000000,-0.0049218750
-9.5880000000,-0.0051562500
-9.5840000000,-0.0049062500
-9.5800000000,-0.0052500000
-9.5760000000,-0.0050625000
-9.5720000000,-0.0050312500
-9.5680000000,-0.0051406250
-9.5640000000,-0.0051093750
-9.5600000000,-0.0047343750
-9.5560000000,-0.0049531250
-9.5520000000,-0.0051562500
-9.5480000000,-0.0050000000
-9.5440000000,-0.0050468750
-9.5400000000,-0.0051250000
-9.5360000000,-0.0050000000
-9.5320000000,-0.0048750000
-9.5280000000,-0.0050937500
-9.5240000000,-0.0050937500
-9.5200000000,-0.0045000000
-9.5160000000,-0.0050000000
-9.5120000000,-0.0051406250
-9.5080000000,-0.0050312500
-9.5040000000,-0.0049531250
-9.5000000000,-0.0052812500
-9.4960000000,-0.0049375000
-9.4920000000,-0.0050937500
-9.4880000000,-0.0048593750
-9.4840000000,-0.0049375000
-9.4800000000,-0.0050781250
-9.4760000000,-0.0049218750
-9.4720000000,-0.0050156250
-9.4680000000,-0.0048125000
-9.4640000000,-0.0049687500
-9.4600000000,-0.0050937500
-9.4560000000,-0.0048281250
-9.4520000000,-0.0050312500
-9.4480000000,-0.0050468750
-9.4440000000,-0.0048281250
-9.4400000000,-0.0051250000
-9.4360000000,-0.0051406250
-9.4320000000,-0.0047031250
-9.4280000000,-0.0050000000
-9.4240000000,-0.0050156250
-9.4200000000,-0.0049062500
-9.4160000000,-0.0050156250
-9.4120000000,-0.0049843750
-9.4080000000,-0.0050468750
-9.4040000000,-0.0050781250
-9.4000000000,-0.0050156250
-9.3960000000,-0.0051718750
-9.3920000000,-0.0045625000
-9.3880000000,-0.0050468750
-9.3840000000,-0.0048281250
-9.3800000000,-0.0050156250
-9.3760000000,-0.0049531250
-9.3720000000,-0.0050312500
-9.3680000000,-0.0050625000
-9.3640000000,-0.0050468750
-9.3600000000,-0.0049218750
-9.3560000000,-0.0051875000
-9.3520000000,-0.0050937500
-9.3480000000,-0.0049218750
-9.3440000000,-0.0050468750
-9.3400000000,-0.0047500000
-9.3360000000,-0.0049218750
-9.3320000000,-0.0051406250
-9.3280000000,-0.0049218750
-9.3240000000,-0.0050781250
-9.3200000000,-0.0049218750
-9.3160000000,-0.0049531250
-9.3120000000,-0.0050937500
-9.3080000000,-0.0049218750
-9.3040000000,-0.0048437500
-9.3000000000,-0.0048593750
-9.2960000000,-0.0052187500
-9.2920000000,-0.0049687500
-9.2880000000,-0.0050312500
-9.2840000000,-0.0050156250
-9.2800000000,-0.0050625000
-9.2760000000,-0.0049687500
-9.2720000000,-0.0052187500
-9.2680000000,-0.0050781250
-9.2640000000,-0.0049375000
-9.2600000000,-0.0049843750
-9.2560000000,-0.0051406250
-9.2520000000,-0.0050468750
-9.2480000000,-0.0050156250
-9.2440000000,-0.0050312500
-9.2400000000,-0.0050625000
-9.2360000000,-0.0049843750
-9.2320000000,-0.0048437500
-9.2280000000,-0.0051406250
-9.2240000000,-0.0051562500
-9.2200000000,-0.0049062500
-9.2160000000,-0.0050781250
-9.2120000000,-0.0050781250
-9.2080000000,-0.0050156250
-9.2040000000,-0.0051562500
-9.2000000000,-0.0047031250
-9.1960000000,-0.0049531250
-9.1920000000,-0.0049687500
-9.1880000000,-0.0051093750
-9.1840000000,-0.0051093750
-9.1800000000,-0.0051093750
-9.1760000000,-0.0048281250
-9.1720000000,-0.0050468750
-9.1680000000,-0.0052031250
-9.1640000000,-0.0049062500
-9.1600000000,-0.0048593750
-9.1560000000,-0.0050781250
-9.1520000000,-0.0050625000
-9.1480000000,-0.0050000000
-9.1440000000,-0.0050625000
-9.1400000000,-0.0050312500
-9.1360000000,-0.0047656250
-9.1320000000,-0.0051406250
-9.1280000000,-0.0050625000
-9.1240000000,-0.0050937500
-9.1200000000,-0.0050625000
-9.1160000000,-0.0051093750
-9.1120000000,-0.0049375000
-9.1080000000,-0.0050312500
-9.1040000000,-0.0049687500
-9.1000000000,-0.0051718750
-9.0960000000,-0.0050468750
-9.0920000000,-0.0051250000
-9.0880000000,-0.0050781250
-9.0840000000,-0.0048437500
-9.0800000000,-0.0050312500
-9.0760000000,-0.0052343750
-9.0720000000,-0.0047812500
-9.0680000000,-0.0049375000
-9.0640000000,-0.0050625000
-9.0600000000,-0.0049218750
-9.0560000000,-0.0052187500
-9.0520000000,-0.0049062500
-9.0480000000,-0.0047343750
-9.0440000000,-0.0050000000
-9.0400000000,-0.0051406250
-9.0360000000,-0.0049375000
-9.0320000000,-0.0051406250
-9.0280000000,-0.0050156250
-9.0240000000,-0.0049531250
-9.0200000000,-0.0049687500
-9.0160000000,-0.0051093750
-9.0120000000,-0.0050781250
-9.0080000000,-0.0047343750
-9.0040000000,-0.0049531250
-9.0000000000,-0.0050000000
-8.9960000000,-0.0050781250
-8.9920000000,-0.0050156250
-8.9880000000,-0.0052343750
-8.9840000000,-0.0051250000
-8.9800000000,-0.0049218750
-8.9760000000,-0.0049062500
-8.9720000000,-0.0051406250
-8.9680000000,-0.0049375000
-8.9640000000,-0.0050781250
-8.9600000000,-0.0049687500
-8.9560000000,-0.0049531250
-8.9520000000,-0.0049062500
-8.9480000000,-0.0052187500
-8.9440000000,-0.0049218750
-8.9400000000,-0.0050000000
-8.9360000000,-0.0048906250
-8.9320000000,-0.0049218750
-8.9280000000,-0.0050468750
-8.9240000000,-0.0050937500
-8.9200000000,-0.0049375000
-8.9160000000,-0.0048750000
-8.9120000000,-0.0052031250
-8.9080000000,-0.0048906250
-8.9040000000,-0.0050625000
-8.9000000000,-0.0051250000
-8.8960000000,-0.0050781250
-8.8920000000,-0.0049218750
-8.8880000000,-0.0051406250
-8.8840000000,-0.0049843750
-8.8800000000,-0.0049062500
-8.8760000000,-0.0049531250
-8.8720000000,-0.0051718750
-8.8680000000,-0.0051093750
-8.8640000000,-0.0050937500
-8.8600000000,-0.0050781250
-8.8560000000,-0.0050468750
-8.8520000000,-0.0050625000
-8.8480000000,-0.0050625000
-8.8440000000,-0.0051562500
-8.8400000000,-0.0051875000
-8.8360000000,-0.0049218750
-8.8320000000,-0.0049062500
-8.8280000000,-0.0050000000
-8.8240000000,-0.0049062500
-8.8200000000,-0.0051718750
-8.8160000000,-0.0047812500
-8.8120000000,-0.0051250000
-8.8080000000,-0.0050156250
-8.8040000000,-0.0050312500
-8.8000000000,-0.0050468750
-8.7960000000,-0.0049375000
-8.7920000000,-0.0049062500
-8.7880000000,-0.0050468750
-8.7840000000,-0.0050625000
-8.7800000000,-0.0049375000
-8.7760000000,-0.0049843750
-8.7720000000,-0.0051406250
-8.7680000000,-0.0050937500
-8.7640000000,-0.0049218750
-8.7600000000,-0.0051250000
-8.7560000000,-0.0050156250
-8.7520000000,-0.0050000000
-8.7480000000,-0.0050625000
-8.7440000000,-0.0051250000
-8.7400000000,-0.0050312500
-8.7360000000,-0.0051562500
-8.7320000000,-0.0051250000
-8.7280000000,-0.0050937500
-8.7240000000,-0.0049843750
-8.7200000000,-0.0050156250
-8.7160000000,-0.0051562500
-8.7120000000,-0.0051093750
-8.7080000000,-0.0048906250
-8.7040000000,-0.0051093750
-8.7000000000,-0.0048906250
-8.6960000000,-0.0049218750
-8.6920000000,-0.0052968750
-8.6880000000,-0.0048281250
-8.6840000000,-0.0050937500
-8.6800000000,-0.0050156250
-8.6760000000,-0.0050312500
-8.6720000000,-0.0050937500
-8.6680000000,-0.0052187500
-8.6640000000,-0.0048750000
-8.6600000000,-0.0049687500
-8.6560000000,-0.0050625000
-8.6520000000,-0.0048125000
-8.6480000000,-0.0050937500
-8.6440000000,-0.0049687500
-8.6400000000,-0.0050781250
-8.6360000000,-0.0050156250
-8.6320000000,-0.0050625000
-8.6280000000,-0.0050781250
-8.6240000000,-0.0045625000
-8.6200000000,-0.0051250000
-8.6160000000,-0.0049062500
-8.6120000000,-0.0048750000
-8.6080000000,-0.0050625000
-8.6040000000,-0.0052187500
-8.6000000000,-0.0049062500
-8.5960000000,-0.0050468750
-8.5920000000,-0.0048437500
-8.5880000000,-0.0051406250
-8.5840000000,-0.0051562500
-8.5800000000,-0.0052812500
-8.5760000000,-0.0050625000
-8.5720000000,-0.0047812500
-8.5680000000,-0.0049531250
-8.5640000000,-0.0051718750
-8.5600000000,-0.0052031250
-8.5560000000,-0.0050000000
-8.5520000000,-0.0049687500
-8.5480000000,-0.0049375000
-8.5440000000,-0.0052031250
-8.5400000000,-0.0050000000
-8.5360000000,-0.0048437500
-8.5320000000,-0.0049843750
-8.5280000000,-0.0052343750
-8.5240000000,-0.0049531250
-8.5200000000,-0.0050000000
-8.5160000000,-0.0049375000
-8.5120000000,-0.0049843750
-8.5080000000,-0.0050937500
-8.5040000000,-0.0051093750
-8.5000000000,-0.0051093750
-8.4960000000,-0.0045000000
-8.4920000000,-0.0050312500
-8.4880000000,-0.0050625000
-8.4840000000,-0.0052187500
-8.4800000000,-0.0051093750
-8.4760000000,-0.0052500000
-8.4720000000,-0.0050937500
-8.4680000000,-0.0050937500
-8.4640000000,-0.0050937500
-8.4600000000,-0.0049218750
-8.4560000000,-0.0050468750
-8.4520000000,-0.0051093750
-8.4480000000,-0.0051406250
-8.4440000000,-0.0048906250
-8.4400000000,-0.0049531250
-8.4360000000,-0.0051718750
-8.4320000000,-0.0047968750
-8.4280000000,-0.0051406250
-8.4240000000,-0.0049687500
-8.4200000000,-0.0049687500
-8.4160000000,-0.0050625000
-8.4120000000,-0.0050468750
-8.4080000000,-0.0049218750
-8.4040000000,-0.0049218750
-8.4000000000,-0.0052812500
-8.3960000000,-0.0049062500
-8.3920000000,-0.0048437500
-8.3880000000,-0.0049843750
-8.3840000000,-0.0049218750
-8.3800000000,-0.0049687500
-8.3760000000,-0.0052187500
-8.3720000000,-0.0050156250
-8.3680000000,-0.0051406250
-8.3640000000,-0.0048593750
-8.3600000000,-0.0049531250
-8.3560000000,-0.0050625000
-8.3520000000,-0.0050625000
-8.3480000000,-0.0051250000
-8.3440000000,-0.0050156250
-8.3400000000,-0.0049531250
-8.3360000000,-0.0048437500
-8.3320000000,-0.0051875000
-8.3280000000,-0.0050312500
-8.3240000000,-0.0049375000
-8.3200000000,-0.0050781250
-8.3160000000,-0.0050000000
-8.3120000000,-0.0048906250
-8.3080000000,-0.0051562500
-8.3040000000,-0.0047656250
-8.3000000000,-0.0050937500
-8.2960000000,-0.0050468750
-8.2920000000,-0.0049531250
-8.2880000000,-0.0051562500
-8.2840000000,-0.0048281250
-8.2800000000,-0.0048593750
-8.2760000000,-0.0051250000
-8.2720000000,-0.0050468750
-8.2680000000,-0.0048906250
-8.2640000000,-0.0050312500
-8.2600000000,-0.0050781250
-8.2560000000,-0.0049843750
-8.2520000000,-0.0051875000
-8.2480000000,-0.0049375000
-8.2440000000,-0.0051875000
-8.2400000000,-0.0047343750
-8.2360000000,-0.0049687500
-8.2320000000,-0.0050625000
-8.2280000000,-0.0049531250
-8.2240000000,-0.0049375000
-8.2200000000,-0.0052031250
-8.2160000000,-0.0050156250
-8.2120000000,-0.0049218750
-8.2080000000,-0.0051250000
-8.2040000000,-0.0051875000
-8.2000000000,-0.0050468750
-8.1960000000,-0.0049375000
-8.1920000000,-0.0049375000
-8.1880000000,-0.0050312500
-8.1840000000,-0.0049218750
-8.1800000000,-0.0050781250
-8.1760000000,-0.0048125000
-8.1720000000,-0.0048906250
-8.1680000000,-0.0049531250
-8.1640000000,-0.0049062500
-8.1600000000,-0.0050781250
-8.1560000000,-0.0049218750
-8.1520000000,-0.0049843750
-8.1480000000,-0.0049375000
-8.1440000000,-0.0051718750
-8.1400000000,-0.0050312500
-8.1360000000,-0.0048906250
-8.1320000000,-0.0050312500
-8.1280000000,-0.0050625000
-8.1240000000,-0.0050312500
-8.1200000000,-0.0050781250
-8.1160000000,-0.0050156250
-8.1120000000,-0.0047500000
-8.1080000000,-0.0049843750
-8.1040000000,-0.0051562500
-8.1000000000,-0.0050781250
-8.0960000000,-0.0050312500
-8.0920000000,-0.0050937500
-8.0880000000,-0.0049062500
-8.0840000000,-0.0050156250
-8.0800000000,-0.0050156250
-8.0760000000,-0.0051406250
-8.0720000000,-0.0049687500
-8.0680000000,-0.0050312500
-8.0640000000,-0.0050312500
-8.0600000000,-0.0048125000
-8.0560000000,-0.0049062500
-8.0520000000,-0.0052187500
-8.0480000000,-0.0048437500
-8.0440000000,-0.0048750000
-8.0400000000,-0.0049531250
-8.0360000000,-0.0048593750
-8.0320000000,-0.0051093750
-8.0280000000,-0.0051093750
-8.0240000000,-0.0048125000
-8.0200000000,-0.0050000000
-8.0160000000,-0.0050000000
-8.0120000000,-0.0049375000
-8.0080000000,-0.0048437500
-8.0040000000,-0.0049687500
-8.0000000000,-0.0050625000
-7.9960000000,-0.0048906250
-7.9920000000,-0.0052187500
-7.9880000000,-0.0050937500
-7.9840000000,-0.0047031250
-7.9800000000,-0.0050312500
-7.9760000000,-0.0050000000
-7.9720000000,-0.0050156250
-7.9680000000,-0.0052031250
-7.9640000000,-0.0051093750
-7.9600000000,-0.0049062500
-7.9560000000,-0.0049687500
-7.9520000000,-0.0049843750
-7.9480000000,-0.0050156250
-7.9440000000,-0.0050156250
-7.9400000000,-0.0050312500
-7.9360000000,-0.0049687500
-7.9320000000,-0.0048281250
-7.9280000000,-0.0048593750
-7.9240000000,-0.0050000000
-7.9200000000,-0.0048281250
-7.9160000000,-0.0050312500
-7.9120000000,-0.0050000000
-7.9080000000,-0.0049375000
-7.9040000000,-0.0051250000
-7.9000000000,-0.0048125000
-7.8960000000,-0.0050781250
-7.8920000000,-0.0050000000
-7.8880000000,-0.0051875000
-7.8840000000,-0.0050625000
-7.8800000000,-0.0049375000
-7.8760000000,-0.0050312500
-7.8720000000,-0.0050937500
-7.8680000000,-0.0049843750
-7.8640000000,-0.0051875000
-7.8600000000,-0.0051250000
-7.8560000000,-0.0047187500
-7.8520000000,-0.0049218750
-7.8480000000,-0.0049843750
-7.8440000000,-0.0049843750
-7.8400000000,-0.0049218750
-7.8360000000,-0.0050468750
-7.8320000000,-0.0047812500
-7.8280000000,-0.0050156250
-7.8240000000,-0.0048125000
-7.8200000000,-0.0051406250
-7.8160000000,-0.0049375000
-7.8120000000,-0.0049843750
-7.8080000000,-0.0050468750
-7.8040000000,-0.0049687500
-7.8000000000,-0.0048281250
-7.7960000000,-0.0051875000
-7.7920000000,-0.0047968750
-7.7880000000,-0.0050312500
-7.7840000000,-0.0049375000
-7.7800000000,-0.0051250000
-7.7760000000,-0.0051562500
-7.7720000000,-0.0048750000
-7.7680000000,-0.0050000000
-7.7640000000,-0.0049687500
-7.7600000000,-0.0050937500
-7.7560000000,-0.0050468750
-7.7520000000,-0.0049687500
-7.7480000000,-0.0050312500
-7.7440000000,-0.0051718750
-7.7400000000,-0.0050468750
-7.7360000000,-0.0049687500
-7.7320000000,-0.0050000000
-7.7280000000,-0.0047968750
-7.7240000000,-0.0050937500
-7.7200000000,-0.0051093750
-7.7160000000,-0.0050000000
-7.7120000000,-0.0050156250
-7.7080000000,-0.0051406250
-7.7040000000,-0.0049687500
-7.7000000000,-0.0049218750
-7.6960000000,-0.0050156250
-7.6920000000,-0.0049218750
-7.6880000000,-0.0049687500
-7.6840000000,-0.0050000000
-7.6800000000,-0.0049843750
-7.6760000000,-0.0049218750
-7.6720000000,-0.0048593750
-7.6680000000,-0.0052500000
-7.6640000000,-0.0050312500
-7.6600000000,-0.0050468750
-7.6560000000,-0.0049531250
-7.6520000000,-0.0049687500
-7.6480000000,-0.0050468750
-7.6440000000,-0.0047343750
-7.6400000000,-0.0048437500
-7.6360000000,-0.0049375000
-7.6320000000,-0.0050937500
-7.6280000000,-0.0049843750
-7.6240000000,-0.0049531250
-7.6200000000,-0.0049218750
-7.6160000000,-0.0051250000
-7.6120000000,-0.0051406250
-7.6080000000,-0.0049687500
-7.6040000000,-0.0049375000
-7.6000000000,-0.0045781250
-7.5960000000,-0.0050781250
-7.5920000000,-0.0051562500
-7.5880000000,-0.0050937500
-7.5840000000,-0.0051718750
-7.5800000000,-0.0052031250
-7.5760000000,-0.0050781250
-7.5720000000,-0.0050781250
-7.5680000000,-0.0050937500
-7.5640000000,-0.0050468750
-7.5600000000,-0.0051406250
-7.5560000000,-0.0050156250
-7.5520000000,-0.0050625000
-7.5480000000,-0.0051406250
-7.5440000000,-0.0050000000
-7.5400000000,-0.0051562500
-7.5360000000,-0.0048281250
-7.5320000000,-0.0052031250
-7.5280000000,-0.0050468750
-7.5240000000,-0.0050000000
-7.5200000000,-0.0050937500
-7.5160000000,-0.0047968750
-7.5120000000,-0.0049375000
-7.5080000000,-0.0049843750
-7.5040000000,-0.0051718750
-7.5000000000,-0.0050937500
-7.4960000000,-0.0049843750
-7.4920000000,-0.0049531250
-7.4880000000,-0.0049062500
-7.4840000000,-0.0050156250
-7.4800000000,-0.0052500000
-7.4760000000,-0.0050937500
-7.4720000000,-0.0045781250
-7.4680000000,-0.0050781250
-7.4640000000,-0.0051562500
-7.4600000000,-0.0048906250
-7.4560000000,-0.0051875000
-7.4520000000,-0.0051562500
-7.4480000000,-0.0049062500
-7.4440000000,-0.0051875000
-7.4400000000,-0.0050468750
-7.4360000000,-0.0049531250
-7.4320000000,-0.0051875000
-7.4280000000,-0.0050937500
-7.4240000000,-0.0050468750
-7.4200000000,-0.0051093750
-7.4160000000,-0.0048906250
-7.4120000000,-0.0052500000
-7.4080000000,-0.0048125000
-7.4040000000,-0.0051406250
-7.4000000000,-0.0049843750
-7.3960000000,-0.0048750000
-7.3920000000,-0.0049531250
-7.3880000000,-0.0048906250
-7.3840000000,-0.0050156250
-7.3800000000,-0.0048593750
-7.3760000000,-0.0052500000
-7.3720000000,-0.0050156250
-7.3680000000,-0.0049687500
-7.3640000000,-0.0049375000
-7.3600000000,-0.0049843750
-7.3560000000,-0.0050781250
-7.3520000000,-0.0050000000
-7.3480000000,-0.0050937500
-7.3440000000,-0.0050312500
-7.3400000000,-0.0049687500
-7.3360000000,-0.0048750000
-7.3320000000,-0.0050625000
-7.3280000000,-0.0050156250
-7.3240000000,-0.0051562500
-7.3200000000,-0.0050000000
-7.3160000000,-0.0050000000
-7.3120000000,-0.0049687500
-7.3080000000,-0.0050000000
-7.3040000000,-0.0051718750
-7.3000000000,-0.0050000000
-7.2960000000,-0.0051406250
-7.2920000000,-0.0049687500
-7.2880000000,-0.0049687500
-7.2840000000,-0.0051250000
-7.2800000000,-0.0048125000
-7.2760000000,-0.0050625000
-7.2720000000,-0.0049687500
-7.2680000000,-0.0049375000
-7.2640000000,-0.0051093750
-7.2600000000,-0.0049843750
-7.2560000000,-0.0048593750
-7.2520000000,-0.0049687500
-7.2480000000,-0.0051093750
-7.2440000000,-0.0050625000
-7.2400000000,-0.0049375000
-7.2360000000,-0.0050000000
-7.2320000000,-0.0050937500
-7.2280000000,-0.0049531250
-7.2240000000,-0.0050937500
-7.2200000000,-0.0049375000
-7.2160000000,-0.0047187500
-7.2120000000,-0.0050781250
-7.2080000000,-0.0051718750
-7.2040000000,-0.0049531250
-7.2000000000,-0.0050625000
-7.1960000000,-0.0050625000
-7.1920000000,-0.0049843750
-7.1880000000,-0.0051250000
-7.1840000000,-0.0050468750
-7.1800000000,-0.0048593750
-7.1760000000,-0.0050312500
-7.1720000000,-0.0049687500
-7.1680000000,-0.0049375000
-7.1640000000,-0.0049687500
-7.1600000000,-0.0048906250
-7.1560000000,-0.0051250000
-7.1520000000,-0.0048281250
-7.1480000000,-0.0050468750
-7.1440000000,-0.0049375000
-7.1400000000,-0.0048593750
-7.1360000000,-0.0050156250
-7.1320000000,-0.0047812500
-7.1280000000,-0.0047968750
-7.1240000000,-0.0049375000
-7.1200000000,-0.0052031250
-7.1160000000,-0.0051093750
-7.1120000000,-0.0048906250
-7.1080000000,-0.0048750000
-7.1040000000,-0.0050468750
-7.1000000000,-0.0049843750
-7.0960000000,-0.0051562500
-7.0920000000,-0.0050156250
-7.0880000000,-0.0045312500
-7.0840000000,-0.0051562500
-7.0800000000,-0.0050625000
-7.0760000000,-0.0049218750
-7.0720000000,-0.0050156250
-7.0680000000,-0.0051718750
-7.0640000000,-0.0049843750
-7.0600000000,-0.0049843750
-7.0560000000,-0.0050156250
-7.0520000000,-0.0050312500
-7.0480000000,-0.0051562500
-7.0440000000,-0.0050468750
-7.0400000000,-0.0050000000
-7.0360000000,-0.0049843750
-7.0320000000,-0.0048750000
-7.0280000000,-0.0050625000
-7.0240000000,-0.0048437500
-7.0200000000,-0.0050781250
-7.0160000000,-0.0051406250
-7.0120000000,-0.0049531250
-7.0080000000,-0.0049843750
-7.0040000000,-0.0049531250
-7.0000000000,-0.0049687500
-6.9960000000,-0.0049843750
-6.9920000000,-0.0051093750
-6.9880000000,-0.0049843750
-6.9840000000,-0.0050000000
-6.9800000000,-0.0050468750
-6.9760000000,-0.0050312500
-6.9720000000,-0.0052031250
-6.9680000000,-0.0050625000
-6.9640000000,-0.0049218750
-6.9600000000,-0.0049375000
-6.9560000000,-0.0050781250
-6.9520000000,-0.0051406250
-6.9480000000,-0.0048437500
-6.9440000000,-0.0050781250
-6.9400000000,-0.0051875000
-6.9360000000,-0.0050625000
-6.9320000000,-0.0050937500
-6.9280000000,-0.0050156250
-6.9240000000,-0.0049531250
-6.9200000000,-0.0050937500
-6.9160000000,-0.0050156250
-6.9120000000,-0.0051406250
-6.9080000000,-0.0051250000
-6.9040000000,-0.0047812500
-6.9000000000,-0.0050625000
-6.8960000000,-0.0049218750
-6.8920000000,-0.0051093750
-6.8880000000,-0.0049843750
-6.8840000000,-0.0049687500
-6.8800000000,-0.0050000000
-6.8760000000,-0.0049062500
-6.8720000000,-0.0048437500
-6.8680000000,-0.0050000000
-6.8640000000,-0.0050156250
-6.8600000000,-0.0049687500
-6.8560000000,-0.0048437500
-6.8520000000,-0.0049843750
-6.8480000000,-0.0049687500
-6.8440000000,-0.0052031250
-6.8400000000,-0.0050312500
-6.8360000000,-0.0050156250
-6.8320000000,-0.0047187500
-6.8280000000,-0.0050625000
-6.8240000000,-0.0051406250
-6.8200000000,-0.0051250000
-6.8160000000,-0.0050625000
-6.8120000000,-0.0052656250
-6.8080000000,-0.0049531250
-6.8040000000,-0.0050312500
-6.8000000000,-0.0051093750
-6.7960000000,-0.0049218750
-6.7920000000,-0.0051093750
-6.7880000000,-0.0050468750
-6.7840000000,-0.0051718750
-6.7800000000,-0.0050000000
-6.7760000000,-0.0048750000
-6.7720000000,-0.0050312500
-6.7680000000,-0.0048906250
-6.7640000000,-0.0050156250
-6.7600000000,-0.0049843750
-6.7560000000,-0.0049375000
-6.7520000000,-0.0052187500
-6.7480000000,-0.0048281250
-6.7440000000,-0.0050156250
-6.7400000000,-0.0048437500
-6.7360000000,-0.0050156250
-6.7320000000,-0.0050937500
-6.7280000000,-0.0049687500
-6.7240000000,-0.0049843750
-6.7200000000,-0.0049062500
-6.7160000000,-0.0051562500
-6.7120000000,-0.0052187500
-6.7080000000,-0.0050156250
-6.7040000000,-0.0048593750
-6.7000000000,-0.0051562500
-6.6960000000,-0.0050312500
-6.6920000000,-0.0049531250
-6.6880000000,-0.0050468750
-6.6840000000,-0.0050781250
-6.6800000000,-0.0049687500
-6.6760000000,-0.0050625000
-6.6720000000,-0.0050312500
-6.6680000000,-0.0049375000
-6.6640000000,-0.0051562500
-6.6600000000,-0.0049218750
-6.6560000000,-0.0050468750
-6.6520000000,-0.0047968750
-6.6480000000,-0.0050937500
-6.6440000000,-0.0050468750
-6.6400000000,-0.0048281250
-6.6360000000,-0.0049843750
-6.6320000000,-0.0049843750
-6.6280000000,-0.0047968750
-6.6240000000,-0.0051406250
-6.6200000000,-0.0048906250
-6.6160000000,-0.0049375000
-6.6120000000,-0.0051093750
-6.6080000000,-0.0050312500
-6.6040000000,-0.0049375000
-6.6000000000,-0.0048125000
-6.5960000000,-0.0050312500
-6.5920000000,-0.0050937500
-6.5880000000,-0.0050312500
-6.5840000000,-0.0051406250
-6.5800000000,-0.0049375000
-6.5760000000,-0.0046875000
-6.5720000000,-0.0051250000
-6.5680000000,-0.0049843750
-6.5640000000,-0.0048750000
-6.5600000000,-0.0049843750
-6.5560000000,-0.0052343750
-6.5520000000,-0.0049218750
-6.5480000000,-0.0052500000
-6.5440000000,-0.0050000000
-6.5400000000,-0.0050156250
-6.5360000000,-0.0051718750
-6.5320000000,-0.0051875000
-6.5280000000,-0.0050468750
-6.5240000000,-0.0050000000
-6.5200000000,-0.0049218750
-6.5160000000,-0.0049687500
-6.5120000000,-0.0050156250
-6.5080000000,-0.0051406250
-6.5040000000,-0.0049218750
-6.5000000000,-0.0047968750
-6.4960000000,-0.0050625000
-6.4920000000,-0.0047968750
-6.4880000000,-0.0048437500
-6.4840000000,-0.0050468750
-6.4800000000,-0.0049687500
-6.4760000000,-0.0050000000
-6.4720000000,-0.0049375000
-6.4680000000,-0.0051406250
-6.4640000000,-0.0050937500
-6.4600000000,-0.0050312500
-6.4560000000,-0.0050000000
-6.4520000000,-0.0048906250
-6.4480000000,-0.0048281250
-6.4440000000,-0.0051718750
-6.4400000000,-0.0051406250
-6.4360000000,-0.0050781250
-6.4320000000,-0.0048750000
-6.4280000000,-0.0052343750
-6.4240000000,-0.0048593750
-6.4200000000,-0.0050781250
-6.4160000000,-0.0050156250
-6.4120000000,-0.0050000000
-6.4080000000,-0.0050156250
-6.4040000000,-0.0050156250
-6.4000000000,-0.0051406250
-6.3960000000,-0.0049375000
-6.3920000000,-0.0048906250
-6.3880000000,-0.0051093750
-6.3840000000,-0.0048750000
-6.3800000000,-0.0049687500
-6.3760000000,-0.0050625000
-6.3720000000,-0.0049062500
-6.3680000000,-0.0050312500
-6.3640000000,-0.0049843750
-6.3600000000,-0.0048125000
-6.3560000000,-0.0050937500
-6.3520000000,-0.0051093750
-6.3480000000,-0.0050156250
-6.3440000000,-0.0047968750
-6.3400000000,-0.0048750000
-6.3360000000,-0.0050312500
-6.3320000000,-0.0052031250
-6.3280000000,-0.0051093750
-6.3240000000,-0.0049687500
-6.3200000000,-0.0049062500
-6.3160000000,-0.0051562500
-6.3120000000,-0.0050468750
-6.3080000000,-0.0050156250
-6.3040000000,-0.0049218750
-6.3000000000,-0.0052343750
-6.2960000000,-0.0049375000
-6.2920000000,-0.0049531250
-6.2880000000,-0.0049843750
-6.2840000000,-0.0050000000
-6.2800000000,-0.0051406250
-6.2760000000,-0.0049062500
-6.2720000000,-0.0050468750
-6.2680000000,-0.0047500000
-6.2640000000,-0.0049531250
-6.2600000000,-0.0050312500
-6.2560000000,-0.0048750000
-6.2520000000,-0.0049218750
-6.2480000000,-0.0049687500
-6.2440000000,-0.0049843750
-6.2400000000,-0.0049843750
-6.2360000000,-0.0050468750
-6.2320000000,-0.0048437500
-6.2280000000,-0.0050156250
-6.2240000000,-0.0050000000
-6.2200000000,-0.0050156250
-6.2160000000,-0.0049531250
-6.2120000000,-0.0050000000
-6.2080000000,-0.0050625000
-6.2040000000,-0.0051250000
-6.2000000000,-0.0050000000
-6.1960000000,-0.0051093750
-6.1920000000,-0.0048125000
-6.1880000000,-0.0050468750
-6.1840000000,-0.0049218750
-6.1800000000,-0.0049218750
-6.1760000000,-0.0050781250
-6.1720000000,-0.0053437500
-6.1680000000,-0.0050156250
-6.1640000000,-0.0050937500
-6.1600000000,-0.0051718750
-6.1560000000,-0.0049218750
-6.1520000000,-0.0051093750
-6.1480000000,-0.0049531250
-6.1440000000,-0.0051875000
-6.1400000000,-0.0048281250
-6.1360000000,-0.0048593750
-6.1320000000,-0.0050312500
-6.1280000000,-0.0049062500
-6.1240000000,-0.0051406250
-6.1200000000,-0.0050625000
-6.1160000000,-0.0049062500
-6.1120000000,-0.0052187500
-6.1080000000,-0.0049062500
-6.1040000000,-0.0049218750
-6.1000000000,-0.0050156250
-6.0960000000,-0.0050781250
-6.0920000000,-0.0050312500
-6.0880000000,-0.0048750000
-6.0840000000,-0.0049375000
-6.0800000000,-0.0049062500
-6.0760000000,-0.0052187500
-6.0720000000,-0.0051875000
-6.0680000000,-0.0051406250
-6.0640000000,-0.0049218750
-6.0600000000,-0.0049687500
-6.0560000000,-0.0051718750
-6.0520000000,-0.0048750000
-6.0480000000,-0.0050000000
-6.0440000000,-0.0052343750
-6.0400000000,-0.0049687500
-6.0360000000,-0.0051718750
-6.0320000000,-0.0051875000
-6.0280000000,-0.0049687500
-6.0240000000,-0.0050468750
-6.0200000000,-0.0050156250
-6.0160000000,-0.0050625000
-6.0120000000,-0.0047812500
-6.0080000000,-0.0049062500
-6.0040000000,-0.0052031250
-6.0000000000,-0.0047968750
-5.9960000000,-0.0048906250
-5.9920000000,-0.0049218750
-5.9880000000,-0.0051250000
-5.9840000000,-0.0050625000
-5.9800000000,-0.0049218750
-5.9760000000,-0.0046718750
-5.9720000000,-0.0049687500
-5.9680000000,-0.0049062500
-5.9640000000,-0.0050468750
-5.9600000000,-0.0049843750
-5.9560000000,-0.0050312500
-5.9520000000,-0.0049375000
-5.9480000000,-0.0051875000
-5.9440000000,-0.0051875000
-5.9400000000,-0.0049843750
-5.9360000000,-0.0048281250
-5.9320000000,-0.0050781250
-5.9280000000,-0.0049531250
-5.9240000000,-0.0050468750
-5.9200000000,-0.0049531250
-5.9160000000,-0.0051562500
-5.9120000000,-0.0048437500
-5.9080000000,-0.0051406250
-5.9040000000,-0.0052031250
-5.9000000000,-0.0049062500
-5.8960000000,-0.0049687500
-5.8920000000,-0.0049062500
-5.8880000000,-0.0051875000
-5.8840000000,-0.0047500000
-5.8800000000,-0.0050000000
-5.8760000000,-0.0050937500
-5.8720000000,-0.0049375000
-5.8680000000,-0.0051875000
-5.8640000000,-0.0050468750
-5.8600000000,-0.0048750000
-5.8560000000,-0.0052031250
-5.8520000000,-0.0048750000
-5.8480000000,-0.0049375000
-5.8440000000,-0.0049375000
-5.8400000000,-0.0050312500
-5.8360000000,-0.0050000000
-5.8320000000,-0.0049062500
-5.8280000000,-0.0049531250
-5.8240000000,-0.0049843750
-5.8200000000,-0.0049218750
-5.8160000000,-0.0052500000
-5.8120000000,-0.0049843750
-5.8080000000,-0.0047031250
-5.8040000000,-0.0051406250
-5.8000000000,-0.0051093750
-5.7960000000,-0.0050000000
-5.7920000000,-0.0050625000
-5.7880000000,-0.0051718750
-5.7840000000,-0.0048593750
-5.7800000000,-0.0048593750
-5.7760000000,-0.0051875000
-5.7720000000,-0.0048593750
-5.7680000000,-0.0050000000
-5.7640000000,-0.0049375000
-5.7600000000,-0.0050468750
-5.7560000000,-0.0047031250
-5.7520000000,-0.0049531250
-5.7480000000,-0.0051406250
-5.7440000000,-0.0051562500
-5.7400000000,-0.0050781250
-5.7360000000,-0.0049687500
-5.7320000000,-0.0049062500
-5.7280000000,-0.0051718750
-5.7240000000,-0.0050000000
-5.7200000000,-0.0048125000
-5.7160000000,-0.0049843750
-5.7120000000,-0.0050625000
-5.7080000000,-0.0050468750
-5.7040000000,-0.0050156250
-5.7000000000,-0.0050937500
-5.6960000000,-0.0050000000
-5.6920000000,-0.0050781250
-5.6880000000,-0.0051406250
-5.6840000000,-0.0049843750
-5.6800000000,-0.0047031250
-5.6760000000,-0.0050781250
-5.6720000000,-0.0049843750
-5.6680000000,-0.0048750000
-5.6640000000,-0.0049375000
-5.6600000000,-0.0051875000
-5.6560000000,-0.0050156250
-5.6520000000,-0.0049375000
-5.6480000000,-0.0052031250
-5.6440000000,-0.0049687500
-5.6400000000,-0.0049218750
-5.6360000000,-0.0049531250
-5.6320000000,-0.0051093750
-5.6280000000,-0.0048281250
-5.6240000000,-0.0048750000
-5.6200000000,-0.0050937500
-5.6160000000,-0.0049062500
-5.6120000000,-0.0051250000
-5.6080000000,-0.0049687500
-5.6040000000,-0.0049531250
-5.6000000000,-0.0052031250
-5.5960000000,-0.0049218750
-5.5920000000,-0.0049218750
-5.5880000000,-0.0047968750
-5.5840000000,-0.0050781250
-5.5800000000,-0.0050625000
-5.5760000000,-0.0050625000
-5.5720000000,-0.0049687500
-5.5680000000,-0.0050312500
-5.5640000000,-0.0051562500
-5.5600000000,-0.0050625000
-5.5560000000,-0.0048906250
-5.5520000000,-0.0048906250
-5.5480000000,-0.0050312500
-5.5440000000,-0.0049843750
-5.5400000000,-0.0049843750
-5.5360000000,-0.0050937500
-5.5320000000,-0.0052812500
-5.5280000000,-0.0048281250
-5.5240000000,-0.0050937500
-5.5200000000,-0.0050156250
-5.5160000000,-0.0049687500
-5.5120000000,-0.0050000000
-5.5080000000,-0.0051250000
-5.5040000000,-0.0051562500
-5.5000000000,-0.0048437500
-5.4960000000,-0.0050312500
-5.4920000000,-0.0050781250
-5.4880000000,-0.0048281250
-5.4840000000,-0.0050156250
-5.4800000000,-0.0049843750
-5.4760000000,-0.0049687500
-5.4720000000,-0.0051875000
-5.4680000000,-0.0049531250
-5.4640000000,-0.0048906250
-5.4600000000,-0.0049375000
-5.4560000000,-0.0052343750
-5.4520000000,-0.0050625000
-5.4480000000,-0.0049375000
-5.4440000000,-0.0048906250
-5.4400000000,-0.0051875000
-5.4360000000,-0.0051093750
-5.4320000000,-0.0050625000
-5.4280000000,-0.0049062500
-5.4240000000,-0.0049531250
-5.4200000000,-0.0050625000
-5.4160000000,-0.0052031250
-5.4120000000,-0.0050000000
-5.4080000000,-0.0049375000
-5.4040000000,-0.0052656250
-5.4000000000,-0.0050156250
-5.3960000000,-0.0049062500
-5.3920000000,-0.0051250000
-5.3880000000,-0.0049218750
-5.3840000000,-0.0050468750
-5.3800000000,-0.0049687500
-5.3760000000,-0.0052187500
-5.3720000000,-0.0047812500
-5.3680000000,-0.0049218750
-5.3640000000,-0.0050000000
-5.3600000000,-0.0048906250
-5.3560000000,-0.0051093750
-5.3520000000,-0.0049531250
-5.3480000000,-0.0048750000
-5.3440000000,-0.0051562500
-5.3400000000,-0.0050156250
-5.3360000000,-0.0050000000
-5.3320000000,-0.0048906250
-5.3280000000,-0.0049687500
-5.3240000000,-0.0051093750
-5.3200000000,-0.0047968750
-5.3160000000,-0.0049687500
-5.3120000000,-0.0050781250
-5.3080000000,-0.0050468750
-5.3040000000,-0.0050937500
-5.3000000000,-0.0049687500
-5.2960000000,-0.0049062500
-5.2920000000,-0.0050781250
-5.2880000000,-0.0051718750
-5.2840000000,-0.0049375000
-5.2800000000,-0.0049843750
-5.2760000000,-0.0051718750
-5.2720000000,-0.0047500000
-5.2680000000,-0.0051406250
-5.2640000000,-0.0050468750
-5.2600000000,-0.0048906250
-5.2560000000,-0.0050000000
-5.2520000000,-0.0050625000
-5.2480000000,-0.0051406250
-5.2440000000,-0.0047968750
-5.2400000000,-0.0048750000
-5.2360000000,-0.0050156250
-5.2320000000,-0.0047656250
-5.2280000000,-0.0049687500
-5.2240000000,-0.0050000000
-5.2200000000,-0.0049843750
-5.2160000000,-0.0051562500
-5.2120000000,-0.0049531250
-5.2080000000,-0.0049218750
-5.2040000000,-0.0048906250
-5.2000000000,-0.0050000000
-5.1960000000,-0.0050312500
-5.1920000000,-0.0048750000
-5.1880000000,-0.0048593750
-5.1840000000,-0.0051250000
-5.1800000000,-0.0052500000
-5.1760000000,-0.0053125000
-5.1720000000,-0.0048906250
-5.1680000000,-0.0048437500
-5.1640000000,-0.0049843750
-5.1600000000,-0.0051093750
-5.1560000000,-0.0050625000
-5.1520000000,-0.0052031250
-5.1480000000,-0.0051093750
-5.1440000000,-0.0048125000
-5.1400000000,-0.0049375000
-5.1360000000,-0.0051875000
-5.1320000000,-0.0050156250
-5.1280000000,-0.0047187500
-5.1240000000,-0.0048750000
-5.1200000000,-0.0050625000
-5.1160000000,-0.0049218750
-5.1120000000,-0.0050312500
-5.1080000000,-0.0050937500
-5.1040000000,-0.0049218750
-5.1000000000,-0.0049375000
-5.0960000000,-0.0050000000
-5.0920000000,-0.0048593750
-5.0880000000,-0.0049687500
-5.0840000000,-0.0050625000
-5.0800000000,-0.0049375000
-5.0760000000,-0.0050156250
-5.0720000000,-0.0050312500
-5.0680000000,-0.0049843750
-5.0640000000,-0.0048125000
-5.0600000000,-0.0050312500
-5.0560000000,-0.0050468750
-5.0520000000,-0.0051718750
-5.0480000000,-0.0051093750
-5.0440000000,-0.0048750000
-5.0400000000,-0.0047968750
-5.0360000000,-0.0051093750
-5.0320000000,-0.0050468750
-5.0280000000,-0.0049687500
-5.0240000000,-0.0050000000
-5.0200000000,-0.0051875000
-5.0160000000,-0.0047968750
-5.0120000000,-0.0048281250
-5.0080000000,-0.0050625000
-5.0040000000,-0.0049375000
-5.0000000000,-0.0048906250
-4.9960000000,-0.0050000000
-4.9920000000,-0.0051718750
-4.9880000000,-0.0047343750
-4.9840000000,-0.0048750000
-4.9800000000,-0.0050156250
-4.9760000000,-0.0048593750
-4.9720000000,-0.0048750000
-4.9680000000,-0.0050000000
-4.9640000000,-0.0048906250
-4.9600000000,-0.0051562500
-4.9560000000,-0.0052656250
-4.9520000000,-0.0049375000
-4.9480000000,-0.0050468750
-4.9440000000,-0.0049687500
-4.9400000000,-0.0051250000
-4.9360000000,-0.0048593750
-4.9320000000,-0.0048593750
-4.9280000000,-0.0049375000
-4.9240000000,-0.0051718750
-4.9200000000,-0.0052031250
-4.9160000000,-0.0048281250
-4.9120000000,-0.0048281250
-4.9080000000,-0.0050312500
-4.9040000000,-0.0048281250
-4.9000000000,-0.0049218750
-4.8960000000,-0.0047500000
-4.8920000000,-0.0051875000
-4.8880000000,-0.0049375000
-4.8840000000,-0.0050000000
-4.8800000000,-0.0051093750
-4.8760000000,-0.0050000000
-4.8720000000,-0.0051406250
-4.8680000000,-0.0049531250
-4.8640000000,-0.0051093750
-4.8600000000,-0.0048906250
-4.8560000000,-0.0050156250
-4.8520000000,-0.0050156250
-4.8480000000,-0.0049687500
-4.8440000000,-0.0049375000
-4.8400000000,-0.0050937500
-4.8360000000,-0.0048750000
-4.8320000000,-0.0051406250
-4.8280000000,-0.0049531250
-4.8240000000,-0.0049218750
-4.8200000000,-0.0049843750
-4.8160000000,-0.0050312500
-4.8120000000,-0.0051250000
-4.8080000000,-0.0048125000
-4.8040000000,-0.0049062500
-4.8000000000,-0.0050781250
-4.7960000000,-0.0050000000
-4.7920000000,-0.0051562500
-4.7880000000,-0.0049062500
-4.7840000000,-0.0048281250
-4.7800000000,-0.0050781250
-4.7760000000,-0.0052343750
-4.7720000000,-0.0048750000
-4.7680000000,-0.0050468750
-4.7640000000,-0.0051406250
-4.7600000000,-0.0048437500
-4.7560000000,-0.0048906250
-4.7520000000,-0.0052187500
-4.7480000000,-0.0050781250
-4.7440000000,-0.0049375000
-4.7400000000,-0.0050000000
-4.7360000000,-0.0050781250
-4.7320000000,-0.0049062500
-4.7280000000,-0.0047500000
-4.7240000000,-0.0051875000
-4.7200000000,-0.0049218750
-4.7160000000,-0.0049218750
-4.7120000000,-0.0050156250
-4.7080000000,-0.0049375000
-4.7040000000,-0.0050781250
-4.7000000000,-0.0050312500
-4.6960000000,-0.0050156250
-4.6920000000,-0.0050781250
-4.6880000000,-0.0052500000
-4.6840000000,-0.0051093750
-4.6800000000,-0.0049843750
-4.6760000000,-0.0050781250
-4.6720000000,-0.0047968750
-4.6680000000,-0.0052031250
-4.6640000000,-0.0050781250
-4.6600000000,-0.0049531250
-4.6560000000,-0.0047031250
-4.6520000000,-0.0050312500
-4.6480000000,-0.0049531250
-4.6440000000,-0.0050000000
-4.6400000000,-0.0050312500
-4.6360000000,-0.0052656250
-4.6320000000,-0.0046718750
-4.6280000000,-0.0050625000
-4.6240000000,-0.0051250000
-4.6200000000,-0.0049531250
-4.6160000000,-0.0051875000
-4.6120000000,-0.0050000000
-4.6080000000,-0.0051093750
-4.6040000000,-0.0051093750
-4.6000000000,-0.0047968750
-4.5960000000,-0.0051093750
-4.5920000000,-0.0048125000
-4.5880000000,-0.0052187500
-4.5840000000,-0.0050156250
-4.5800000000,-0.0049062500
-4.5760000000,-0.0051406250
-4.5720000000,-0.0049531250
-4.5680000000,-0.0048593750
-4.5640000000,-0.0049062500
-4.5600000000,-0.0049843750
-4.5560000000,-0.0051093750
-4.5520000000,-0.0048750000
-4.5480000000,-0.0051250000
-4.5440000000,-0.0051093750
-4.5400000000,-0.0050468750
-4.5360000000,-0.0051250000
-4.5320000000,-0.0049531250
-4.5280000000,-0.0048750000
-4.5240000000,-0.0050000000
-4.5200000000,-0.0051718750
-4.5160000000,-0.0049062500
-4.5120000000,-0.0048281250
-4.5080000000,-0.0052031250
-4.5040000000,-0.0049062500
-4.5000000000,-0.0050000000
-4.4960000000,-0.0052968750
-4.4920000000,-0.0049218750
-4.4880000000,-0.0049062500
-4.4840000000,-0.0050000000
-4.4800000000,-0.0050781250
-4.4760000000,-0.0049687500
-4.4720000000,-0.0050625000
-4.4680000000,-0.0050937500
-4.4640000000,-0.0049687500
-4.4600000000,-0.0050312500
-4.4560000000,-0.0049843750
-4.4520000000,-0.0049687500
-4.4480000000,-0.0050937500
-4.4440000000,-0.0051093750
-4.4400000000,-0.0051093750
-4.4360000000,-0.0050468750
-4.4320000000,-0.0050937500
-4.4280000000,-0.0050156250
-4.4240000000,-0.0049218750
-4.4200000000,-0.0049843750
-4.4160000000,-0.0049687500
-4.4120000000,-0.0051875000
-4.4080000000,-0.0052656250
-4.4040000000,-0.0048906250
-4.4000000000,-0.0048750000
-4.3960000000,-0.0050000000
-4.3920000000,-0.0050312500
-4.3880000000,-0.0050156250
-4.3840000000,-0.0048593750
-4.3800000000,-0.0051562500
-4.3760000000,-0.0051093750
-4.3720000000,-0.0048437500
-4.3680000000,-0.0050781250
-4.3640000000,-0.0050156250
-4.3600000000,-0.0049531250
-4.3560000000,-0.0049218750
-4.3520000000,-0.0051093750
-4.3480000000,-0.0051718750
-4.3440000000,-0.0050781250
-4.3400000000,-0.0050625000
-4.3360000000,-0.0050781250
-4.3320000000,-0.0051406250
-4.3280000000,-0.0049843750
-4.3240000000,-0.0049062500
-4.3200000000,-0.0052500000
-4.3160000000,-0.0050937500
-4.3120000000,-0.0049687500
-4.3080000000,-0.0049218750
-4.3040000000,-0.0049218750
-4.3000000000,-0.0051562500
-4.2960000000,-0.0048906250
-4.2920000000,-0.0051718750
-4.2880000000,-0.0050625000
-4.2840000000,-0.0050937500
-4.2800000000,-0.0050625000
-4.2760000000,-0.0049218750
-4.2720000000,-0.0049687500
-4.2680000000,-0.0050468750
-4.2640000000,-0.0050000000
-4.2600000000,-0.0049218750
-4.2560000000,-0.0048593750
-4.2520000000,-0.0051718750
-4.2480000000,-0.0048281250
-4.2440000000,-0.0050156250
-4.2400000000,-0.0050156250
-4.2360000000,-0.0051250000
-4.2320000000,-0.0048906250
-4.2280000000,-0.0049062500
-4.2240000000,-0.0051562500
-4.2200000000,-0.0050156250
-4.2160000000,-0.0050937500
-4.2120000000,-0.0050468750
-4.2080000000,-0.0049375000
-4.2040000000,-0.0050000000
-4.2000000000,-0.0051562500
-4.1960000000,-0.0050781250
-4.1920000000,-0.0051718750
-4.1880000000,-0.0050781250
-4.1840000000,-0.0049687500
-4.1800000000,-0.0048750000
-4.1760000000,-0.0050156250
-4.1720000000,-0.0051406250
-4.1680000000,-0.0049218750
-4.1640000000,-0.0049687500
-4.1600000000,-0.0051562500
-4.1560000000,-0.0050937500
-4.1520000000,-0.0051406250
-4.1480000000,-0.0050625000
-4.1440000000,-0.0048750000
-4.1400000000,-0.0049843750
-4.1360000000,-0.0050468750
-4.1320000000,-0.0049218750
-4.1280000000,-0.0051250000
-4.1240000000,-0.0051250000
-4.1200000000,-0.0050000000
-4.1160000000,-0.0050468750
-4.1120000000,-0.0049687500
-4.1080000000,-0.0050312500
-4.1040000000,-0.0048437500
-4.1000000000,-0.0050625000
-4.0960000000,-0.0051250000
-4.0920000000,-0.0048125000
-4.0880000000,-0.0049375000
-4.0840000000,-0.0050937500
-4.0800000000,-0.0048125000
-4.0760000000,-0.0050781250
-4.0720000000,-0.0048750000
-4.0680000000,-0.0049687500
-4.0640000000,-0.0050000000
-4.0600000000,-0.0050625000
-4.0560000000,-0.0049843750
-4.0520000000,-0.0047812500
-4.0480000000,-0.0050625000
-4.0440000000,-0.0050000000
-4.0400000000,-0.0049062500
-4.0360000000,-0.0049531250
-4.0320000000,-0.0049062500
-4.0280000000,-0.0050468750
-4.0240000000,-0.0051093750
-4.0200000000,-0.0048281250
-4.0160000000,-0.0050156250
-4.0120000000,-0.0050156250
-4.0080000000,-0.0049062500
-4.0040000000,-0.0049375000
-4.0000000000,-0.0049531250
-3.9960000000,-0.0052031250
-3.9920000000,-0.0048125000
-3.9880000000,-0.0051718750
-3.9840000000,-0.0052500000
-3.9800000000,-0.0049531250
-3.9760000000,-0.0048750000
-3.9720000000,-0.0049375000
-3.9680000000,-0.0051562500
-3.9640000000,-0.0050156250
-3.9600000000,-0.0049531250
-3.9560000000,-0.0050937500
-3.9520000000,-0.0047968750
-3.9480000000,-0.0052187500
-3.9440000000,-0.0048750000
-3.9400000000,-0.0050468750
-3.9360000000,-0.0049843750
-3.9320000000,-0.0050156250
-3.9280000000,-0.0048437500
-3.9240000000,-0.0049843750
-3.9200000000,-0.0049218750
-3.9160000000,-0.0049843750
-3.9120000000,-0.0048437500
-3.9080000000,-0.0050468750
-3.9040000000,-0.0050468750
-3.9000000000,-0.0048750000
-3.8960000000,-0.0049843750
-3.8920000000,-0.0048906250
-3.8880000000,-0.0050000000
-3.8840000000,-0.0049375000
-3.8800000000,-0.0051250000
-3.8760000000,-0.0048906250
-3.8720000000,-0.0051875000
-3.8680000000,-0.0052187500
-3.8640000000,-0.0049687500
-3.8600000000,-0.0050312500
-3.8560000000,-0.0051093750
-3.8520000000,-0.0049218750
-3.8480000000,-0.0050312500
-3.8440000000,-0.0049375000
-3.8400000000,-0.0052343750
-3.8360000000,-0.0049531250
-3.8320000000,-0.0047343750
-3.8280000000,-0.0051250000
-3.8240000000,-0.0049062500
-3.8200000000,-0.0050625000
-3.8160000000,-0.0048437500
-3.8120000000,-0.0052812500
-3.8080000000,-0.0051406250
-3.8040000000,-0.0051093750
-3.8000000000,-0.0048906250
-3.7960000000,-0.0049531250
-3.7920000000,-0.0050000000
-3.7880000000,-0.0052031250
-3.7840000000,-0.0048750000
-3.7800000000,-0.0049531250
-3.7760000000,-0.0050937500
-3.7720000000,-0.0050000000
-3.7680000000,-0.0049531250
-3.7640000000,-0.0048750000
-3.7600000000,-0.0049375000
-3.7560000000,-0.0051250000
-3.7520000000,-0.0052187500
-3.7480000000,-0.0050312500
-3.7440000000,-0.0049062500
-3.7400000000,-0.0052343750
-3.7360000000,-0.0047968750
-3.7320000000,-0.0050312500
-3.7280000000,-0.0051562500
-3.7240000000,-0.0052031250
-3.7200000000,-0.0047812500
-3.7160000000,-0.0050000000
-3.7120000000,-0.0051093750
-3.7080000000,-0.0049062500
-3.7040000000,-0.0048437500
-3.7000000000,-0.0050781250
-3.6960000000,-0.0050312500
-3.6920000000,-0.0051718750
-3.6880000000,-0.0051406250
-3.6840000000,-0.0052031250
-3.6800000000,-0.0049062500
-3.6760000000,-0.0051562500
-3.6720000000,-0.0051562500
-3.6680000000,-0.0050937500
-3.6640000000,-0.0050000000
-3.6600000000,-0.0051250000
-3.6560000000,-0.0048125000
-3.6520000000,-0.0048750000
-3.6480000000,-0.0049531250
-3.6440000000,-0.0050000000
-3.6400000000,-0.0052187500
-3.6360000000,-0.0047968750
-3.6320000000,-0.0050000000
-3.6280000000,-0.0050312500
-3.6240000000,-0.0051718750
-3.6200000000,-0.0048593750
-3.6160000000,-0.0050625000
-3.6120000000,-0.0051562500
-3.6080000000,-0.0049375000
-3.6040000000,-0.0050468750
-3.6000000000,-0.0049843750
-3.5960000000,-0.0052031250
-3.5920000000,-0.0049687500
-3.5880000000,-0.0049843750
-3.5840000000,-0.0051406250
-3.5800000000,-0.0047968750
-3.5760000000,-0.0049218750
-3.5720000000,-0.0052031250
-3.5680000000,-0.0049687500
-3.5640000000,-0.0050000000
-3.5600000000,-0.0048906250
-3.5560000000,-0.0049531250
-3.5520000000,-0.0051406250
-3.5480000000,-0.0052031250
-3.5440000000,-0.0049062500
-3.5400000000,-0.0051250000
-3.5360000000,-0.0052031250
-3.5320000000,-0.0050312500
-3.5280000000,-0.0047812500
-3.5240000000,-0.0050781250
-3.5200000000,-0.0051093750
-3.5160000000,-0.0050312500
-3.5120000000,-0.0050781250
-3.5080000000,-0.0048125000
-3.5040000000,-0.0048593750
-3.5000000000,-0.0051875000
-3.4960000000,-0.0048906250
-3.4920000000,-0.0049218750
-3.4880000000,-0.0050156250
-3.4840000000,-0.0052187500
-3.4800000000,-0.0050781250
-3.4760000000,-0.0051250000
-3.4720000000,-0.0050468750
-3.4680000000,-0.0049687500
-3.4640000000,-0.0048593750
-3.4600000000,-0.0050312500
-3.4560000000,-0.0052031250
-3.4520000000,-0.0048437500
-3.4480000000,-0.0048125000
-3.4440000000,-0.0051875000
-3.4400000000,-0.0047968750
-3.4360000000,-0.0051250000
-3.4320000000,-0.0049687500
-3.4280000000,-0.0050156250
-3.4240000000,-0.0050156250
-3.4200000000,-0.0050000000
-3.4160000000,-0.0051093750
-3.4120000000,-0.0050312500
-3.4080000000,-0.0050312500
-3.4040000000,-0.0053437500
-3.4000000000,-0.0046562500
-3.3960000000,-0.0050781250
-3.3920000000,-0.0050468750
-3.3880000000,-0.0052500000
-3.3840000000,-0.0050937500
-3.3800000000,-0.0048906250
-3.3760000000,-0.0048906250
-3.3720000000,-0.0050625000
-3.3680000000,-0.0051250000
-3.3640000000,-0.0048593750
-3.3600000000,-0.0049687500
-3.3560000000,-0.0051718750
-3.3520000000,-0.0049687500
-3.3480000000,-0.0049843750
-3.3440000000,-0.0052031250
-3.3400000000,-0.0049687500
-3.3360000000,-0.0048906250
-3.3320000000,-0.0049218750
-3.3280000000,-0.0050937500
-3.3240000000,-0.0047968750
-3.3200000000,-0.0048906250
-3.3160000000,-0.0051406250
-3.3120000000,-0.0050468750
-3.3080000000,-0.0049687500
-3.3040000000,-0.0049218750
-3.3000000000,-0.0050312500
-3.2960000000,-0.0050468750
-3.2920000000,-0.0050468750
-3.2880000000,-0.0049218750
-3.2840000000,-0.0050000000
-3.2800000000,-0.0049218750
-3.2760000000,-0.0050937500
-3.2720000000,-0.0048281250
-3.2680000000,-0.0048906250
-3.2640000000,-0.0050000000
-3.2600000000,-0.0050937500
-3.2560000000,-0.0051250000
-3.2520000000,-0.0048125000
-3.2480000000,-0.0050468750
-3.2440000000,-0.0051406250
-3.2400000000,-0.0050468750
-3.2360000000,-0.0048750000
-3.2320000000,-0.0050312500
-3.2280000000,-0.0052031250
-3.2240000000,-0.0048437500
-3.2200000000,-0.0051250000
-3.2160000000,-0.0050625000
-3.2120000000,-0.0050312500
-3.2080000000,-0.0049062500
-3.2040000000,-0.0050468750
-3.2000000000,-0.0051718750
-3.1960000000,-0.0049062500
-3.1920000000,-0.0048750000
-3.1880000000,-0.0050625000
-3.1840000000,-0.0048437500
-3.1800000000,-0.0049843750
-3.1760000000,-0.0049843750
-3.1720000000,-0.0050937500
-3.1680000000,-0.0049375000
-3.1640000000,-0.0050468750
-3.1600000000,-0.0050000000
-3.1560000000,-0.0050156250
-3.1520000000,-0.0049843750
-3.1480000000,-0.0051562500
-3.1440000000,-0.0048750000
-3.1400000000,-0.0048437500
-3.1360000000,-0.0051718750
-3.1320000000,-0.0049687500
-3.1280000000,-0.0049375000
-3.1240000000,-0.0049218750
-3.1200000000,-0.0050156250
-3.1160000000,-0.0049531250
-3.1120000000,-0.0051093750
-3.1080000000,-0.0048906250
-3.1040000000,-0.0048437500
-3.1000000000,-0.0051406250
-3.0960000000,-0.0049218750
-3.0920000000,-0.0050156250
-3.0880000000,-0.0051406250
-3.0840000000,-0.0050468750
-3.0800000000,-0.0048750000
-3.0760000000,-0.0050156250
-3.0720000000,-0.0050312500
-3.0680000000,-0.0050000000
-3.0640000000,-0.0049843750
-3.0600000000,-0.0051562500
-3.0560000000,-0.0047500000
-3.0520000000,-0.0050312500
-3.0480000000,-0.0050781250
-3.0440000000,-0.0050312500
-3.0400000000,-0.0050156250
-3.0360000000,-0.0050625000
-3.0320000000,-0.0048593750
-3.0280000000,-0.0048750000
-3.0240000000,-0.0050312500
-3.0200000000,-0.0051875000
-3.0160000000,-0.0048125000
-3.0120000000,-0.0049218750
-3.0080000000,-0.0050156250
-3.0040000000,-0.0051250000
-3.0000000000,-0.0050625000
-2.9960000000,-0.0047968750
-2.9920000000,-0.0049375000
-2.9880000000,-0.0050781250
-2.9840000000,-0.0050781250
-2.9800000000,-0.0047656250
-2.9760000000,-0.0050156250
-2.9720000000,-0.0052500000
-2.9680000000,-0.0049531250
-2.9640000000,-0.0051250000
-2.9600000000,-0.0049687500
-2.9560000000,-0.0050156250
-2.9520000000,-0.0050625000
-2.9480000000,-0.0049218750
-2.9440000000,-0.0049218750
-2.9400000000,-0.0048125000
-2.9360000000,-0.0049843750
-2.9320000000,-0.0051718750
-2.9280000000,-0.0048750000
-2.9240000000,-0.0051718750
-2.9200000000,-0.0048750000
-2.9160000000,-0.0049531250
-2.9120000000,-0.0050312500
-2.9080000000,-0.0052031250
-2.9040000000,-0.0050000000
-2.9000000000,-0.0049843750
-2.8960000000,-0.0050937500
-2.8920000000,-0.0051562500
-2.8880000000,-0.0048281250
-2.8840000000,-0.0048437500
-2.8800000000,-0.0050781250
-2.8760000000,-0.0052031250
-2.8720000000,-0.0051250000
-2.8680000000,-0.0047656250
-2.8640000000,-0.0051406250
-2.8600000000,-0.0049531250
-2.8560000000,-0.0049531250
-2.8520000000,-0.0049687500
-2.8480000000,-0.0049218750
-2.8440000000,-0.0052500000
-2.8400000000,-0.0049531250
-2.8360000000,-0.0049218750
-2.8320000000,-0.0050000000
-2.8280000000,-0.0051562500
-2.8240000000,-0.0049375000
-2.8200000000,-0.0051406250
-2.8160000000,-0.0052187500
-2.8120000000,-0.0050781250
-2.8080000000,-0.0049843750
-2.8040000000,-0.0051562500
-2.8000000000,-0.0048750000
-2.7960000000,-0.0051093750
-2.7920000000,-0.0050156250
-2.7880000000,-0.0050156250
-2.7840000000,-0.0050781250
-2.7800000000,-0.0050156250
-2.7760000000,-0.0049843750
-2.7720000000,-0.0050312500
-2.7680000000,-0.0049843750
-2.7640000000,-0.0052187500
-2.7600000000,-0.0047812500
-2.7560000000,-0.0048906250
-2.7520000000,-0.0052031250
-2.7480000000,-0.0049843750
-2.7440000000,-0.0049531250
-2.7400000000,-0.0049531250
-2.7360000000,-0.0049218750
-2.7320000000,-0.0050000000
-2.7280000000,-0.0049375000
-2.7240000000,-0.0050000000
-2.7200000000,-0.0048906250
-2.7160000000,-0.0052343750
-2.7120000000,-0.0049843750
-2.7080000000,-0.0050625000
-2.7040000000,-0.0050468750
-2.7000000000,-0.0048125000
-2.6960000000,-0.0050937500
-2.6920000000,-0.0049375000
-2.6880000000,-0.0050937500
-2.6840000000,-0.0050781250
-2.6800000000,-0.0050625000
-2.6760000000,-0.0049531250
-2.6720000000,-0.0050156250
-2.6680000000,-0.0051875000
-2.6640000000,-0.0050937500
-2.6600000000,-0.0051250000
-2.6560000000,-0.0052343750
-2.6520000000,-0.0052187500
-2.6480000000,-0.0049062500
-2.6440000000,-0.0050156250
-2.6400000000,-0.0049843750
-2.6360000000,-0.0052656250
-2.6320000000,-0.0048750000
-2.6280000000,-0.0050000000
-2.6240000000,-0.0051718750
-2.6200000000,-0.0049843750
-2.6160000000,-0.0049843750
-2.6120000000,-0.0047031250
-2.6080000000,-0.0048437500
-2.6040000000,-0.0050312500
-2.6000000000,-0.0050781250
-2.5960000000,-0.0050156250
-2.5920000000,-0.0049531250
-2.5880000000,-0.0052343750
-2.5840000000,-0.0049218750
-2.5800000000,-0.0049687500
-2.5760000000,-0.0051093750
-2.5720000000,-0.0051718750
-2.5680000000,-0.0049531250
-2.5640000000,-0.0049375000
-2.5600000000,-0.0052031250
-2.5560000000,-0.0050156250
-2.5520000000,-0.0048593750
-2.5480000000,-0.0051406250
-2.5440000000,-0.0050000000
-2.5400000000,-0.0050937500
-2.5360000000,-0.0050468750
-2.5320000000,-0.0051093750
-2.5280000000,-0.0050468750
-2.5240000000,-0.0051406250
-2.5200000000,-0.0049218750
-2.5160000000,-0.0048750000
-2.5120000000,-0.0051093750
-2.5080000000,-0.0050468750
-2.5040000000,-0.0047031250
-2.5000000000,-0.0050156250
-2.4960000000,-0.0049843750
-2.4920000000,-0.0051718750
-2.4880000000,-0.0050937500
-2.4840000000,-0.0049218750
-2.4800000000,-0.0048906250
-2.4760000000,-0.0050312500
-2.4720000000,-0.0050781250
-2.4680000000,-0.0050156250
-2.4640000000,-0.0050468750
-2.4600000000,-0.0052343750
-2.4560000000,-0.0048281250
-2.4520000000,-0.0049531250
-2.4480000000,-0.0050312500
-2.4440000000,-0.0049843750
-2.4400000000,-0.0049218750
-2.4360000000,-0.0047500000
-2.4320000000,-0.0049531250
-2.4280000000,-0.0050937500
-2.4240000000,-0.0050468750
-2.4200000000,-0.0050156250
-2.4160000000,-0.0048906250
-2.4120000000,-0.0050468750
-2.4080000000,-0.0051718750
-2.4040000000,-0.0050468750
-2.4000000000,-0.0050000000
-2.3960000000,-0.0051562500
-2.3920000000,-0.0049531250
-2.3880000000,-0.0049375000
-2.3840000000,-0.0049687500
-2.3800000000,-0.0051406250
-2.3760000000,-0.0048125000
-2.3720000000,-0.0048437500
-2.3680000000,-0.0050625000
-2.3640000000,-0.0050156250
-2.3600000000,-0.0050781250
-2.3560000000,-0.0050312500
-2.3520000000,-0.0049375000
-2.3480000000,-0.0049531250
-2.3440000000,-0.0051250000
-2.3400000000,-0.0049843750
-2.3360000000,-0.0048437500
-2.3320000000,-0.0052031250
-2.3280000000,-0.0051093750
-2.3240000000,-0.0050312500
-2.3200000000,-0.0050468750
-2.3160000000,-0.0051406250
-2.3120000000,-0.0050625000
-2.3080000000,-0.0050781250
-2.3040000000,-0.0050781250
-2.3000000000,-0.0048593750
-2.2960000000,-0.0049375000
-2.2920000000,-0.0050468750
-2.2880000000,-0.0047968750
-2.2840000000,-0.0048750000
-2.2800000000,-0.0050000000
-2.2760000000,-0.0052812500
-2.2720000000,-0.0050156250
-2.2680000000,-0.0050625000
-2.2640000000,-0.0049687500
-2.2600000000,-0.0049218750
-2.2560000000,-0.0051718750
-2.2520000000,-0.0052500000
-2.2480000000,-0.0048437500
-2.2440000000,-0.0048281250
-2.2400000000,-0.0052343750
-2.2360000000,-0.0050000000
-2.2320000000,-0.0051250000
-2.2280000000,-0.0049375000
-2.2240000000,-0.0050156250
-2.2200000000,-0.0051875000
-2.2160000000,-0.0049062500
-2.2120000000,-0.0049531250
-2.2080000000,-0.0048593750
-2.2040000000,-0.0051875000
-2.2000000000,-0.0048750000
-2.1960000000,-0.0051562500
-2.1920000000,-0.0052500000
-2.1880000000,-0.0049062500
-2.1840000000,-0.0049531250
-2.1800000000,-0.0049062500
-2.1760000000,-0.0051406250
-2.1720000000,-0.0050312500
-2.1680000000,-0.0049062500
-2.1640000000,-0.0050156250
-2.1600000000,-0.0048437500
-2.1560000000,-0.0049218750
-2.1520000000,-0.0048125000
-2.1480000000,-0.0051562500
-2.1440000000,-0.0050625000
-2.1400000000,-0.0051093750
-2.1360000000,-0.0049843750
-2.1320000000,-0.0050000000
-2.1280000000,-0.0049843750
-2.1240000000,-0.0051250000
-2.1200000000,-0.0048437500
-2.1160000000,-0.0050781250
-2.1120000000,-0.0050156250
-2.1080000000,-0.0050468750
-2.1040000000,-0.0051718750
-2.1000000000,-0.0047968750
-2.0960000000,-0.0051250000
-2.0920000000,-0.0050000000
-2.0880000000,-0.0051250000
-2.0840000000,-0.0047500000
-2.0800000000,-0.0052656250
-2.0760000000,-0.0051093750
-2.0720000000,-0.0047656250
-2.0680000000,-0.0050625000
-2.0640000000,-0.0050000000
-2.0600000000,-0.0050781250
-2.0560000000,-0.0050781250
-2.0520000000,-0.0050156250
-2.0480000000,-0.0050781250
-2.0440000000,-0.0050781250
-2.0400000000,-0.0049218750
-2.0360000000,-0.0050468750
-2.0320000000,-0.0050000000
-2.0280000000,-0.0048593750
-2.0240000000,-0.0050312500
-2.0200000000,-0.0052343750
-2.0160000000,-0.0050000000
-2.0120000000,-0.0052500000
-2.0080000000,-0.0048750000
-2.0040000000,-0.0048281250
-2.0000000000,-0.0049843750
-1.9960000000,-0.0053281250
-1.9920000000,-0.0047968750
-1.9880000000,-0.0048437500
-1.9840000000,-0.0050312500
-1.9800000000,-0.0049375000
-1.9760000000,-0.0051562500
-1.9720000000,-0.0049218750
-1.9680000000,-0.0049843750
-1.9640000000,-0.0050312500
-1.9600000000,-0.0049375000
-1.9560000000,-0.0048906250
-1.9520000000,-0.0051250000
-1.9480000000,-0.0051718750
-1.9440000000,-0.0050000000
-1.9400000000,-0.0049843750
-1.9360000000,-0.0049843750
-1.9320000000,-0.0050468750
-1.9280000000,-0.0048281250
-1.9240000000,-0.0051718750
-1.9200000000,-0.0050468750
-1.9160000000,-0.0050625000
-1.9120000000,-0.0048906250
-1.9080000000,-0.0048750000
-1.9040000000,-0.0049531250
-1.9000000000,-0.0049843750
-1.8960000000,-0.0049687500
-1.8920000000,-0.0051250000
-1.8880000000,-0.0049375000
-1.8840000000,-0.0050937500
-1.8800000000,-0.0050312500
-1.8760000000,-0.0049375000
-1.8720000000,-0.0049687500
-1.8680000000,-0.0051093750
-1.8640000000,-0.0047656250
-1.8600000000,-0.0049687500
-1.8560000000,-0.0048437500
-1.8520000000,-0.0051250000
-1.8480000000,-0.0050000000
-1.8440000000,-0.0049375000
-1.8400000000,-0.0048750000
-1.8360000000,-0.0051406250
-1.8320000000,-0.0049531250
-1.8280000000,-0.0048281250
-1.8240000000,-0.0051093750
-1.8200000000,-0.0050781250
-1.8160000000,-0.0048750000
-1.8120000000,-0.0050781250
-1.8080000000,-0.0049218750
-1.8040000000,-0.0051093750
-1.8000000000,-0.0050000000
-1.7960000000,-0.0051406250
-1.7920000000,-0.0049687500
-1.7880000000,-0.0050468750
-1.7840000000,-0.0050312500
-1.7800000000,-0.0049687500
-1.7760000000,-0.0049218750
-1.7720000000,-0.0050000000
-1.7680000000,-0.0049531250
-1.7640000000,-0.0052343750
-1.7600000000,-0.0050937500
-1.7560000000,-0.0050000000
-1.7520000000,-0.0049687500
-1.7480000000,-0.0049687500
-1.7440000000,-0.0050937500
-1.7400000000,-0.0053281250
-1.7360000000,-0.0047500000
-1.7320000000,-0.0047500000
-1.7280000000,-0.0051250000
-1.7240000000,-0.0050937500
-1.7200000000,-0.0050781250
-1.7160000000,-0.0048750000
-1.7120000000,-0.0050156250
-1.7080000000,-0.0050312500
-1.7040000000,-0.0050625000
-1.7000000000,-0.0049218750
-1.6960000000,-0.0050000000
-1.6920000000,-0.0051093750
-1.6880000000,-0.0050312500
-1.6840000000,-0.0048906250
-1.6800000000,-0.0050312500
-1.6760000000,-0.0050625000
-1.6720000000,-0.0049531250
-1.6680000000,-0.0050156250
-1.6640000000,-0.0049218750
-1.6600000000,-0.0051250000
-1.6560000000,-0.0049531250
-1.6520000000,-0.0049062500
-1.6480000000,-0.0047968750
-1.6440000000,-0.0051718750
-1.6400000000,-0.0049687500
-1.6360000000,-0.0051875000
-1.6320000000,-0.0050625000
-1.6280000000,-0.0050625000
-1.6240000000,-0.0050937500
-1.6200000000,-0.0049375000
-1.6160000000,-0.0050000000
-1.6120000000,-0.0050781250
-1.6080000000,-0.0048281250
-1.6040000000,-0.0049062500
-1.6000000000,-0.0051250000
-1.5960000000,-0.0050625000
-1.5920000000,-0.0047968750
-1.5880000000,-0.0048125000
-1.5840000000,-0.0048125000
-1.5800000000,-0.0051250000
-1.5760000000,-0.0048750000
-1.5720000000,-0.0049531250
-1.5680000000,-0.0050937500
-1.5640000000,-0.0052187500
-1.5600000000,-0.0048906250
-1.5560000000,-0.0051093750
-1.5520000000,-0.0051093750
-1.5480000000,-0.0051250000
-1.5440000000,-0.0050937500
-1.5400000000,-0.0050937500
-1.5360000000,-0.0050156250
-1.5320000000,-0.0048593750
-1.5280000000,-0.0051093750
-1.5240000000,-0.0050625000
-1.5200000000,-0.0049375000
-1.5160000000,-0.0050000000
-1.5120000000,-0.0050000000
-1.5080000000,-0.0050312500
-1.5040000000,-0.0051250000
-1.5000000000,-0.0049843750
-1.4960000000,-0.0049375000
-1.4920000000,-0.0049531250
-1.4880000000,-0.0049687500
-1.4840000000,-0.0052187500
-1.4800000000,-0.0048750000
-1.4760000000,-0.0049218750
-1.4720000000,-0.0051875000
-1.4680000000,-0.0051093750
-1.4640000000,-0.0047968750
-1.4600000000,-0.0049218750
-1.4560000000,-0.0050156250
-1.4520000000,-0.0049062500
-1.4480000000,-0.0050937500
-1.4440000000,-0.0049375000
-1.4400000000,-0.0050000000
-1.4360000000,-0.0051718750
-1.4320000000,-0.0048906250
-1.4280000000,-0.0049531250
-1.4240000000,-0.0050468750
-1.4200000000,-0.0050156250
-1.4160000000,-0.0048281250
-1.4120000000,-0.0050156250
-1.4080000000,-0.0049843750
-1.4040000000,-0.0049531250
-1.4000000000,-0.0047343750
-1.3960000000,-0.0050312500
-1.3920000000,-0.0048750000
-1.3880000000,-0.0049218750
-1.3840000000,-0.0050000000
-1.3800000000,-0.0049687500
-1.3760000000,-0.0048906250
-1.3720000000,-0.0050000000
-1.3680000000,-0.0050000000
-1.3640000000,-0.0049531250
-1.3600000000,-0.0050156250
-1.3560000000,-0.0051718750
-1.3520000000,-0.0048750000
-1.3480000000,-0.0049375000
-1.3440000000,-0.0050937500
-1.3400000000,-0.0051562500
-1.3360000000,-0.0049375000
-1.3320000000,-0.0051406250
-1.3280000000,-0.0049687500
-1.3240000000,-0.0050937500
-1.3200000000,-0.0050625000
-1.3160000000,-0.0049218750
-1.3120000000,-0.0051093750
-1.3080000000,-0.0052343750
-1.3040000000,-0.0050625000
-1.3000000000,-0.0049062500
-1.2960000000,-0.0050156250
-1.2920000000,-0.0051875000
-1.2880000000,-0.0049531250
-1.2840000000,-0.0050468750
-1.2800000000,-0.0050468750
-1.2760000000,-0.0050312500
-1.2720000000,-0.0048593750
-1.2680000000,-0.0050937500
-1.2640000000,-0.0048125000
-1.2600000000,-0.0049062500
-1.2560000000,-0.0050000000
-1.2520000000,-0.0050468750
-1.2480000000,-0.0049687500
-1.2440000000,-0.0050468750
-1.2400000000,-0.0049218750
-1.2360000000,-0.0050937500
-1.2320000000,-0.0050468750
-1.2280000000,-0.0052031250
-1.2240000000,-0.0048281250
-1.2200000000,-0.0049687500
-1.2160000000,-0.0048906250
-1.2120000000,-0.0049843750
-1.2080000000,-0.0050312500
-1.2040000000,-0.0047812500
-1.2000000000,-0.0048281250
-1.1960000000,-0.0050468750
-1.1920000000,-0.0050625000
-1.1880000000,-0.0048281250
-1.1840000000,-0.0050312500
-1.1800000000,-0.0051093750
-1.1760000000,-0.0049843750
-1.1720000000,-0.0050781250
-1.1680000000,-0.0052812500
-1.1640000000,-0.0052031250
-1.1600000000,-0.0049375000
-1.1560000000,-0.0050000000
-1.1520000000,-0.0049375000
-1.1480000000,-0.0050937500
-1.1440000000,-0.0048906250
-1.1400000000,-0.0051250000
-1.1360000000,-0.0048906250
-1.1320000000,-0.0051250000
-1.1280000000,-0.0050468750
-1.1240000000,-0.0050000000
-1.1200000000,-0.0050312500
-1.1160000000,-0.0050625000
-1.1120000000,-0.0050156250
-1.1080000000,-0.0050781250
-1.1040000000,-0.0049375000
-1.1000000000,-0.0052187500
-1.0960000000,-0.0048750000
-1.0920000000,-0.0048593750
-1.0880000000,-0.0052187500
-1.0840000000,-0.0051406250
-1.0800000000,-0.0049687500
-1.0760000000,-0.0049843750
-1.0720000000,-0.0048906250
-1.0680000000,-0.0051562500
-1.0640000000,-0.0050625000
-1.0600000000,-0.0048281250
-1.0560000000,-0.0051718750
-1.0520000000,-0.0051406250
-1.0480000000,-0.0050000000
-1.0440000000,-0.0050000000
-1.0400000000,-0.0049687500
-1.0360000000,-0.0051250000
-1.0320000000,-0.0049687500
-1.0280000000,-0.0050000000
-1.0240000000,-0.0050625000
-1.0200000000,-0.0051406250
-1.0160000000,-0.0050312500
-1.0120000000,-0.0051406250
-1.0080000000,-0.0047812500
-1.0040000000,-0.0052187500
-1.0000000000,-0.0049531250
-0.9960000000,-0.0052031250
-0.9920000000,-0.0050937500
-0.9880000000,-0.0051562500
-0.9840000000,-0.0050468750
-0.9800000000,-0.0049218750
-0.9760000000,-0.0049687500
-0.9720000000,-0.0052343750
-0.9680000000,-0.0050312500
-0.9640000000,-0.0050156250
-0.9600000000,-0.0051406250
-0.9560000000,-0.0051406250
-0.9520000000,-0.0050781250
-0.9480000000,-0.0049531250
-0.9440000000,-0.0050625000
-0.9400000000,-0.0049843750
-0.9360000000,-0.0050625000
-0.9320000000,-0.0050468750
-0.9280000000,-0.0051250000
-0.9240000000,-0.0052187500
-0.9200000000,-0.0049531250
-0.9160000000,-0.0050781250
-0.9120000000,-0.0049843750
-0.9080000000,-0.0050781250
-0.9040000000,-0.0046562500
-0.9000000000,-0.0051093750
-0.8960000000,-0.0051406250
-0.8920000000,-0.0050468750
-0.8880000000,-0.0049062500
-0.8840000000,-0.0051250000
-0.8800000000,-0.0047500000
-0.8760000000,-0.0048281250
-0.8720000000,-0.0050000000
-0.8680000000,-0.0050781250
-0.8640000000,-0.0050468750
-0.8600000000,-0.0051562500
-0.8560000000,-0.0052343750
-0.8520000000,-0.0049375000
-0.8480000000,-0.0049843750
-0.8440000000,-0.0052812500
-0.8400000000,-0.0048125000
-0.8360000000,-0.0047968750
-0.8320000000,-0.0051250000
-0.8280000000,-0.0050937500
-0.8240000000,-0.0050468750
-0.8200000000,-0.0049531250
-0.8160000000,-0.0050937500
-0.8120000000,-0.0050937500
-0.8080000000,-0.0051093750
-0.8040000000,-0.0048125000
-0.8000000000,-0.0049843750
-0.7960000000,-0.0052343750
-0.7920000000,-0.0049062500
-0.7880000000,-0.0051250000
-0.7840000000,-0.0050000000
-0.7800000000,-0.0050312500
-0.7760000000,-0.0048906250
-0.7720000000,-0.0050000000
-0.7680000000,-0.0050156250
-0.7640000000,-0.0050781250
-0.7600000000,-0.0048906250
-0.7560000000,-0.0050312500
-0.7520000000,-0.0047031250
-0.7480000000,-0.0051875000
-0.7440000000,-0.0050468750
-0.7400000000,-0.0051562500
-0.7360000000,-0.0050000000
-0.7320000000,-0.0049687500
-0.7280000000,-0.0051562500
-0.7240000000,-0.0048125000
-0.7200000000,-0.0050781250
-0.7160000000,-0.0052187500
-0.7120000000,-0.0048593750
-0.7080000000,-0.0049062500
-0.7040000000,-0.0049687500
-0.7000000000,-0.0052500000
-0.6960000000,-0.0049062500
-0.6920000000,-0.0048125000
-0.6880000000,-0.0050000000
-0.6840000000,-0.0050781250
-0.6800000000,-0.0050625000
-0.6760000000,-0.0047656250
-0.6720000000,-0.0050781250
-0.6680000000,-0.0052343750
-0.6640000000,-0.0049062500
-0.6600000000,-0.0049375000
-0.6560000000,-0.0049062500
-0.6520000000,-0.0049218750
-0.6480000000,-0.0047812500
-0.6440000000,-0.0049062500
-0.6400000000,-0.0049687500
-0.6360000000,-0.0049843750
-0.6320000000,-0.0049062500
-0.6280000000,-0.0050468750
-0.6240000000,-0.0048906250
-0.6200000000,-0.0050156250
-0.6160000000,-0.0048906250
-0.6120000000,-0.0048750000
-0.6080000000,-0.0051250000
-0.6040000000,-0.0050625000
-0.6000000000,-0.0050312500
-0.5960000000,-0.0048906250
-0.5920000000,-0.0050000000
-0.5880000000,-0.0053593750
-0.5840000000,-0.0048281250
-0.5800000000,-0.0049531250
-0.5760000000,-0.0051093750
-0.5720000000,-0.0052343750
-0.5680000000,-0.0050625000
-0.5640000000,-0.0049843750
-0.5600000000,-0.0048281250
-0.5560000000,-0.0051562500
-0.5520000000,-0.0049062500
-0.5480000000,-0.0047187500
-0.5440000000,-0.0051562500
-0.5400000000,-0.0050937500
-0.5360000000,-0.0049687500
-0.5320000000,-0.0049531250
-0.5280000000,-0.0050156250
-0.5240000000,-0.0049062500
-0.5200000000,-0.0049843750
-0.5160000000,-0.0052656250
-0.5120000000,-0.0050156250
-0.5080000000,-0.0049062500
-0.5040000000,-0.0047812500
-0.5000000000,-0.0051875000
-0.4960000000,-0.0047812500
-0.4920000000,-0.0051093750
-0.4880000000,-0.0048906250
-0.4840000000,-0.0050156250
-0.4800000000,-0.0050156250
-0.4760000000,-0.0050937500
-0.4720000000,-0.0051406250
-0.4680000000,-0.0048437500
-0.4640000000,-0.0049375000
-0.4600000000,-0.0052656250
-0.4560000000,-0.0049531250
-0.4520000000,-0.0051093750
-0.4480000000,-0.0051875000
-0.4440000000,-0.0052343750
-0.4400000000,-0.0051250000
-0.4360000000,-0.0049531250
-0.4320000000,-0.0050312500
-0.4280000000,-0.0051093750
-0.4240000000,-0.0048593750
-0.4200000000,-0.0051406250
-0.4160000000,-0.0049531250
-0.4120000000,-0.0049843750
-0.4080000000,-0.0049687500
-0.4040000000,-0.0049531250
-0.4000000000,-0.0048593750
-0.3960000000,-0.0050468750
-0.3920000000,-0.0050000000
-0.3880000000,-0.0051562500
-0.3840000000,-0.0049375000
-0.3800000000,-0.0050781250
-0.3760000000,-0.0046718750
-0.3720000000,-0.0049062500
-0.3680000000,-0.0046562500
-0.3640000000,-0.0050781250
-0.3600000000,-0.0049062500
-0.3560000000,-0.0051406250
-0.3520000000,-0.0049843750
-0.3480000000,-0.0052031250
-0.3440000000,-0.0049062500
-0.3400000000,-0.0049531250
-0.3360000000,-0.0050468750
-0.3320000000,-0.0052656250
-0.3280000000,-0.0048906250
-0.3240000000,-0.0047812500
-0.3200000000,-0.0051406250
-0.3160000000,-0.0051562500
-0.3120000000,-0.0048593750
-0.3080000000,-0.0049687500
-0.3040000000,-0.0048906250
-0.3000000000,-0.0051875000
-0.2960000000,-0.0048906250
-0.2920000000,-0.0048437500
-0.2880000000,-0.0050000000
-0.2840000000,-0.0049843750
-0.2800000000,-0.0050156250
-0.2760000000,-0.0050312500
-0.2720000000,-0.0052187500
-0.2680000000,-0.0051718750
-0.2640000000,-0.0046406250
-0.2600000000,-0.0049687500
-0.2560000000,-0.0049843750
-0.2520000000,-0.0050468750
-0.2480000000,-0.0051093750
-0.2440000000,-0.0050312500
-0.2400000000,-0.0047812500
-0.2360000000,-0.0052031250
-0.2320000000,-0.0049218750
-0.2280000000,-0.0049687500
-0.2240000000,-0.0050156250
-0.2200000000,-0.0051406250
-0.2160000000,-0.0050312500
-0.2120000000,-0.0048437500
-0.2080000000,-0.0050156250
-0.2040000000,-0.0052031250
-0.2000000000,-0.0048906250
-0.1960000000,-0.0049062500
-0.1920000000,-0.0050625000
-0.1880000000,-0.0050625000
-0.1840000000,-0.0050000000
-0.1800000000,-0.0050468750
-0.1760000000,-0.0050000000
-0.1720000000,-0.0051250000
-0.1680000000,-0.0051250000
-0.1640000000,-0.0050000000
-0.1600000000,-0.0048125000
-0.1560000000,-0.0050625000
-0.1520000000,-0.0049531250
-0.1480000000,-0.0050781250
-0.1440000000,-0.0049843750
-0.1400000000,-0.0051250000
-0.1360000000,-0.0048593750
-0.1320000000,-0.0049218750
-0.1280000000,-0.0048593750
-0.1240000000,-0.0050156250
-0.1200000000,-0.0050000000
-0.1160000000,-0.0051562500
-0.1120000000,-0.0047343750
-0.1080000000,-0.0050468750
-0.1040000000,-0.0051093750
-0.1000000000,-0.0052031250
-0.0960000000,-0.0050625000
-0.0920000000,-0.0049218750
-0.0880000000,-0.0050625000
-0.0840000000,-0.0048281250
-0.0800000000,-0.0050000000
-0.0760000000,-0.0050781250
-0.0720000000,-0.0049375000
-0.0680000000,-0.0049062500
-0.0640000000,-0.0051250000
-0.0600000000,-0.0052187500
-0.0560000000,-0.0048125000
-0.0520000000,-0.0048281250
-0.0480000000,-0.0049531250
-0.0440000000,-0.0051093750
-0.0400000000,-0.0050625000
-0.0360000000,-0.0049531250
-0.0320000000,-0.0050156250
-0.0280000000,-0.0050937500
-0.0240000000,-0.0050781250
-0.0200000000,-0.0050312500
-0.0160000000,-0.0050156250
-0.0120000000,-0.0049687500
-0.0080000000,-0.0049218750
-0.0040000000,-0.0041406250
0.0000000000,0.2200000000
0.0040000000,0.0733281250
0.0080000000,-0.0044531250
0.0120000000,-0.0049062500
0.0160000000,-0.0047812500
0.0200000000,-0.0056093750
0.0240000000,-0.0041875000
0.0280000000,-0.0050625000
0.0320000000,-0.0050781250
0.0360000000,-0.0050156250
0.0400000000,-0.0050937500
0.0440000000,-0.0050312500
0.0480000000,-0.0049218750
0.0520000000,-0.0051718750
0.0560000000,-0.0049843750
0.0600000000,-0.0049218750
0.0640000000,-0.0050625000
0.0680000000,-0.0051250000
0.0720000000,-0.0049843750
0.0760000000,-0.0049843750
0.0800000000,-0.0050625000
0.0840000000,-0.0049687500
0.0880000000,-0.0050625000
0.0920000000,-0.0049062500
0.0960000000,-0.0049843750
0.1000000000,-0.0051250000
0.1040000000,-0.0049218750
0.1080000000,-0.0049531250
0.1120000000,-0.0052343750
0.1160000000,-0.0050781250
0.1200000000,-0.0048906250
0.1240000000,-0.0051718750
0.1280000000,-0.0049531250
0.1320000000,-0.0050468750
0.1360000000,-0.0050781250
0.1400000000,-0.0049687500
0.1440000000,-0.0049062500
0.1480000000,-0.0050156250
0.1520000000,-0.0051250000
0.1560000000,-0.0051875000
0.1600000000,-0.0051250000
0.1640000000,-0.0050781250
0.1680000000,-0.0052656250
0.1720000000,-0.0049062500
0.1760000000,-0.0050312500
0.1800000000,-0.0052656250
0.1840000000,-0.0050468750
0.1880000000,-0.0048906250
0.1920000000,-0.0050781250
0.1960000000,-0.0051718750
0.2000000000,-0.0050625000
0.2040000000,-0.0049843750
0.2080000000,-0.0050625000
0.2120000000,-0.0050312500
0.2160000000,-0.0051406250
0.2200000000,-0.0050156250
0.2240000000,-0.0049531250
0.2280000000,-0.0052500000
0.2320000000,-0.0050156250
0.2360000000,-0.0050000000
0.2400000000,-0.0049375000
0.2440000000,-0.0050781250
0.2480000000,-0.0051250000
0.2520000000,-0.0048125000
0.2560000000,-0.0050625000
0.2600000000,-0.0050625000
0.2640000000,-0.0048125000
0.2680000000,-0.0051250000
0.2720000000,-0.0049375000
0.2760000000,-0.0049531250
0.2800000000,-0.0050156250
0.2840000000,-0.0049375000
0.2880000000,-0.0050468750
0.2920000000,-0.0050625000
0.2960000000,-0.0051093750
0.3000000000,-0.0047343750
0.3040000000,-0.0050312500
0.3080000000,-0.0053125000
0.3120000000,-0.0049062500
0.3160000000,-0.0050937500
0.3200000000,-0.0050468750
0.3240000000,-0.0049843750
0.3280000000,-0.0049062500
0.3320000000,-0.0050000000
0.3360000000,-0.0049218750
0.3400000000,-0.0050781250
0.3440000000,-0.0050156250
0.3480000000,-0.0049687500
0.3520000000,-0.0051250000
0.3560000000,-0.0050937500
0.3600000000,-0.0050625000
0.3640000000,-0.0050937500
0.3680000000,-0.0051562500
0.3720000000,-0.0049531250
0.3760000000,-0.0049218750
0.3800000000,-0.0049843750
0.3840000000,-0.0050312500
0.3880000000,-0.0050312500
0.3920000000,-0.0048437500
0.3960000000,-0.0049062500
0.4000000000,-0.0047031250
0.4040000000,-0.0052343750
0.4080000000,-0.0049531250
0.4120000000,-0.0049531250
0.4160000000,-0.0049531250
0.4200000000,-0.0051875000
0.4240000000,-0.0050312500
0.4280000000,-0.0048593750
0.4320000000,-0.0051875000
0.4360000000,-0.0051718750
0.4400000000,-0.0047968750
0.4440000000,-0.0049843750
0.4480000000,-0.0050937500
0.4520000000,-0.0050781250
0.4560000000,-0.0047968750
0.4600000000,-0.0049062500
0.4640000000,-0.0051093750
0.4680000000,-0.0049843750
0.4720000000,-0.0049843750
0.4760000000,-0.0050312500
0.4800000000,-0.0049375000
0.4840000000,-0.0050156250
0.4880000000,-0.0050625000
0.4920000000,-0.0049687500
0.4960000000,-0.0049531250
0.5000000000,-0.0051093750
0.5040000000,-0.0049531250
0.5080000000,-0.0049843750
0.5120000000,-0.0050468750
0.5160000000,-0.0050156250
0.5200000000,-0.0047343750
0.5240000000,-0.0050468750
0.5280000000,-0.0049375000
0.5320000000,-0.0050468750
0.5360000000,-0.0050468750
0.5400000000,-0.0050468750
0.5440000000,-0.0051718750
0.5480000000,-0.0048750000
0.5520000000,-0.0051250000
0.5560000000,-0.0048906250
0.5600000000,-0.0050625000
0.5640000000,-0.0050937500
0.5680000000,-0.0048750000
0.5720000000,-0.0049531250
0.5760000000,-0.0052812500
0.5800000000,-0.0050156250
0.5840000000,-0.0049687500
0.5880000000,-0.0049531250
0.5920000000,-0.0049843750
0.5960000000,-0.0050625000
0.6000000000,-0.0047187500
0.6040000000,-0.0049375000
0.6080000000,-0.0050468750
0.6120000000,-0.0050625000
0.6160000000,-0.0049062500
0.6200000000,-0.0050000000
0.6240000000,-0.0049531250
0.6280000000,-0.0051406250
0.6320000000,-0.0050000000
0.6360000000,-0.0050468750
0.6400000000,-0.0050000000
0.6440000000,-0.0050468750
0.6480000000,-0.0048125000
0.6520000000,-0.0050781250
0.6560000000,-0.0048281250
0.6600000000,-0.0050000000
0.6640000000,-0.0048125000
0.6680000000,-0.0051875000
0.6720000000,-0.0048750000
0.6760000000,-0.0049687500
0.6800000000,-0.0052812500
0.6840000000,-0.0050156250
0.6880000000,-0.0049687500
0.6920000000,-0.0051406250
0.6960000000,-0.0049218750
0.7000000000,-0.0052031250
0.7040000000,-0.0050937500
0.7080000000,-0.0050000000
0.7120000000,-0.0048906250
0.7160000000,-0.0049843750
0.7200000000,-0.0048125000
0.7240000000,-0.0051093750
0.7280000000,-0.0048906250
0.7320000000,-0.0049375000
0.7360000000,-0.0048593750
0.7400000000,-0.0050312500
0.7440000000,-0.0050312500
0.7480000000,-0.0049531250
0.7520000000,-0.0049062500
0.7560000000,-0.0049843750
0.7600000000,-0.0049062500
0.7640000000,-0.0050937500
0.7680000000,-0.0050000000
0.7720000000,-0.0050000000
0.7760000000,-0.0047500000
0.7800000000,-0.0051250000
0.7840000000,-0.0047187500
0.7880000000,-0.0051250000
0.7920000000,-0.0048593750
0.7960000000,-0.0049218750
0.8000000000,-0.0051250000
0.8040000000,-0.0050000000
0.8080000000,-0.0050625000
0.8120000000,-0.0050937500
0.8160000000,-0.0049687500
0.8200000000,-0.0051875000
0.8240000000,-0.0049531250
0.8280000000,-0.0049062500
0.8320000000,-0.0050312500
0.8360000000,-0.0052031250
0.8400000000,-0.0048437500
0.8440000000,-0.0049687500
0.8480000000,-0.0049687500
0.8520000000,-0.0049687500
0.8560000000,-0.0050468750
0.8600000000,-0.0050937500
0.8640000000,-0.0050468750
0.8680000000,-0.0050312500
0.8720000000,-0.0049531250
0.8760000000,-0.0051406250
0.8800000000,-0.0049843750
0.8840000000,-0.0050937500
0.8880000000,-0.0050625000
0.8920000000,-0.0051718750
0.8960000000,-0.0049062500
0.9000000000,-0.0050781250
0.9040000000,-0.0047968750
0.9080000000,-0.0051250000
0.9120000000,-0.0047812500
0.9160000000,-0.0051406250
0.9200000000,-0.0051875000
0.9240000000,-0.0050625000
0.9280000000,-0.0050312500
0.9320000000,-0.0050781250
0.9360000000,-0.0051406250
0.9400000000,-0.0048750000
0.9440000000,-0.0050000000
0.9480000000,-0.0050000000
0.9520000000,-0.0047968750
0.9560000000,-0.0050000000
0.9600000000,-0.0049218750
0.9640000000,-0.0051406250
0.9680000000,-0.0050000000
0.9720000000,-0.0049687500
0.9760000000,-0.0049843750
0.9800000000,-0.0049687500
0.9840000000,-0.0050312500
0.9880000000,-0.0051093750
0.9920000000,-0.0048750000
0.9960000000,-0.0050937500
1.0000000000,-0.0049218750
1.0040000000,-0.0050000000
1.0080000000,-0.0049218750
1.0120000000,-0.0050937500
1.0160000000,-0.0049062500
1.0200000000,-0.0049687500
1.0240000000,-0.0050312500
1.0280000000,-0.0051093750
1.0320000000,-0.0047656250
1.0360000000,-0.0051250000
1.0400000000,-0.0048750000
1.0440000000,-0.0051093750
1.0480000000,-0.0048750000
1.0520000000,-0.0050156250
1.0560000000,-0.0050468750
1.0600000000,-0.0051250000
1.0640000000,-0.0052656250
1.0680000000,-0.0048750000
1.0720000000,-0.0052031250
1.0760000000,-0.0052656250
1.0800000000,-0.0049375000
1.0840000000,-0.0049218750
1.0880000000,-0.0051406250
1.0920000000,-0.0049062500
1.0960000000,-0.0051093750
1.1000000000,-0.0048750000
1.1040000000,-0.0048281250
1.1080000000,-0.0051250000
1.1120000000,-0.0051562500
1.1160000000,-0.0048906250
1.1200000000,-0.0048906250
1.1240000000,-0.0050625000
1.1280000000,-0.0049843750
1.1320000000,-0.0049218750
1.1360000000,-0.0048750000
1.1400000000,-0.0051406250
1.1440000000,-0.0050312500
1.1480000000,-0.0051250000
1.1520000000,-0.0049843750
1.1560000000,-0.0049062500
1.1600000000,-0.0049843750
1.1640000000,-0.0051250000
1.1680000000,-0.0048281250
1.1720000000,-0.0051562500
1.1760000000,-0.0050625000
1.1800000000,-0.0050156250
1.1840000000,-0.0050312500
1.1880000000,-0.0050468750
1.1920000000,-0.0049375000
1.1960000000,-0.0047500000
1.2000000000,-0.0050937500
1.2040000000,-0.0050937500
1.2080000000,-0.0049062500
1.2120000000,-0.0050000000
1.2160000000,-0.0051718750
1.2200000000,-0.0051406250
1.2240000000,-0.0048437500
1.2280000000,-0.0049375000
1.2320000000,-0.0050625000
1.2360000000,-0.0050000000
1.2400000000,-0.0050312500
1.2440000000,-0.0049531250
1.2480000000,-0.0049375000
1.2520000000,-0.0051093750
1.2560000000,-0.0050625000
1.2600000000,-0.0050156250
1.2640000000,-0.0049687500
1.2680000000,-0.0050625000
1.2720000000,-0.0049531250
1.2760000000,-0.0048593750
1.2800000000,-0.0050781250
1.2840000000,-0.0050468750
1.2880000000,-0.0050312500
1.2920000000,-0.0050937500
1.2960000000,-0.0048906250
1.3000000000,-0.0050312500
1.3040000000,-0.0048437500
1.3080000000,-0.0049843750
1.3120000000,-0.0050000000
1.3160000000,-0.0048906250
1.3200000000,-0.0051875000
1.3240000000,-0.0050312500
1.3280000000,-0.0049843750
1.3320000000,-0.0050312500
1.3360000000,-0.0047968750
1.3400000000,-0.0049531250
1.3440000000,-0.0051250000
1.3480000000,-0.0050468750
1.3520000000,-0.0050312500
1.3560000000,-0.0050156250
1.3600000000,-0.0051562500
1.3640000000,-0.0050000000
1.3680000000,-0.0049687500
1.3720000000,-0.0050625000
1.3760000000,-0.0049843750
1.3800000000,-0.0050156250
1.3840000000,-0.0049531250
1.3880000000,-0.0050156250
1.3920000000,-0.0050781250
1.3960000000,-0.0050937500
1.4000000000,-0.0048906250
1.4040000000,-0.0049531250
1.4080000000,-0.0049218750
1.4120000000,-0.0049843750
1.4160000000,-0.0048125000
1.4200000000,-0.0049375000
1.4240000000,-0.0048750000
1.4280000000,-0.0050781250
1.4320000000,-0.0051250000
1.4360000000,-0.0051875000
1.4400000000,-0.0050156250
1.4440000000,-0.0050468750
1.4480000000,-0.0050937500
1.4520000000,-0.0048906250
1.4560000000,-0.0051093750
1.4600000000,-0.0052968750
1.4640000000,-0.0049062500
1.4680000000,-0.0048125000
1.4720000000,-0.0050156250
1.4760000000,-0.0051875000
1.4800000000,-0.0049062500
1.4840000000,-0.0050312500
1.4880000000,-0.0050781250
1.4920000000,-0.0050937500
1.4960000000,-0.0048750000
1.5000000000,-0.0049687500
1.5040000000,-0.0051250000
1.5080000000,-0.0049375000
1.5120000000,-0.0050312500
1.5160000000,-0.0050156250
1.5200000000,-0.0048906250
1.5240000000,-0.0051406250
1.5280000000,-0.0049375000
1.5320000000,-0.0050625000
1.5360000000,-0.0050312500
1.5400000000,-0.0050937500
1.5440000000,-0.0048750000
1.5480000000,-0.0050156250
1.5520000000,-0.0047343750
1.5560000000,-0.0050156250
1.5600000000,-0.0050000000
1.5640000000,-0.0050312500
1.5680000000,-0.0051562500
1.5720000000,-0.0050312500
1.5760000000,-0.0050781250
1.5800000000,-0.0046875000
1.5840000000,-0.0050781250
1.5880000000,-0.0051562500
1.5920000000,-0.0049531250
1.5960000000,-0.0050000000
1.6000000000,-0.0050781250
1.6040000000,-0.0052500000
1.6080000000,-0.0049375000
1.6120000000,-0.0050000000
1.6160000000,-0.0049218750
1.6200000000,-0.0048750000
1.6240000000,-0.0051093750
1.6280000000,-0.0048593750
1.6320000000,-0.0048906250
1.6360000000,-0.0050312500
1.6400000000,-0.0048281250
1.6440000000,-0.0049531250
1.6480000000,-0.0050000000
1.6520000000,-0.0050625000
1.6560000000,-0.0050937500
1.6600000000,-0.0048593750
1.6640000000,-0.0050781250
1.6680000000,-0.0051562500
1.6720000000,-0.0050625000
1.6760000000,-0.0050156250
1.6800000000,-0.0047968750
1.6840000000,-0.0052656250
1.6880000000,-0.0051093750
1.6920000000,-0.0051406250
1.6960000000,-0.0049687500
1.7000000000,-0.0050625000
1.7040000000,-0.0050781250
1.7080000000,-0.0049687500
1.7120000000,-0.0051093750
1.7160000000,-0.0052031250
1.7200000000,-0.0049843750
1.7240000000,-0.0048906250
1.7280000000,-0.0051718750
1.7320000000,-0.0050156250
1.7360000000,-0.0048593750
1.7400000000,-0.0050000000
1.7440000000,-0.0050468750
1.7480000000,-0.0049218750
1.7520000000,-0.0048750000
1.7560000000,-0.0049062500
1.7600000000,-0.0050000000
1.7640000000,-0.0050156250
1.7680000000,-0.0050468750
1.7720000000,-0.0049375000
1.7760000000,-0.0048437500
1.7800000000,-0.0050468750
1.7840000000,-0.0050312500
1.7880000000,-0.0049218750
1.7920000000,-0.0048906250
1.7960000000,-0.0050781250
1.8000000000,-0.0049218750
1.8040000000,-0.0050156250
1.8080000000,-0.0046875000
1.8120000000,-0.0050937500
1.8160000000,-0.0049218750
1.8200000000,-0.0052812500
1.8240000000,-0.0049843750
1.8280000000,-0.0051250000
1.8320000000,-0.0049843750
1.8360000000,-0.0048281250
1.8400000000,-0.0051406250
1.8440000000,-0.0052500000
1.8480000000,-0.0049531250
1.8520000000,-0.0047656250
1.8560000000,-0.0051093750
1.8600000000,-0.0051093750
1.8640000000,-0.0048125000
1.8680000000,-0.0050468750
1.8720000000,-0.0049687500
1.8760000000,-0.0048593750
1.8800000000,-0.0047656250
1.8840000000,-0.0050000000
1.8880000000,-0.0049375000
1.8920000000,-0.0051562500
1.8960000000,-0.0049531250
1.9000000000,-0.0050625000
1.9040000000,-0.0049375000
1.9080000000,-0.0052031250
1.9120000000,-0.0050000000
1.9160000000,-0.0049531250
1.9200000000,-0.0049218750
1.9240000000,-0.0051406250
1.9280000000,-0.0050468750
1.9320000000,-0.0051250000
1.9360000000,-0.0047500000
1.9400000000,-0.0049843750
1.9440000000,-0.0048437500
1.9480000000,-0.0051406250
1.9520000000,-0.0049375000
1.9560000000,-0.0049687500
1.9600000000,-0.0051250000
1.9640000000,-0.0050000000
1.9680000000,-0.0051562500
1.9720000000,-0.0051562500
1.9760000000,-0.0049375000
1.9800000000,-0.0050312500
1.9840000000,-0.0051250000
1.9880000000,-0.0051093750
1.9920000000,-0.0049531250
1.9960000000,-0.0050156250
2.0000000000,-0.0051093750
2.0040000000,-0.0049531250
2.0080000000,-0.0050781250
2.0120000000,-0.0050468750
2.0160000000,-0.0047968750
2.0200000000,-0.0049843750
2.0240000000,-0.0050312500
2.0280000000,-0.0050156250
2.0320000000,-0.0049843750
2.0360000000,-0.0050781250
2.0400000000,-0.0051718750
2.0440000000,-0.0048750000
2.0480000000,-0.0049218750
2.0520000000,-0.0051875000
2.0560000000,-0.0049687500
2.0600000000,-0.0050156250
2.0640000000,-0.0048906250
2.0680000000,-0.0050468750
2.0720000000,-0.0047656250
2.0760000000,-0.0051562500
2.0800000000,-0.0048593750
2.0840000000,-0.0050468750
2.0880000000,-0.0049687500
2.0920000000,-0.0050468750
2.0960000000,-0.0050156250
2.1000000000,-0.0051562500
2.1040000000,-0.0048437500
2.1080000000,-0.0048281250
2.1120000000,-0.0050937500
2.1160000000,-0.0048750000
2.1200000000,-0.0048125000
2.1240000000,-0.0049218750
2.1280000000,-0.0050937500
2.1320000000,-0.0049531250
2.1360000000,-0.0049218750
2.1400000000,-0.0050312500
2.1440000000,-0.0051406250
2.1480000000,-0.0048906250
2.1520000000,-0.0049375000
2.1560000000,-0.0049531250
2.1600000000,-0.0049375000
2.1640000000,-0.0049531250
2.1680000000,-0.0049375000
2.1720000000,-0.0050781250
2.1760000000,-0.0049375000
2.1800000000,-0.0052031250
2.1840000000,-0.0050000000
2.1880000000,-0.0050156250
2.1920000000,-0.0049218750
2.1960000000,-0.0050000000
2.2000000000,-0.0049218750
2.2040000000,-0.0052968750
2.2080000000,-0.0048593750
2.2120000000,-0.0050468750
2.2160000000,-0.0050468750
2.2200000000,-0.0051406250
2.2240000000,-0.0051250000
2.2280000000,-0.0049843750
2.2320000000,-0.0048906250
2.2360000000,-0.0048750000
2.2400000000,-0.0049843750
2.2440000000,-0.0050625000
2.2480000000,-0.0048750000
2.2520000000,-0.0051406250
2.2560000000,-0.0050312500
2.2600000000,-0.0050000000
2.2640000000,-0.0048750000
2.2680000000,-0.0049687500
2.2720000000,-0.0050781250
2.2760000000,-0.0048906250
2.2800000000,-0.0048437500
2.2840000000,-0.0050625000
2.2880000000,-0.0049062500
2.2920000000,-0.0050000000
2.2960000000,-0.0048750000
2.3000000000,-0.0049062500
2.3040000000,-0.0047187500
2.3080000000,-0.0052343750
2.3120000000,-0.0048906250
2.3160000000,-0.0050156250
2.3200000000,-0.0048125000
2.3240000000,-0.0049843750
2.3280000000,-0.0046718750
2.3320000000,-0.0052500000
2.3360000000,-0.0048437500
2.3400000000,-0.0050468750
2.3440000000,-0.0049375000
2.3480000000,-0.0051250000
2.3520000000,-0.0050468750
2.3560000000,-0.0050937500
2.3600000000,-0.0048906250
2.3640000000,-0.0047500000
2.3680000000,-0.0051562500
2.3720000000,-0.0050156250
2.3760000000,-0.0048906250
2.3800000000,-0.0051250000
2.3840000000,-0.0050312500
2.3880000000,-0.0049687500
2.3920000000,-0.0050000000
2.3960000000,-0.0050000000
2.4000000000,-0.0049687500
2.4040000000,-0.0050156250
2.4080000000,-0.0050468750
2.4120000000,-0.0050312500
2.4160000000,-0.0049687500
2.4200000000,-0.0050625000
2.4240000000,-0.0050937500
2.4280000000,-0.0049531250
2.4320000000,-0.0049843750
2.4360000000,-0.0050468750
2.4400000000,-0.0049062500
2.4440000000,-0.0050937500
2.4480000000,-0.0049687500
2.4520000000,-0.0050625000
2.4560000000,-0.0049687500
2.4600000000,-0.0051562500
2.4640000000,-0.0048281250
2.4680000000,-0.0050781250
2.4720000000,-0.0051562500
2.4760000000,-0.0050000000
2.4800000000,-0.0051250000
2.4840000000,-0.0050156250
2.4880000000,-0.0048125000
2.4920000000,-0.0048593750
2.4960000000,-0.0052656250
2.5000000000,-0.0050312500
2.5040000000,-0.0048437500
2.5080000000,-0.0050468750
2.5120000000,-0.0049687500
2.5160000000,-0.0049218750
2.5200000000,-0.0048906250
2.5240000000,-0.0050156250
2.5280000000,-0.0050468750
2.5320000000,-0.0050312500
2.5360000000,-0.0049687500
2.5400000000,-0.0050937500
2.5440000000,-0.0050000000
2.5480000000,-0.0051718750
2.5520000000,-0.0050312500
2.5560000000,-0.0047968750
2.5600000000,-0.0048593750
2.5640000000,-0.0051093750
2.5680000000,-0.0049531250
2.5720000000,-0.0050468750
2.5760000000,-0.0048125000
2.5800000000,-0.0050937500
2.5840000000,-0.0051875000
2.5880000000,-0.0052656250
2.5920000000,-0.0049687500
2.5960000000,-0.0050468750
2.6000000000,-0.0047968750
2.6040000000,-0.0050937500
2.6080000000,-0.0051406250
2.6120000000,-0.0051093750
2.6160000000,-0.0049218750
2.6200000000,-0.0049218750
2.6240000000,-0.0051093750
2.6280000000,-0.0050625000
2.6320000000,-0.0050312500
2.6360000000,-0.0049843750
2.6400000000,-0.0049687500
2.6440000000,-0.0049375000
2.6480000000,-0.0049531250
2.6520000000,-0.0050781250
2.6560000000,-0.0052187500
2.6600000000,-0.0050312500
2.6640000000,-0.0049687500
2.6680000000,-0.0051250000
2.6720000000,-0.0049218750
2.6760000000,-0.0050156250
2.6800000000,-0.0049843750
2.6840000000,-0.0048750000
2.6880000000,-0.0049375000
2.6920000000,-0.0050312500
2.6960000000,-0.0050000000
2.7000000000,-0.0050625000
2.7040000000,-0.0048437500
2.7080000000,-0.0050000000
2.7120000000,-0.0048750000
2.7160000000,-0.0053125000
2.7200000000,-0.0049218750
2.7240000000,-0.0047812500
2.7280000000,-0.0051093750
2.7320000000,-0.0049843750
2.7360000000,-0.0049531250
2.7400000000,-0.0051250000
2.7440000000,-0.0050625000
2.7480000000,-0.0048437500
2.7520000000,-0.0051718750
2.7560000000,-0.0050000000
2.7600000000,-0.0049531250
2.7640000000,-0.0049687500
2.7680000000,-0.0051250000
2.7720000000,-0.0050468750
2.7760000000,-0.0050625000
2.7800000000,-0.0051093750
2.7840000000,-0.0049375000
2.7880000000,-0.0052187500
2.7920000000,-0.0049218750
2.7960000000,-0.0051406250
2.8000000000,-0.0049218750
2.8040000000,-0.0050156250
2.8080000000,-0.0050781250
2.8120000000,-0.0049375000
2.8160000000,-0.0049375000
2.8200000000,-0.0049218750
2.8240000000,-0.0050156250
2.8280000000,-0.0050468750
2.8320000000,-0.0049062500
2.8360000000,-0.0052187500
2.8400000000,-0.0049062500
2.8440000000,-0.0052500000
2.8480000000,-0.0050156250
2.8520000000,-0.0049687500
2.8560000000,-0.0050625000
2.8600000000,-0.0048593750
2.8640000000,-0.0050312500
2.8680000000,-0.0050312500
2.8720000000,-0.0050000000
2.8760000000,-0.0047968750
2.8800000000,-0.0051093750
2.8840000000,-0.0050156250
2.8880000000,-0.0048125000
2.8920000000,-0.0051406250
2.8960000000,-0.0049843750
2.9000000000,-0.0049843750
2.9040000000,-0.0049531250
2.9080000000,-0.0050468750
2.9120000000,-0.0050000000
2.9160000000,-0.0051875000
2.9200000000,-0.0051875000
2.9240000000,-0.0050156250
2.9280000000,-0.0046875000
2.9320000000,-0.0049843750
2.9360000000,-0.0051250000
2.9400000000,-0.0047968750
2.9440000000,-0.0050468750
2.9480000000,-0.0051093750
2.9520000000,-0.0051250000
2.9560000000,-0.0051093750
2.9600000000,-0.0049062500
2.9640000000,-0.0050156250
2.9680000000,-0.0049843750
2.9720000000,-0.0052187500
2.9760000000,-0.0049375000
2.9800000000,-0.0047031250
2.9840000000,-0.0051718750
2.9880000000,-0.0048125000
2.9920000000,-0.0051406250
2.9960000000,-0.0051250000
3.0000000000,-0.0047968750
3.0040000000,-0.0047656250
3.0080000000,-0.0050937500
3.0120000000,-0.0049843750
3.0160000000,-0.0048750000
3.0200000000,-0.0051406250
3.0240000000,-0.0051093750
3.0280000000,-0.0049375000
3.0320000000,-0.0050781250
3.0360000000,-0.0050000000
3.0400000000,-0.0049843750
3.0440000000,-0.0051093750
3.0480000000,-0.0050000000
3.0520000000,-0.0049843750
3.0560000000,-0.0047031250
3.0600000000,-0.0051093750
3.0640000000,-0.0049843750
3.0680000000,-0.0049843750
3.0720000000,-0.0049531250
3.0760000000,-0.0050312500
3.0800000000,-0.0050781250
3.0840000000,-0.0052343750
3.0880000000,-0.0050625000
3.0920000000,-0.0050468750
3.0960000000,-0.0050000000
3.1000000000,-0.0051093750
3.1040000000,-0.0050625000
3.1080000000,-0.0051250000
3.1120000000,-0.0050312500
3.1160000000,-0.0049531250
3.1200000000,-0.0050937500
3.1240000000,-0.0052187500
3.1280000000,-0.0048593750
3.1320000000,-0.0047812500
3.1360000000,-0.0052343750
3.1400000000,-0.0050000000
3.1440000000,-0.0051093750
3.1480000000,-0.0050781250
3.1520000000,-0.0049687500
3.1560000000,-0.0048437500
3.1600000000,-0.0049062500
3.1640000000,-0.0049843750
3.1680000000,-0.0049062500
3.1720000000,-0.0050468750
3.1760000000,-0.0050468750
3.1800000000,-0.0050156250
3.1840000000,-0.0047812500
3.1880000000,-0.0049375000
3.1920000000,-0.0049062500
3.1960000000,-0.0048437500
3.2000000000,-0.0048437500
3.2040000000,-0.0050468750
3.2080000000,-0.0047656250
3.2120000000,-0.0050937500
3.2160000000,-0.0048750000
3.2200000000,-0.0050468750
3.2240000000,-0.0050625000
3.2280000000,-0.0052031250
3.2320000000,-0.0049375000
3.2360000000,-0.0050312500
3.2400000000,-0.0050312500
3.2440000000,-0.0051250000
3.2480000000,-0.0052187500
3.2520000000,-0.0051562500
3.2560000000,-0.0049843750
3.2600000000,-0.0047812500
3.2640000000,-0.0051718750
3.2680000000,-0.0050468750
3.2720000000,-0.0050156250
3.2760000000,-0.0051093750
3.2800000000,-0.0049218750
3.2840000000,-0.0050312500
3.2880000000,-0.0048906250
3.2920000000,-0.0053593750
3.2960000000,-0.0052187500
3.3000000000,-0.0050312500
3.3040000000,-0.0049062500
3.3080000000,-0.0049375000
3.3120000000,-0.0049375000
3.3160000000,-0.0049843750
3.3200000000,-0.0050156250
3.3240000000,-0.0050468750
3.3280000000,-0.0048281250
3.3320000000,-0.0052656250
3.3360000000,-0.0049062500
3.3400000000,-0.0051093750
3.3440000000,-0.0050468750
3.3480000000,-0.0049218750
3.3520000000,-0.0049687500
3.3560000000,-0.0051250000
3.3600000000,-0.0049062500
3.3640000000,-0.0048437500
3.3680000000,-0.0049843750
3.3720000000,-0.0052031250
3.3760000000,-0.0050312500
3.3800000000,-0.0051250000
3.3840000000,-0.0049843750
3.3880000000,-0.0049062500
3.3920000000,-0.0050937500
3.3960000000,-0.0050000000
3.4000000000,-0.0048750000
3.4040000000,-0.0050156250
3.4080000000,-0.0051562500
3.4120000000,-0.0048593750
3.4160000000,-0.0049375000
3.4200000000,-0.0051250000
3.4240000000,-0.0050312500
3.4280000000,-0.0050468750
3.4320000000,-0.0050156250
3.4360000000,-0.0050156250
3.4400000000,-0.0049375000
3.4440000000,-0.0049375000
3.4480000000,-0.0050312500
3.4520000000,-0.0047343750
3.4560000000,-0.0048906250
3.4600000000,-0.0051093750
3.4640000000,-0.0050937500
3.4680000000,-0.0050937500
3.4720000000,-0.0047812500
3.4760000000,-0.0050156250
3.4800000000,-0.0050312500
3.4840000000,-0.0052500000
3.4880000000,-0.0048750000
3.4920000000,-0.0049375000
3.4960000000,-0.0049062500
3.5000000000,-0.0050937500
3.5040000000,-0.0050937500
3.5080000000,-0.0050312500
3.5120000000,-0.0048437500
3.5160000000,-0.0047968750
3.5200000000,-0.0051406250
3.5240000000,-0.0049218750
3.5280000000,-0.0047656250
3.5320000000,-0.0052187500
3.5360000000,-0.0050468750
3.5400000000,-0.0050468750
3.5440000000,-0.0049531250
3.5480000000,-0.0050156250
3.5520000000,-0.0049218750
3.5560000000,-0.0050937500
3.5600000000,-0.0050625000
3.5640000000,-0.0050468750
3.5680000000,-0.0049218750
3.5720000000,-0.0050000000
3.5760000000,-0.0051406250
3.5800000000,-0.0050000000
3.5840000000,-0.0047812500
3.5880000000,-0.0051875000
3.5920000000,-0.0050000000
3.5960000000,-0.0051562500
3.6000000000,-0.0049843750
3.6040000000,-0.0050312500
3.6080000000,-0.0050781250
3.6120000000,-0.0051875000
3.6160000000,-0.0049218750
3.6200000000,-0.0049531250
3.6240000000,-0.0050156250
3.6280000000,-0.0050781250
3.6320000000,-0.0052031250
3.6360000000,-0.0052031250
3.6400000000,-0.0049531250
3.6440000000,-0.0048281250
3.6480000000,-0.0051718750
3.6520000000,-0.0051093750
3.6560000000,-0.0049375000
3.6600000000,-0.0050625000
3.6640000000,-0.0050468750
3.6680000000,-0.0048906250
3.6720000000,-0.0049843750
3.6760000000,-0.0051250000
3.6800000000,-0.0049062500
3.6840000000,-0.0051875000
3.6880000000,-0.0049687500
3.6920000000,-0.0050156250
3.6960000000,-0.0048750000
3.7000000000,-0.0049843750
3.7040000000,-0.0049531250
3.7080000000,-0.0049843750
3.7120000000,-0.0048281250
3.7160000000,-0.0051875000
3.7200000000,-0.0050781250
3.7240000000,-0.0052031250
3.7280000000,-0.0051250000
3.7320000000,-0.0049687500
3.7360000000,-0.0050312500
3.7400000000,-0.0052656250
3.7440000000,-0.0048281250
3.7480000000,-0.0049062500
3.7520000000,-0.0049531250
3.7560000000,-0.0050781250
3.7600000000,-0.0051093750
3.7640000000,-0.0050468750
3.7680000000,-0.0048125000
3.7720000000,-0.0049687500
3.7760000000,-0.0051093750
3.7800000000,-0.0049375000
3.7840000000,-0.0048125000
3.7880000000,-0.0050312500
3.7920000000,-0.0051093750
3.7960000000,-0.0052500000
3.8000000000,-0.0048437500
3.8040000000,-0.0050625000
3.8080000000,-0.0050312500
3.8120000000,-0.0049843750
3.8160000000,-0.0049218750
3.8200000000,-0.0050781250
3.8240000000,-0.0050625000
3.8280000000,-0.0049062500
3.8320000000,-0.0051093750
3.8360000000,-0.0049375000
3.8400000000,-0.0049687500
3.8440000000,-0.0049843750
3.8480000000,-0.0048125000
3.8520000000,-0.0052031250
3.8560000000,-0.0049531250
3.8600000000,-0.0050156250
3.8640000000,-0.0048593750
3.8680000000,-0.0050312500
3.8720000000,-0.0048125000
3.8760000000,-0.0046875000
3.8800000000,-0.0050156250
3.8840000000,-0.0050781250
3.8880000000,-0.0050937500
3.8920000000,-0.0051406250
3.8960000000,-0.0049687500
3.9000000000,-0.0047187500
3.9040000000,-0.0052187500
3.9080000000,-0.0050781250
3.9120000000,-0.0048593750
3.9160000000,-0.0049531250
3.9200000000,-0.0051875000
3.9240000000,-0.0049843750
3.9280000000,-0.0051093750
3.9320000000,-0.0052343750
3.9360000000,-0.0050000000
3.9400000000,-0.0051718750
3.9440000000,-0.0049687500
3.9480000000,-0.0050781250
3.9520000000,-0.0047968750
3.9560000000,-0.0048281250
3.9600000000,-0.0052187500
3.9640000000,-0.0050937500
3.9680000000,-0.0048281250
3.9720000000,-0.0050156250
3.9760000000,-0.0050000000
3.9800000000,-0.0052500000
3.9840000000,-0.0050312500
3.9880000000,-0.0051406250
3.9920000000,-0.0049062500
3.9960000000,-0.0050781250
4.0000000000,-0.0048281250
4.0040000000,-0.0049062500
4.0080000000,-0.0049062500
4.0120000000,-0.0050000000
4.0160000000,-0.0051875000
4.0200000000,-0.0052343750
4.0240000000,-0.0049687500
4.0280000000,-0.0050312500
4.0320000000,-0.0052031250
4.0360000000,-0.0048281250
4.0400000000,-0.0049062500
4.0440000000,-0.0050937500
4.0480000000,-0.0050312500
4.0520000000,-0.0048437500
4.0560000000,-0.0051093750
4.0600000000,-0.0051250000
4.0640000000,-0.0050468750
4.0680000000,-0.0050312500
4.0720000000,-0.0049062500
4.0760000000,-0.0048593750
4.0800000000,-0.0049062500
4.0840000000,-0.0049531250
4.0880000000,-0.0050000000
4.0920000000,-0.0050625000
4.0960000000,-0.0049531250
4.1000000000,-0.0050781250
4.1040000000,-0.0051250000
4.1080000000,-0.0052500000
4.1120000000,-0.0049843750
4.1160000000,-0.0051718750
4.1200000000,-0.0050781250
4.1240000000,-0.0051406250
4.1280000000,-0.0049062500
4.1320000000,-0.0050468750
4.1360000000,-0.0051250000
4.1400000000,-0.0049218750
4.1440000000,-0.0050937500
4.1480000000,-0.0051093750
4.1520000000,-0.0051250000
4.1560000000,-0.0047656250
4.1600000000,-0.0052187500
4.1640000000,-0.0049062500
4.1680000000,-0.0048281250
4.1720000000,-0.0050468750
4.1760000000,-0.0051718750
4.1800000000,-0.0049687500
4.1840000000,-0.0050000000
4.1880000000,-0.0050468750
4.1920000000,-0.0049062500
4.1960000000,-0.0050781250
4.2000000000,-0.0051406250
4.2040000000,-0.0050312500
4.2080000000,-0.0048750000
4.2120000000,-0.0050625000
4.2160000000,-0.0051093750
4.2200000000,-0.0049375000
4.2240000000,-0.0048125000
4.2280000000,-0.0049843750
4.2320000000,-0.0051562500
4.2360000000,-0.0051718750
4.2400000000,-0.0051250000
4.2440000000,-0.0049375000
4.2480000000,-0.0049531250
4.2520000000,-0.0051250000
4.2560000000,-0.0049687500
4.2600000000,-0.0049687500
4.2640000000,-0.0051562500
4.2680000000,-0.0049375000
4.2720000000,-0.0051406250
4.2760000000,-0.0051562500
4.2800000000,-0.0049843750
4.2840000000,-0.0047656250
4.2880000000,-0.0050937500
4.2920000000,-0.0049375000
4.2960000000,-0.0050468750
4.3000000000,-0.0051093750
4.3040000000,-0.0050312500
4.3080000000,-0.0050781250
4.3120000000,-0.0048125000
4.3160000000,-0.0049531250
4.3200000000,-0.0050000000
4.3240000000,-0.0051406250
4.3280000000,-0.0051093750
4.3320000000,-0.0050468750
4.3360000000,-0.0049843750
4.3400000000,-0.0049531250
4.3440000000,-0.0050468750
4.3480000000,-0.0050468750
4.3520000000,-0.0048437500
4.3560000000,-0.0050937500
4.3600000000,-0.0049843750
4.3640000000,-0.0051406250
4.3680000000,-0.0050781250
4.3720000000,-0.0049843750
4.3760000000,-0.0049531250
4.3800000000,-0.0051406250
4.3840000000,-0.0048750000
4.3880000000,-0.0048437500
4.3920000000,-0.0049843750
4.3960000000,-0.0052968750
4.4000000000,-0.0051093750
4.4040000000,-0.0052500000
4.4080000000,-0.0050312500
4.4120000000,-0.0048750000
4.4160000000,-0.0051875000
4.4200000000,-0.0050000000
4.4240000000,-0.0048281250
4.4280000000,-0.0050156250
4.4320000000,-0.0051093750
4.4360000000,-0.0051875000
4.4400000000,-0.0050312500
4.4440000000,-0.0049375000
4.4480000000,-0.0050781250
4.4520000000,-0.0050312500
4.4560000000,-0.0051875000
4.4600000000,-0.0050625000
4.4640000000,-0.0050156250
4.4680000000,-0.0051093750
4.4720000000,-0.0049218750
4.4760000000,-0.0050625000
4.4800000000,-0.0047500000
4.4840000000,-0.0049531250
4.4880000000,-0.0050156250
4.4920000000,-0.0053125000
4.4960000000,-0.0048906250
4.5000000000,-0.0050156250
4.5040000000,-0.0048906250
4.5080000000,-0.0051562500
4.5120000000,-0.0048593750
4.5160000000,-0.0049843750
4.5200000000,-0.0050625000
4.5240000000,-0.0050625000
4.5280000000,-0.0051562500
4.5320000000,-0.0051093750
4.5360000000,-0.0048906250
4.5400000000,-0.0049062500
4.5440000000,-0.0052187500
4.5480000000,-0.0050468750
4.5520000000,-0.0048750000
4.5560000000,-0.0050312500
4.5600000000,-0.0051875000
4.5640000000,-0.0050000000
4.5680000000,-0.0049062500
4.5720000000,-0.0050468750
4.5760000000,-0.0051562500
4.5800000000,-0.0050156250
4.5840000000,-0.0049531250
4.5880000000,-0.0050625000
4.5920000000,-0.0048906250
4.5960000000,-0.0049843750
4.6000000000,-0.0049843750
4.6040000000,-0.0051093750
4.6080000000,-0.0048125000
4.6120000000,-0.0051250000
4.6160000000,-0.0050156250
4.6200000000,-0.0051250000
4.6240000000,-0.0049218750
4.6280000000,-0.0051093750
4.6320000000,-0.0047812500
4.6360000000,-0.0053125000
4.6400000000,-0.0049687500
4.6440000000,-0.0050625000
4.6480000000,-0.0049218750
4.6520000000,-0.0050000000
4.6560000000,-0.0051406250
4.6600000000,-0.0051718750
4.6640000000,-0.0050781250
4.6680000000,-0.0049531250
4.6720000000,-0.0050625000
4.6760000000,-0.0049687500
4.6800000000,-0.0049218750
4.6840000000,-0.0050468750
4.6880000000,-0.0051093750
4.6920000000,-0.0049687500
4.6960000000,-0.0050312500
4.7000000000,-0.0050781250
4.7040000000,-0.0050625000
4.7080000000,-0.0051093750
4.7120000000,-0.0049218750
4.7160000000,-0.0050468750
4.7200000000,-0.0050156250
4.7240000000,-0.0052187500
4.7280000000,-0.0052343750
4.7320000000,-0.0051250000
4.7360000000,-0.0047812500
4.7400000000,-0.0051562500
4.7440000000,-0.0049375000
4.7480000000,-0.0052031250
4.7520000000,-0.0051406250
4.7560000000,-0.0049062500
4.7600000000,-0.0048437500
4.7640000000,-0.0051875000
4.7680000000,-0.0049375000
4.7720000000,-0.0049375000
4.7760000000,-0.0050000000
4.7800000000,-0.0050312500
4.7840000000,-0.0051406250
4.7880000000,-0.0051718750
4.7920000000,-0.0051093750
4.7960000000,-0.0047343750
4.8000000000,-0.0050781250
4.8040000000,-0.0049843750
4.8080000000,-0.0047656250
4.8120000000,-0.0048750000
4.8160000000,-0.0051718750
4.8200000000,-0.0050468750
4.8240000000,-0.0050000000
4.8280000000,-0.0050937500
4.8320000000,-0.0050781250
4.8360000000,-0.0049062500
4.8400000000,-0.0048906250
4.8440000000,-0.0049375000
4.8480000000,-0.0050468750
4.8520000000,-0.0049843750
4.8560000000,-0.0050468750
4.8600000000,-0.0051093750
4.8640000000,-0.0048281250
4.8680000000,-0.0051718750
4.8720000000,-0.0050156250
4.8760000000,-0.0051875000
4.8800000000,-0.0050781250
4.8840000000,-0.0051250000
4.8880000000,-0.0049843750
4.8920000000,-0.0049843750
4.8960000000,-0.0049531250
4.9000000000,-0.0050000000
4.9040000000,-0.0049531250
4.9080000000,-0.0050937500
4.9120000000,-0.0049843750
4.9160000000,-0.0051093750
4.9200000000,-0.0048906250
4.9240000000,-0.0049375000
4.9280000000,-0.0051718750
4.9320000000,-0.0050468750
4.9360000000,-0.0049218750
4.9400000000,-0.0049843750
4.9440000000,-0.0050625000
4.9480000000,-0.0050156250
4.9520000000,-0.0049843750
4.9560000000,-0.0051406250
4.9600000000,-0.0050625000
4.9640000000,-0.0049531250
4.9680000000,-0.0050000000
4.9720000000,-0.0049062500
4.9760000000,-0.0047968750
4.9800000000,-0.0050468750
4.9840000000,-0.0050781250
4.9880000000,-0.0051093750
4.9920000000,-0.0049531250
4.9960000000,-0.0049843750
5.0000000000,-0.0048906250
5.0040000000,-0.0050468750
5.0080000000,-0.0049062500
5.0120000000,-0.0049687500
5.0160000000,-0.0051250000
5.0200000000,-0.0051562500
5.0240000000,-0.0048281250
5.0280000000,-0.0050312500
5.0320000000,-0.0048750000
5.0360000000,-0.0052656250
5.0400000000,-0.0050781250
5.0440000000,-0.0051406250
5.0480000000,-0.0050156250
5.0520000000,-0.0047656250
5.0560000000,-0.0051406250
5.0600000000,-0.0049062500
5.0640000000,-0.0048906250
5.0680000000,-0.0051250000
5.0720000000,-0.0052343750
5.0760000000,-0.0049687500
5.0800000000,-0.0050625000
5.0840000000,-0.0051093750
5.0880000000,-0.0051875000
5.0920000000,-0.0048906250
5.0960000000,-0.0048281250
5.1000000000,-0.0049687500
5.1040000000,-0.0049687500
5.1080000000,-0.0051250000
5.1120000000,-0.0050156250
5.1160000000,-0.0050468750
5.1200000000,-0.0048906250
5.1240000000,-0.0050468750
5.1280000000,-0.0048750000
5.1320000000,-0.0053125000
5.1360000000,-0.0047968750
5.1400000000,-0.0050156250
5.1440000000,-0.0050000000
5.1480000000,-0.0052500000
5.1520000000,-0.0047968750
5.1560000000,-0.0050625000
5.1600000000,-0.0049687500
5.1640000000,-0.0049843750
5.1680000000,-0.0050312500
5.1720000000,-0.0050000000
5.1760000000,-0.0051093750
5.1800000000,-0.0050781250
5.1840000000,-0.0052031250
5.1880000000,-0.0051406250
5.1920000000,-0.0048593750
5.1960000000,-0.0050781250
5.2000000000,-0.0049218750
5.2040000000,-0.0050000000
5.2080000000,-0.0049531250
5.2120000000,-0.0050000000
5.2160000000,-0.0051093750
5.2200000000,-0.0050625000
5.2240000000,-0.0051406250
5.2280000000,-0.0050156250
5.2320000000,-0.0050781250
5.2360000000,-0.0051718750
5.2400000000,-0.0050625000
5.2440000000,-0.0052031250
5.2480000000,-0.0049375000
5.2520000000,-0.0048750000
5.2560000000,-0.0049843750
5.2600000000,-0.0053125000
5.2640000000,-0.0050156250
5.2680000000,-0.0050468750
5.2720000000,-0.0049062500
5.2760000000,-0.0051718750
5.2800000000,-0.0049062500
5.2840000000,-0.0050625000
5.2880000000,-0.0049687500
5.2920000000,-0.0050781250
5.2960000000,-0.0050625000
5.3000000000,-0.0050937500
5.3040000000,-0.0051406250
5.3080000000,-0.0047656250
5.3120000000,-0.0051562500
5.3160000000,-0.0048906250
5.3200000000,-0.0046562500
5.3240000000,-0.0050625000
5.3280000000,-0.0049687500
5.3320000000,-0.0050468750
5.3360000000,-0.0050937500
5.3400000000,-0.0050312500
5.3440000000,-0.0050625000
5.3480000000,-0.0049687500
5.3520000000,-0.0050000000
5.3560000000,-0.0048906250
5.3600000000,-0.0050781250
5.3640000000,-0.0050000000
5.3680000000,-0.0049687500
5.3720000000,-0.0051406250
5.3760000000,-0.0047968750
5.3800000000,-0.0050625000
5.3840000000,-0.0049062500
5.3880000000,-0.0052031250
5.3920000000,-0.0050156250
5.3960000000,-0.0052187500
5.4000000000,-0.0049062500
5.4040000000,-0.0050625000
5.4080000000,-0.0049218750
5.4120000000,-0.0051562500
5.4160000000,-0.0051250000
5.4200000000,-0.0050781250
5.4240000000,-0.0050312500
5.4280000000,-0.0053125000
5.4320000000,-0.0050000000
5.4360000000,-0.0047343750
5.4400000000,-0.0051718750
5.4440000000,-0.0049687500
5.4480000000,-0.0047968750
5.4520000000,-0.0051406250
5.4560000000,-0.0050625000
5.4600000000,-0.0050468750
5.4640000000,-0.0049062500
5.4680000000,-0.0050625000
5.4720000000,-0.0051718750
5.4760000000,-0.0050000000
5.4800000000,-0.0049375000
5.4840000000,-0.0050000000
5.4880000000,-0.0050468750
5.4920000000,-0.0050937500
5.4960000000,-0.0051718750
5.5000000000,-0.0048593750
5.5040000000,-0.0049218750
5.5080000000,-0.0050781250
5.5120000000,-0.0048125000
5.5160000000,-0.0052187500
5.5200000000,-0.0048437500
5.5240000000,-0.0051093750
5.5280000000,-0.0048125000
5.5320000000,-0.0050781250
5.5360000000,-0.0047343750
5.5400000000,-0.0050312500
5.5440000000,-0.0050937500
5.5480000000,-0.0050312500
5.5520000000,-0.0050937500
5.5560000000,-0.0052187500
5.5600000000,-0.0050312500
5.5640000000,-0.0050156250
5.5680000000,-0.0051562500
5.5720000000,-0.0048281250
5.5760000000,-0.0050156250
5.5800000000,-0.0051562500
5.5840000000,-0.0052343750
5.5880000000,-0.0049218750
5.5920000000,-0.0048437500
5.5960000000,-0.0050312500
5.6000000000,-0.0051250000
5.6040000000,-0.0049375000
5.6080000000,-0.0049531250
5.6120000000,-0.0048281250
5.6160000000,-0.0050937500
5.6200000000,-0.0051093750
5.6240000000,-0.0051250000
5.6280000000,-0.0050937500
5.6320000000,-0.0051093750
5.6360000000,-0.0050312500
5.6400000000,-0.0048750000
5.6440000000,-0.0051875000
5.6480000000,-0.0049687500
5.6520000000,-0.0050468750
5.6560000000,-0.0050625000
5.6600000000,-0.0050937500
5.6640000000,-0.0049843750
5.6680000000,-0.0050312500
5.6720000000,-0.0050156250
5.6760000000,-0.0050312500
5.6800000000,-0.0050312500
5.6840000000,-0.0051406250
5.6880000000,-0.0049531250
5.6920000000,-0.0048437500
5.6960000000,-0.0051406250
5.7000000000,-0.0051250000
5.7040000000,-0.0047968750
5.7080000000,-0.0050781250
5.7120000000,-0.0051718750
5.7160000000,-0.0048593750
5.7200000000,-0.0049843750
5.7240000000,-0.0050312500
5.7280000000,-0.0050000000
5.7320000000,-0.0048437500
5.7360000000,-0.0050781250
5.7400000000,-0.0050156250
5.7440000000,-0.0049218750
5.7480000000,-0.0051875000
5.7520000000,-0.0047812500
5.7560000000,-0.0050781250
5.7600000000,-0.0049843750
5.7640000000,-0.0052187500
5.7680000000,-0.0049687500
5.7720000000,-0.0052187500
5.7760000000,-0.0048281250
5.7800000000,-0.0050937500
5.7840000000,-0.0048437500
5.7880000000,-0.0050937500
5.7920000000,-0.0048437500
5.7960000000,-0.0051093750
5.8000000000,-0.0048281250
5.8040000000,-0.0052343750
5.8080000000,-0.0050000000
5.8120000000,-0.0051250000
5.8160000000,-0.0049687500
5.8200000000,-0.0047968750
5.8240000000,-0.0050937500
5.8280000000,-0.0049375000
5.8320000000,-0.0049218750
5.8360000000,-0.0050312500
5.8400000000,-0.0050781250
5.8440000000,-0.0048281250
5.8480000000,-0.0050156250
5.8520000000,-0.0051718750
5.8560000000,-0.0050625000
5.8600000000,-0.0050937500
5.8640000000,-0.0052812500
5.8680000000,-0.0049062500
5.8720000000,-0.0049375000
5.8760000000,-0.0051093750
5.8800000000,-0.0050781250
5.8840000000,-0.0051250000
5.8880000000,-0.0049218750
5.8920000000,-0.0050000000
5.8960000000,-0.0050156250
5.9000000000,-0.0052343750
5.9040000000,-0.0051406250
5.9080000000,-0.0051562500
5.9120000000,-0.0052343750
5.9160000000,-0.0051250000
5.9200000000,-0.0048906250
5.9240000000,-0.0050156250
5.9280000000,-0.0049218750
5.9320000000,-0.0049531250
5.9360000000,-0.0050625000
5.9400000000,-0.0050937500
5.9440000000,-0.0050000000
5.9480000000,-0.0050156250
5.9520000000,-0.0050781250
5.9560000000,-0.0050781250
5.9600000000,-0.0048906250
5.9640000000,-0.0051250000
5.9680000000,-0.0051562500
5.9720000000,-0.0050156250
5.9760000000,-0.0049687500
5.9800000000,-0.0051093750
5.9840000000,-0.0050468750
5.9880000000,-0.0050000000
5.9920000000,-0.0050781250
5.9960000000,-0.0049843750
6.0000000000,-0.0049375000
6.0040000000,-0.0050468750
6.0080000000,-0.0050781250
6.0120000000,-0.0051718750
6.0160000000,-0.0049062500
6.0200000000,-0.0051406250
6.0240000000,-0.0050312500
6.0280000000,-0.0052500000
6.0320000000,-0.0049531250
6.0360000000,-0.0051093750
6.0400000000,-0.0048281250
6.0440000000,-0.0050937500
6.0480000000,-0.0048906250
6.0520000000,-0.0050312500
6.0560000000,-0.0048906250
6.0600000000,-0.0051718750
6.0640000000,-0.0050312500
6.0680000000,-0.0050000000
6.0720000000,-0.0050312500
6.0760000000,-0.0047500000
6.0800000000,-0.0051250000
6.0840000000,-0.0049062500
6.0880000000,-0.0048281250
6.0920000000,-0.0052031250
6.0960000000,-0.0050000000
6.1000000000,-0.0050312500
6.1040000000,-0.0050312500
6.1080000000,-0.0050468750
6.1120000000,-0.0050937500
6.1160000000,-0.0049531250
6.1200000000,-0.0050000000
6.1240000000,-0.0049062500
6.1280000000,-0.0048906250
6.1320000000,-0.0050156250
6.1360000000,-0.0051093750
6.1400000000,-0.0049531250
6.1440000000,-0.0048906250
6.1480000000,-0.0049843750
6.1520000000,-0.0048593750
6.1560000000,-0.0051875000
6.1600000000,-0.0048593750
6.1640000000,-0.0050625000
6.1680000000,-0.0049375000
6.1720000000,-0.0049687500
6.1760000000,-0.0048593750
6.1800000000,-0.0049375000
6.1840000000,-0.0049843750
6.1880000000,-0.0050625000
6.1920000000,-0.0049687500
6.1960000000,-0.0050937500
6.2000000000,-0.0049843750
6.2040000000,-0.0049375000
6.2080000000,-0.0051875000
6.2120000000,-0.0050468750
6.2160000000,-0.0049843750
6.2200000000,-0.0051250000
6.2240000000,-0.0050000000
6.2280000000,-0.0051250000
6.2320000000,-0.0050468750
6.2360000000,-0.0049531250
6.2400000000,-0.0049687500
6.2440000000,-0.0049843750
6.2480000000,-0.0049062500
6.2520000000,-0.0050468750
6.2560000000,-0.0049843750
6.2600000000,-0.0048750000
6.2640000000,-0.0049375000
6.2680000000,-0.0051718750
6.2720000000,-0.0048906250
6.2760000000,-0.0049687500
6.2800000000,-0.0049218750
6.2840000000,-0.0052187500
6.2880000000,-0.0050312500
6.2920000000,-0.0050625000
6.2960000000,-0.0046875000
6.3000000000,-0.0051406250
6.3040000000,-0.0049218750
6.3080000000,-0.0050468750
6.3120000000,-0.0050625000
6.3160000000,-0.0050937500
6.3200000000,-0.0049687500
6.3240000000,-0.0049843750
6.3280000000,-0.0050156250
6.3320000000,-0.0050156250
6.3360000000,-0.0052656250
6.3400000000,-0.0049218750
6.3440000000,-0.0047968750
6.3480000000,-0.0052343750
6.3520000000,-0.0050468750
6.3560000000,-0.0050312500
6.3600000000,-0.0050937500
6.3640000000,-0.0051250000
6.3680000000,-0.0050468750
6.3720000000,-0.0050312500
6.3760000000,-0.0049218750
6.3800000000,-0.0048906250
6.3840000000,-0.0051093750
6.3880000000,-0.0052031250
6.3920000000,-0.0052031250
6.3960000000,-0.0049531250
6.4000000000,-0.0048750000
6.4040000000,-0.0050156250
6.4080000000,-0.0048750000
6.4120000000,-0.0051562500
6.4160000000,-0.0047656250
6.4200000000,-0.0049687500
6.4240000000,-0.0048437500
6.4280000000,-0.0050156250
6.4320000000,-0.0048281250
6.4360000000,-0.0050937500
6.4400000000,-0.0050156250
6.4440000000,-0.0050312500
6.4480000000,-0.0048750000
6.4520000000,-0.0049843750
6.4560000000,-0.0051875000
6.4600000000,-0.0048437500
6.4640000000,-0.0051562500
6.4680000000,-0.0051875000
6.4720000000,-0.0047812500
6.4760000000,-0.0050468750
6.4800000000,-0.0049062500
6.4840000000,-0.0050468750
6.4880000000,-0.0048750000
6.4920000000,-0.0048906250
6.4960000000,-0.0051250000
6.5000000000,-0.0050781250
6.5040000000,-0.0050937500
6.5080000000,-0.0050156250
6.5120000000,-0.0050781250
6.5160000000,-0.0049531250
6.5200000000,-0.0048906250
6.5240000000,-0.0049843750
6.5280000000,-0.0048437500
6.5320000000,-0.0050156250
6.5360000000,-0.0049843750
6.5400000000,-0.0050781250
6.5440000000,-0.0049843750
6.5480000000,-0.0050000000
6.5520000000,-0.0049218750
6.5560000000,-0.0049687500
6.5600000000,-0.0048906250
6.5640000000,-0.0049375000
6.5680000000,-0.0049687500
6.5720000000,-0.0051250000
6.5760000000,-0.0048906250
6.5800000000,-0.0051093750
6.5840000000,-0.0049687500
6.5880000000,-0.0049375000
6.5920000000,-0.0051250000
6.5960000000,-0.0049531250
6.6000000000,-0.0048125000
6.6040000000,-0.0050781250
6.6080000000,-0.0052500000
6.6120000000,-0.0050000000
6.6160000000,-0.0050312500
6.6200000000,-0.0050468750
6.6240000000,-0.0051718750
6.6280000000,-0.0051093750
6.6320000000,-0.0052343750
6.6360000000,-0.0048750000
6.6400000000,-0.0048593750
6.6440000000,-0.0052187500
6.6480000000,-0.0051406250
6.6520000000,-0.0051093750
6.6560000000,-0.0047656250
6.6600000000,-0.0049375000
6.6640000000,-0.0049218750
6.6680000000,-0.0052031250
6.6720000000,-0.0049531250
6.6760000000,-0.0051093750
6.6800000000,-0.0049687500
6.6840000000,-0.0050937500
6.6880000000,-0.0049843750
6.6920000000,-0.0051718750
6.6960000000,-0.0050625000
6.7000000000,-0.0050000000
6.7040000000,-0.0050000000
6.7080000000,-0.0050937500
6.7120000000,-0.0050156250
6.7160000000,-0.0048125000
6.7200000000,-0.0050781250
6.7240000000,-0.0050156250
6.7280000000,-0.0048593750
6.7320000000,-0.0051093750
6.7360000000,-0.0050156250
6.7400000000,-0.0050625000
6.7440000000,-0.0049531250
6.7480000000,-0.0049218750
6.7520000000,-0.0050937500
6.7560000000,-0.0050312500
6.7600000000,-0.0050156250
6.7640000000,-0.0049687500
6.7680000000,-0.0050625000
6.7720000000,-0.0048906250
6.7760000000,-0.0050781250
6.7800000000,-0.0050312500
6.7840000000,-0.0048437500
6.7880000000,-0.0048593750
6.7920000000,-0.0049843750
6.7960000000,-0.0050625000
6.8000000000,-0.0050468750
6.8040000000,-0.0050156250
6.8080000000,-0.0048593750
6.8120000000,-0.0050468750
6.8160000000,-0.0050312500
6.8200000000,-0.0051250000
6.8240000000,-0.0048281250
6.8280000000,-0.0051562500
6.8320000000,-0.0048906250
6.8360000000,-0.0049687500
6.8400000000,-0.0050937500
6.8440000000,-0.0046562500
6.8480000000,-0.0050937500
6.8520000000,-0.0050156250
6.8560000000,-0.0049375000
6.8600000000,-0.0049843750
6.8640000000,-0.0050468750
6.8680000000,-0.0050937500
6.8720000000,-0.0050781250
6.8760000000,-0.0050781250
6.8800000000,-0.0050625000
6.8840000000,-0.0049687500
6.8880000000,-0.0048906250
6.8920000000,-0.0049062500
6.8960000000,-0.0051875000
6.9000000000,-0.0049843750
6.9040000000,-0.0049531250
6.9080000000,-0.0051562500
6.9120000000,-0.0048437500
6.9160000000,-0.0051875000
6.9200000000,-0.0049062500
6.9240000000,-0.0051875000
6.9280000000,-0.0048593750
6.9320000000,-0.0051250000
6.9360000000,-0.0048750000
6.9400000000,-0.0051406250
6.9440000000,-0.0050468750
6.9480000000,-0.0049218750
6.9520000000,-0.0048750000
6.9560000000,-0.0050468750
6.9600000000,-0.0049687500
6.9640000000,-0.0050781250
6.9680000000,-0.0049531250
6.9720000000,-0.0048593750
6.9760000000,-0.0052656250
6.9800000000,-0.0049531250
6.9840000000,-0.0046718750
6.9880000000,-0.0052343750
6.9920000000,-0.0052656250
6.9960000000,-0.0048906250
7.0000000000,-0.0049843750
7.0040000000,-0.0050625000
7.0080000000,-0.0050937500
7.0120000000,-0.0049843750
7.0160000000,-0.0051562500
7.0200000000,-0.0050468750
7.0240000000,-0.0050156250
7.0280000000,-0.0049531250
7.0320000000,-0.0051093750
7.0360000000,-0.0050625000
7.0400000000,-0.0048750000
7.0440000000,-0.0049062500
7.0480000000,-0.0050000000
7.0520000000,-0.0049687500
7.0560000000,-0.0050781250
7.0600000000,-0.0050937500
7.0640000000,-0.0049843750
7.0680000000,-0.0050625000
7.0720000000,-0.0049687500
7.0760000000,-0.0049843750
7.0800000000,-0.0047812500
7.0840000000,-0.0052812500
7.0880000000,-0.0050781250
7.0920000000,-0.0051406250
7.0960000000,-0.0048906250
7.1000000000,-0.0047812500
7.1040000000,-0.0052656250
7.1080000000,-0.0048437500
7.1120000000,-0.0046093750
7.1160000000,-0.0050312500
7.1200000000,-0.0050625000
7.1240000000,-0.0050781250
7.1280000000,-0.0049687500
7.1320000000,-0.0050937500
7.1360000000,-0.0048125000
7.1400000000,-0.0050000000
7.1440000000,-0.0051093750
7.1480000000,-0.0049062500
7.1520000000,-0.0048906250
7.1560000000,-0.0050468750
7.1600000000,-0.0050312500
7.1640000000,-0.0051406250
7.1680000000,-0.0050000000
7.1720000000,-0.0049843750
7.1760000000,-0.0050000000
7.1800000000,-0.0052500000
7.1840000000,-0.0051093750
7.1880000000,-0.0050625000
7.1920000000,-0.0048906250
7.1960000000,-0.0050156250
7.2000000000,-0.0048906250
7.2040000000,-0.0049062500
7.2080000000,-0.0050781250
7.2120000000,-0.0052500000
7.2160000000,-0.0049687500
7.2200000000,-0.0052812500
7.2240000000,-0.0050468750
7.2280000000,-0.0046875000
7.2320000000,-0.0052500000
7.2360000000,-0.0049375000
7.2400000000,-0.0047812500
7.2440000000,-0.0049375000
7.2480000000,-0.0050468750
7.2520000000,-0.0049062500
7.2560000000,-0.0050156250
7.2600000000,-0.0051406250
7.2640000000,-0.0053281250
7.2680000000,-0.0049531250
7.2720000000,-0.0052031250
7.2760000000,-0.0050937500
7.2800000000,-0.0049218750
7.2840000000,-0.0049843750
7.2880000000,-0.0050625000
7.2920000000,-0.0049531250
7.2960000000,-0.0049062500
7.3000000000,-0.0047968750
7.3040000000,-0.0050000000
7.3080000000,-0.0050156250
7.3120000000,-0.0050000000
7.3160000000,-0.0049218750
7.3200000000,-0.0048593750
7.3240000000,-0.0052031250
7.3280000000,-0.0048906250
7.3320000000,-0.0050625000
7.3360000000,-0.0051718750
7.3400000000,-0.0051718750
7.3440000000,-0.0049531250
7.3480000000,-0.0050468750
7.3520000000,-0.0048750000
7.3560000000,-0.0049843750
7.3600000000,-0.0051875000
7.3640000000,-0.0049375000
7.3680000000,-0.0047500000
7.3720000000,-0.0050468750
7.3760000000,-0.0050468750
7.3800000000,-0.0051562500
7.3840000000,-0.0050625000
7.3880000000,-0.0051562500
7.3920000000,-0.0051250000
7.3960000000,-0.0050937500
7.4000000000,-0.0050468750
7.4040000000,-0.0049687500
7.4080000000,-0.0050312500
7.4120000000,-0.0050468750
7.4160000000,-0.0050000000
7.4200000000,-0.0051406250
7.4240000000,-0.0048125000
7.4280000000,-0.0050625000
7.4320000000,-0.0049375000
7.4360000000,-0.0051093750
7.4400000000,-0.0050937500
7.4440000000,-0.0051250000
7.4480000000,-0.0049687500
7.4520000000,-0.0051718750
7.4560000000,-0.0048750000
7.4600000000,-0.0050000000
7.4640000000,-0.0048281250
7.4680000000,-0.0050937500
7.4720000000,-0.0050000000
7.4760000000,-0.0050937500
7.4800000000,-0.0050937500
7.4840000000,-0.0047968750
7.4880000000,-0.0051875000
7.4920000000,-0.0050156250
7.4960000000,-0.0049218750
7.5000000000,-0.0052656250
7.5040000000,-0.0049375000
7.5080000000,-0.0050937500
7.5120000000,-0.0050000000
7.5160000000,-0.0051406250
7.5200000000,-0.0049843750
7.5240000000,-0.0050937500
7.5280000000,-0.0049687500
7.5320000000,-0.0050000000
7.5360000000,-0.0051718750
7.5400000000,-0.0051093750
7.5440000000,-0.0050781250
7.5480000000,-0.0050781250
7.5520000000,-0.0048750000
7.5560000000,-0.0048906250
7.5600000000,-0.0051406250
7.5640000000,-0.0050937500
7.5680000000,-0.0051718750
7.5720000000,-0.0049687500
7.5760000000,-0.0049375000
7.5800000000,-0.0050156250
7.5840000000,-0.0049531250
7.5880000000,-0.0049687500
7.5920000000,-0.0049218750
7.5960000000,-0.0052500000
7.6000000000,-0.0050156250
7.6040000000,-0.0049218750
7.6080000000,-0.0050156250
7.6120000000,-0.0047187500
7.6160000000,-0.0051250000
7.6200000000,-0.0048593750
7.6240000000,-0.0050156250
7.6280000000,-0.0050468750
7.6320000000,-0.0050625000
7.6360000000,-0.0048750000
7.6400000000,-0.0048125000
7.6440000000,-0.0047656250
7.6480000000,-0.0049687500
7.6520000000,-0.0049687500
7.6560000000,-0.0051406250
7.6600000000,-0.0049843750
7.6640000000,-0.0051093750
7.6680000000,-0.0049843750
7.6720000000,-0.0050000000
7.6760000000,-0.0050781250
7.6800000000,-0.0049375000
7.6840000000,-0.0051562500
7.6880000000,-0.0049843750
7.6920000000,-0.0051406250
7.6960000000,-0.0050468750
7.7000000000,-0.0050000000
7.7040000000,-0.0051406250
7.7080000000,-0.0050312500
7.7120000000,-0.0049687500
7.7160000000,-0.0049843750
7.7200000000,-0.0051406250
7.7240000000,-0.0051406250
7.7280000000,-0.0050312500
7.7320000000,-0.0049843750
7.7360000000,-0.0049843750
7.7400000000,-0.0046562500
7.7440000000,-0.0052187500
7.7480000000,-0.0049218750
7.7520000000,-0.0050781250
7.7560000000,-0.0050000000
7.7600000000,-0.0050312500
7.7640000000,-0.0048906250
7.7680000000,-0.0051250000
7.7720000000,-0.0049375000
7.7760000000,-0.0051093750
7.7800000000,-0.0051250000
7.7840000000,-0.0049843750
7.7880000000,-0.0049531250
7.7920000000,-0.0050000000
7.7960000000,-0.0049218750
7.8000000000,-0.0048750000
7.8040000000,-0.0051093750
7.8080000000,-0.0049062500
7.8120000000,-0.0049375000
7.8160000000,-0.0050156250
7.8200000000,-0.0052656250
7.8240000000,-0.0050000000
7.8280000000,-0.0050000000
7.8320000000,-0.0049531250
7.8360000000,-0.0051562500
7.8400000000,-0.0047812500
7.8440000000,-0.0050625000
7.8480000000,-0.0049687500
7.8520000000,-0.0050625000
7.8560000000,-0.0049375000
7.8600000000,-0.0048750000
7.8640000000,-0.0048593750
7.8680000000,-0.0048125000
7.8720000000,-0.0051406250
7.8760000000,-0.0048125000
7.8800000000,-0.0049218750
7.8840000000,-0.0050000000
7.8880000000,-0.0050312500
7.8920000000,-0.0050312500
7.8960000000,-0.0049375000
7.9000000000,-0.0050468750
7.9040000000,-0.0050000000
7.9080000000,-0.0050156250
7.9120000000,-0.0050625000
7.9160000000,-0.0050156250
7.9200000000,-0.0049843750
7.9240000000,-0.0050625000
7.9280000000,-0.0050625000
7.9320000000,-0.0050156250
7.9360000000,-0.0049531250
7.9400000000,-0.0049531250
7.9440000000,-0.0050468750
7.9480000000,-0.0052187500
7.9520000000,-0.0049843750
7.9560000000,-0.0050000000
7.9600000000,-0.0050625000
7.9640000000,-0.0050156250
7.9680000000,-0.0048750000
7.9720000000,-0.0049218750
7.9760000000,-0.0048593750
7.9800000000,-0.0052343750
7.9840000000,-0.0051875000
7.9880000000,-0.0049531250
7.9920000000,-0.0048437500
7.9960000000,-0.0047500000
8.0000000000,-0.0052343750
8.0040000000,-0.0047343750
8.0080000000,-0.0046875000
8.0120000000,-0.0051562500
8.0160000000,-0.0051718750
8.0200000000,-0.0048281250
8.0240000000,-0.0050468750
8.0280000000,-0.0049531250
8.0320000000,-0.0051093750
8.0360000000,-0.0050937500
8.0400000000,-0.0052031250
8.0440000000,-0.0050312500
8.0480000000,-0.0049218750
8.0520000000,-0.0049687500
8.0560000000,-0.0050468750
8.0600000000,-0.0050000000
8.0640000000,-0.0049218750
8.0680000000,-0.0048437500
8.0720000000,-0.0051406250
8.0760000000,-0.0051718750
8.0800000000,-0.0050156250
8.0840000000,-0.0049375000
8.0880000000,-0.0050312500
8.0920000000,-0.0051250000
8.0960000000,-0.0049375000
8.1000000000,-0.0049531250
8.1040000000,-0.0048593750
8.1080000000,-0.0049062500
8.1120000000,-0.0050625000
8.1160000000,-0.0050156250
8.1200000000,-0.0048125000
8.1240000000,-0.0046093750
8.1280000000,-0.0051406250
8.1320000000,-0.0050156250
8.1360000000,-0.0050000000
8.1400000000,-0.0051875000
8.1440000000,-0.0051406250
8.1480000000,-0.0050468750
8.1520000000,-0.0048750000
8.1560000000,-0.0048593750
8.1600000000,-0.0049843750
8.1640000000,-0.0050156250
8.1680000000,-0.0050468750
8.1720000000,-0.0049687500
8.1760000000,-0.0050468750
8.1800000000,-0.0050312500
8.1840000000,-0.0050781250
8.1880000000,-0.0051250000
8.1920000000,-0.0048281250
8.1960000000,-0.0048281250
8.2000000000,-0.0050156250
8.2040000000,-0.0050625000
8.2080000000,-0.0048437500
8.2120000000,-0.0049843750
8.2160000000,-0.0049062500
8.2200000000,-0.0050000000
8.2240000000,-0.0050000000
8.2280000000,-0.0050312500
8.2320000000,-0.0048281250
8.2360000000,-0.0051875000
8.2400000000,-0.0051250000
8.2440000000,-0.0048750000
8.2480000000,-0.0050000000
8.2520000000,-0.0047343750
8.2560000000,-0.0052031250
8.2600000000,-0.0049375000
8.2640000000,-0.0049843750
8.2680000000,-0.0051406250
8.2720000000,-0.0049062500
8.2760000000,-0.0049062500
8.2800000000,-0.0049375000
8.2840000000,-0.0049843750
8.2880000000,-0.0049531250
8.2920000000,-0.0049843750
8.2960000000,-0.0050937500
8.3000000000,-0.0049062500
8.3040000000,-0.0050468750
8.3080000000,-0.0049218750
8.3120000000,-0.0051250000
8.3160000000,-0.0050156250
8.3200000000,-0.0051406250
8.3240000000,-0.0048437500
8.3280000000,-0.0050781250
8.3320000000,-0.0051406250
8.3360000000,-0.0050000000
8.3400000000,-0.0050468750
8.3440000000,-0.0047500000
8.3480000000,-0.0049687500
8.3520000000,-0.0048593750
8.3560000000,-0.0050937500
8.3600000000,-0.0049843750
8.3640000000,-0.0052343750
8.3680000000,-0.0049687500
8.3720000000,-0.0049218750
8.3760000000,-0.0049375000
8.3800000000,-0.0047500000
8.3840000000,-0.0051875000
8.3880000000,-0.0050468750
8.3920000000,-0.0048906250
8.3960000000,-0.0050625000
8.4000000000,-0.0049062500
8.4040000000,-0.0050468750
8.4080000000,-0.0047656250
8.4120000000,-0.0050468750
8.4160000000,-0.0049531250
8.4200000000,-0.0050625000
8.4240000000,-0.0050937500
8.4280000000,-0.0049375000
8.4320000000,-0.0049375000
8.4360000000,-0.0051875000
8.4400000000,-0.0050468750
8.4440000000,-0.0051718750
8.4480000000,-0.0049062500
8.4520000000,-0.0049218750
8.4560000000,-0.0051093750
8.4600000000,-0.0051250000
8.4640000000,-0.0051875000
8.4680000000,-0.0051718750
8.4720000000,-0.0048906250
8.4760000000,-0.0050625000
8.4800000000,-0.0049218750
8.4840000000,-0.0050468750
8.4880000000,-0.0049687500
8.4920000000,-0.0052031250
8.4960000000,-0.0049062500
8.5000000000,-0.0048906250
8.5040000000,-0.0049375000
8.5080000000,-0.0049062500
8.5120000000,-0.0051718750
8.5160000000,-0.0047812500
8.5200000000,-0.0049843750
8.5240000000,-0.0051875000
8.5280000000,-0.0050312500
8.5320000000,-0.0048593750
8.5360000000,-0.0049062500
8.5400000000,-0.0050156250
8.5440000000,-0.0051562500
8.5480000000,-0.0049218750
8.5520000000,-0.0051875000
8.5560000000,-0.0050156250
8.5600000000,-0.0048437500
8.5640000000,-0.0050000000
8.5680000000,-0.0049687500
8.5720000000,-0.0050781250
8.5760000000,-0.0048750000
8.5800000000,-0.0050156250
8.5840000000,-0.0050312500
8.5880000000,-0.0050937500
8.5920000000,-0.0050000000
8.5960000000,-0.0049375000
8.6000000000,-0.0049687500
8.6040000000,-0.0050312500
8.6080000000,-0.0050937500
8.6120000000,-0.0050000000
8.6160000000,-0.0049531250
8.6200000000,-0.0052031250
8.6240000000,-0.0049687500
8.6280000000,-0.0049531250
8.6320000000,-0.0048750000
8.6360000000,-0.0049375000
8.6400000000,-0.0051875000
8.6440000000,-0.0051718750
8.6480000000,-0.0048593750
8.6520000000,-0.0050468750
8.6560000000,-0.0050937500
8.6600000000,-0.0047343750
8.6640000000,-0.0050937500
8.6680000000,-0.0049843750
8.6720000000,-0.0050625000
8.6760000000,-0.0049687500
8.6800000000,-0.0050781250
8.6840000000,-0.0049375000
8.6880000000,-0.0050000000
8.6920000000,-0.0048281250
8.6960000000,-0.0051562500
8.7000000000,-0.0050000000
8.7040000000,-0.0049531250
8.7080000000,-0.0048593750
8.7120000000,-0.0051406250
8.7160000000,-0.0050937500
8.7200000000,-0.0051718750
8.7240000000,-0.0049531250
8.7280000000,-0.0049687500
8.7320000000,-0.0051406250
8.7360000000,-0.0049687500
8.7400000000,-0.0049375000
8.7440000000,-0.0049687500
8.7480000000,-0.0051562500
8.7520000000,-0.0048437500
8.7560000000,-0.0052187500
8.7600000000,-0.0049687500
8.7640000000,-0.0048125000
8.7680000000,-0.0051562500
8.7720000000,-0.0048437500
8.7760000000,-0.0050312500
8.7800000000,-0.0050625000
8.7840000000,-0.0050156250
8.7880000000,-0.0049843750
8.7920000000,-0.0049687500
8.7960000000,-0.0050000000
8.8000000000,-0.0049531250
8.8040000000,-0.0050625000
8.8080000000,-0.0050781250
8.8120000000,-0.0050000000
8.8160000000,-0.0047343750
8.8200000000,-0.0050937500
8.8240000000,-0.0050000000
8.8280000000,-0.0050781250
8.8320000000,-0.0048593750
8.8360000000,-0.0048437500
8.8400000000,-0.0049687500
8.8440000000,-0.0051250000
8.8480000000,-0.0050625000
8.8520000000,-0.0049375000
8.8560000000,-0.0049843750
8.8600000000,-0.0050781250
8.8640000000,-0.0049375000
8.8680000000,-0.0051875000
8.8720000000,-0.0048593750
8.8760000000,-0.0051250000
8.8800000000,-0.0048437500
8.8840000000,-0.0050781250
8.8880000000,-0.0050468750
8.8920000000,-0.0046875000
8.8960000000,-0.0052187500
8.9000000000,-0.0047812500
8.9040000000,-0.0050312500
8.9080000000,-0.0050468750
8.9120000000,-0.0050156250
8.9160000000,-0.0049531250
8.9200000000,-0.0050468750
8.9240000000,-0.0050781250
8.9280000000,-0.0051093750
8.9320000000,-0.0049687500
8.9360000000,-0.0051093750
8.9400000000,-0.0049062500
8.9440000000,-0.0052031250
8.9480000000,-0.0050937500
8.9520000000,-0.0049062500
8.9560000000,-0.0050468750
8.9600000000,-0.0052187500
8.9640000000,-0.0051250000
8.9680000000,-0.0051093750
8.9720000000,-0.0049687500
8.9760000000,-0.0051250000
8.9800000000,-0.0049687500
8.9840000000,-0.0049687500
8.9880000000,-0.0051093750
8.9920000000,-0.0049531250
8.9960000000,-0.0051250000
9.0000000000,-0.0049843750
9.0040000000,-0.0049843750
9.0080000000,-0.0049375000
9.0120000000,-0.0051875000
9.0160000000,-0.0049843750
9.0200000000,-0.0046718750
9.0240000000,-0.0052968750
9.0280000000,-0.0047812500
9.0320000000,-0.0049062500
9.0360000000,-0.0050781250
9.0400000000,-0.0049375000
9.0440000000,-0.0049062500
9.0480000000,-0.0048125000
9.0520000000,-0.0050156250
9.0560000000,-0.0048593750
9.0600000000,-0.0049218750
9.0640000000,-0.0051406250
9.0680000000,-0.0049687500
9.0720000000,-0.0048437500
9.0760000000,-0.0049687500
9.0800000000,-0.0050312500
9.0840000000,-0.0051093750
9.0880000000,-0.0051406250
9.0920000000,-0.0050937500
9.0960000000,-0.0050781250
9.1000000000,-0.0051562500
9.1040000000,-0.0050625000
9.1080000000,-0.0048593750
9.1120000000,-0.0049843750
9.1160000000,-0.0050625000
9.1200000000,-0.0049218750
9.1240000000,-0.0052031250
9.1280000000,-0.0050156250
9.1320000000,-0.0050468750
9.1360000000,-0.0048593750
9.1400000000,-0.0051250000
9.1440000000,-0.0050625000
9.1480000000,-0.0047343750
9.1520000000,-0.0052500000
9.1560000000,-0.0047968750
9.1600000000,-0.0050156250
9.1640000000,-0.0050000000
9.1680000000,-0.0049687500
9.1720000000,-0.0053125000
9.1760000000,-0.0050000000
9.1800000000,-0.0050312500
9.1840000000,-0.0050468750
9.1880000000,-0.0049687500
9.1920000000,-0.0049687500
9.1960000000,-0.0050000000
9.2000000000,-0.0051406250
9.2040000000,-0.0051875000
9.2080000000,-0.0051250000
9.2120000000,-0.0051718750
9.2160000000,-0.0049687500
9.2200000000,-0.0049687500
9.2240000000,-0.0049531250
9.2280000000,-0.0050312500
9.2320000000,-0.0048593750
9.2360000000,-0.0051250000
9.2400000000,-0.0048906250
9.2440000000,-0.0051093750
9.2480000000,-0.0050781250
9.2520000000,-0.0050937500
9.2560000000,-0.0048281250
9.2600000000,-0.0050312500
9.2640000000,-0.0051093750
9.2680000000,-0.0049687500
9.2720000000,-0.0049062500
9.2760000000,-0.0049218750
9.2800000000,-0.0052656250
9.2840000000,-0.0048906250
9.2880000000,-0.0050781250
9.2920000000,-0.0051406250
9.2960000000,-0.0050000000
9.3000000000,-0.0050156250
9.3040000000,-0.0051718750
9.3080000000,-0.0049687500
9.3120000000,-0.0049218750
9.3160000000,-0.0051718750
9.3200000000,-0.0051093750
9.3240000000,-0.0051250000
9.3280000000,-0.0049062500
9.3320000000,-0.0050937500
9.3360000000,-0.0052656250
9.3400000000,-0.0050000000
9.3440000000,-0.0051093750
9.3480000000,-0.0048437500
9.3520000000,-0.0050937500
9.3560000000,-0.0051718750
9.3600000000,-0.0049843750
9.3640000000,-0.0049687500
9.3680000000,-0.0047812500
9.3720000000,-0.0050937500
9.3760000000,-0.0049843750
9.3800000000,-0.0051562500
9.3840000000,-0.0049062500
9.3880000000,-0.0050000000
9.3920000000,-0.0049062500
9.3960000000,-0.0051093750
9.4000000000,-0.0048593750
9.4040000000,-0.0049062500
9.4080000000,-0.0052343750
9.4120000000,-0.0048906250
9.4160000000,-0.0048281250
9.4200000000,-0.0050781250
9.4240000000,-0.0048281250
9.4280000000,-0.0051562500
9.4320000000,-0.0049218750
9.4360000000,-0.0051093750
9.4400000000,-0.0049843750
9.4440000000,-0.0049375000
9.4480000000,-0.0049687500
9.4520000000,-0.0048750000
9.4560000000,-0.0048125000
9.4600000000,-0.0050937500
9.4640000000,-0.0051875000
9.4680000000,-0.0050312500
9.4720000000,-0.0049687500
9.4760000000,-0.0050156250
9.4800000000,-0.0050468750
9.4840000000,-0.0051093750
9.4880000000,-0.0051093750
9.4920000000,-0.0048125000
9.4960000000,-0.0049531250
9.5000000000,-0.0049843750
9.5040000000,-0.0051875000
9.5080000000,-0.0050937500
9.5120000000,-0.0049062500
9.5160000000,-0.0052500000
9.5200000000,-0.0049218750
9.5240000000,-0.0051562500
9.5280000000,-0.0048750000
9.5320000000,-0.0047968750
9.5360000000,-0.0051875000
9.5400000000,-0.0049531250
9.5440000000,-0.0049687500
9.5480000000,-0.0050781250
9.5520000000,-0.0049375000
9.5560000000,-0.0050000000
9.5600000000,-0.0048593750
9.5640000000,-0.0049843750
9.5680000000,-0.0049375000
9.5720000000,-0.0050937500
9.5760000000,-0.0048125000
9.5800000000,-0.0048906250
9.5840000000,-0.0049375000
9.5880000000,-0.0050625000
9.5920000000,-0.0050156250
9.5960000000,-0.0052031250
9.6000000000,-0.0048593750
9.6040000000,-0.0050468750
9.6080000000,-0.0049531250
9.6120000000,-0.0052656250
9.6160000000,-0.0050781250
9.6200000000,-0.0049531250
9.6240000000,-0.0050156250
9.6280000000,-0.0050937500
9.6320000000,-0.0049843750
9.6360000000,-0.0048593750
9.6400000000,-0.0049843750
9.6440000000,-0.0051250000
9.6480000000,-0.0049062500
9.6520000000,-0.0050781250
9.6560000000,-0.0048281250
9.6600000000,-0.0047656250
9.6640000000,-0.0052343750
9.6680000000,-0.0049062500
9.6720000000,-0.0050937500
9.6760000000,-0.0051093750
9.6800000000,-0.0050468750
9.6840000000,-0.0051250000
9.6880000000,-0.0050781250
9.6920000000,-0.0051093750
9.6960000000,-0.0049062500
9.7000000000,-0.0049687500
9.7040000000,-0.0051406250
9.7080000000,-0.0049218750
9.7120000000,-0.0049843750
9.7160000000,-0.0050000000
9.7200000000,-0.0050468750
9.7240000000,-0.0050781250
9.7280000000,-0.0050468750
9.7320000000,-0.0048750000
9.7360000000,-0.0052343750
9.7400000000,-0.0051250000
9.7440000000,-0.0051562500
9.7480000000,-0.0049843750
9.7520000000,-0.0050625000
9.7560000000,-0.0050468750
9.7600000000,-0.0051875000
9.7640000000,-0.0049218750
9.7680000000,-0.0050156250
9.7720000000,-0.0051718750
9.7760000000,-0.0050781250
9.7800000000,-0.0050000000
9.7840000000,-0.0050156250
9.7880000000,-0.0047031250
9.7920000000,-0.0052656250
9.7960000000,-0.0047031250
9.8000000000,-0.0051250000
9.8040000000,-0.0050312500
9.8080000000,-0.0051093750
9.8120000000,-0.0050156250
9.8160000000,-0.0048750000
9.8200000000,-0.0050781250
9.8240000000,-0.0048750000
9.8280000000,-0.0051875000
9.8320000000,-0.0048750000
9.8360000000,-0.0049687500
9.8400000000,-0.0049687500
9.8440000000,-0.0051562500
9.8480000000,-0.0052031250
9.8520000000,-0.0049843750
9.8560000000,-0.0049843750
9.8600000000,-0.0049531250
9.8640000000,-0.0051875000
9.8680000000,-0.0050625000
9.8720000000,-0.0050781250
9.8760000000,-0.0050000000
9.8800000000,-0.0050781250
9.8840000000,-0.0049531250
9.8880000000,-0.0051093750
9.8920000000,-0.0050937500
9.8960000000,-0.0050781250
9.9000000000,-0.0050468750
9.9040000000,-0.0048593750
9.9080000000,-0.0051875000
9.9120000000,-0.0049843750
9.9160000000,-0.0047812500
9.9200000000,-0.0052031250
9.9240000000,-0.0048125000
9.9280000000,-0.0050312500
9.9320000000,-0.0052343750
9.9360000000,-0.0050156250
9.9400000000,-0.0048750000
9.9440000000,-0.0049375000
9.9480000000,-0.0049687500
9.9520000000,-0.0049218750
9.9560000000,-0.0051718750
9.9600000000,-0.0050000000
9.9640000000,-0.0049375000
9.9680000000,-0.0048750000
9.9720000000,-0.0050312500
9.9760000000,-0.0050937500
9.9800000000,-0.0050937500
9.9840000000,-0.0049687500
9.9880000000,-0.0047343750
9.9920000000,-0.0050000000
9.9960000000,-0.0049531250
10.0000000000,-0.0050000000
10.0040000000,-0.0048281250
10.0080000000,-0.0048750000
10.0120000000,-0.0047656250
10.0160000000,-0.0050156250
10.0200000000,-0.0050625000
10.0240000000,-0.0048125000
10.0280000000,-0.0051562500
10.0320000000,-0.0050000000
10.0360000000,-0.0049531250
10.0400000000,-0.0049218750
10.0440000000,-0.0047656250
10.0480000000,-0.0052031250
10.0520000000,-0.0048281250
10.0560000000,-0.0049218750
10.0600000000,-0.0051718750
10.0640000000,-0.0049375000
10.0680000000,-0.0050625000
10.0720000000,-0.0049375000
10.0760000000,-0.0050937500
10.0800000000,-0.0050000000
10.0840000000,-0.0050312500
10.0880000000,-0.0050781250
10.0920000000,-0.0048437500
10.0960000000,-0.0049687500
10.1000000000,-0.0050937500
10.1040000000,-0.0050781250
10.1080000000,-0.0051562500
10.1120000000,-0.0048437500
10.1160000000,-0.0050156250
10.1200000000,-0.0049843750
10.1240000000,-0.0051406250
10.1280000000,-0.0049531250
10.1320000000,-0.0049687500
10.1360000000,-0.0049843750
10.1400000000,-0.0050312500
10.1440000000,-0.0050625000
10.1480000000,-0.0050937500
10.1520000000,-0.0047812500
10.1560000000,-0.0050937500
10.1600000000,-0.0048750000
10.1640000000,-0.0051406250
10.1680000000,-0.0051250000
10.1720000000,-0.0048593750
10.1760000000,-0.0051250000
10.1800000000,-0.0048281250
10.1840000000,-0.0049218750
10.1880000000,-0.0051562500
10.1920000000,-0.0050625000
10.1960000000,-0.0051250000
10.2000000000,-0.0050312500
10.2040000000,-0.0050937500
10.2080000000,-0.0048750000
10.2120000000,-0.0050312500
10.2160000000,-0.0051875000
10.2200000000,-0.0049687500
10.2240000000,-0.0048906250
10.2280000000,-0.0050937500
10.2320000000,-0.0049843750
10.2360000000,-0.0050625000
10.2400000000,-0.0049375000
10.2440000000,-0.0049062500
10.2480000000,-0.0052187500
10.2520000000,-0.0050156250
10.2560000000,-0.0050156250
10.2600000000,-0.0048906250
10.2640000000,-0.0048437500
10.2680000000,-0.0049687500
10.2720000000,-0.0050468750
10.2760000000,-0.0051562500
10.2800000000,-0.0049687500
10.2840000000,-0.0050000000
10.2880000000,-0.0048281250
10.2920000000,-0.0050625000
10.2960000000,-0.0050468750
10.3000000000,-0.0048906250
10.3040000000,-0.0051875000
10.3080000000,-0.0048593750
10.3120000000,-0.0049687500
10.3160000000,-0.0050312500
10.3200000000,-0.0051875000
10.3240000000,-0.0051250000
10.3280000000,-0.0049843750
10.3320000000,-0.0050000000
10.3360000000,-0.0049843750
10.3400000000,-0.0051562500
10.3440000000,-0.0051406250
10.3480000000,-0.0049843750
10.3520000000,-0.0048125000
10.3560000000,-0.0050312500
10.3600000000,-0.0050937500
10.3640000000,-0.0049687500
10.3680000000,-0.0049531250
10.3720000000,-0.0046875000
10.3760000000,-0.0050937500
10.3800000000,-0.0051250000
10.3840000000,-0.0051093750
10.3880000000,-0.0050312500
10.3920000000,-0.0051250000
10.3960000000,-0.0049375000
10.4000000000,-0.0051250000
10.4040000000,-0.0049062500
10.4080000000,-0.0048593750
10.4120000000,-0.0051875000
10.4160000000,-0.0048750000
10.4200000000,-0.0051562500
10.4240000000,-0.0048906250
10.4280000000,-0.0047812500
10.4320000000,-0.0051718750
10.4360000000,-0.0048750000
10.4400000000,-0.0050937500
10.4440000000,-0.0050937500
10.4480000000,-0.0050312500
10.4520000000,-0.0050000000
10.4560000000,-0.0050625000
10.4600000000,-0.0050937500
10.4640000000,-0.0050781250
10.4680000000,-0.0050937500
10.4720000000,-0.0050000000
10.4760000000,-0.0048750000
10.4800000000,-0.0049843750
10.4840000000,-0.0050937500
10.4880000000,-0.0050625000
10.4920000000,-0.0049062500
10.4960000000,-0.0052187500
10.5000000000,-0.0049375000
10.5040000000,-0.0051406250
10.5080000000,-0.0050312500
10.5120000000,-0.0050000000
10.5160000000,-0.0049375000
10.5200000000,-0.0050468750
10.5240000000,-0.0049375000
10.5280000000,-0.0050156250
10.5320000000,-0.0050312500
10.5360000000,-0.0049218750
10.5400000000,-0.0051718750
10.5440000000,-0.0047812500
10.5480000000,-0.0050156250
10.5520000000,-0.0050000000
10.5560000000,-0.0047968750
10.5600000000,-0.0051406250
10.5640000000,-0.0047343750
10.5680000000,-0.0049843750
10.5720000000,-0.0050000000
10.5760000000,-0.0050625000
10.5800000000,-0.0052187500
10.5840000000,-0.0049218750
10.5880000000,-0.0050156250
10.5920000000,-0.0049687500
10.5960000000,-0.0050312500
10.6000000000,-0.0050468750
10.6040000000,-0.0049531250
10.6080000000,-0.0049687500
10.6120000000,-0.0050937500
10.6160000000,-0.0051406250
10.6200000000,-0.0051875000
10.6240000000,-0.0050625000
10.6280000000,-0.0049062500
10.6320000000,-0.0052031250
10.6360000000,-0.0048750000
10.6400000000,-0.0049843750
10.6440000000,-0.0050312500
10.6480000000,-0.0050625000
10.6520000000,-0.0049531250
10.6560000000,-0.0050156250
10.6600000000,-0.0050000000
10.6640000000,-0.0048593750
10.6680000000,-0.0051562500
10.6720000000,-0.0049531250
10.6760000000,-0.0050468750
10.6800000000,-0.0049843750
10.6840000000,-0.0047500000
10.6880000000,-0.0050781250
10.6920000000,-0.0048906250
10.6960000000,-0.0051250000
10.7000000000,-0.0050156250
10.7040000000,-0.0050468750
10.7080000000,-0.0049062500
10.7120000000,-0.0048750000
10.7160000000,-0.0051250000
10.7200000000,-0.0048281250
10.7240000000,-0.0052187500
10.7280000000,-0.0049375000
10.7320000000,-0.0049687500
10.7360000000,-0.0049687500
10.7400000000,-0.0049218750
10.7440000000,-0.0051093750
10.7480000000,-0.0050156250
10.7520000000,-0.0050625000
10.7560000000,-0.0050000000
10.7600000000,-0.0050000000
10.7640000000,-0.0050625000
10.7680000000,-0.0051250000
10.7720000000,-0.0048906250
10.7760000000,-0.0049843750
10.7800000000,-0.0048125000
10.7840000000,-0.0050625000
10.7880000000,-0.0050625000
10.7920000000,-0.0048593750
10.7960000000,-0.0048906250
10.8000000000,-0.0050156250
10.8040000000,-0.0050468750
10.8080000000,-0.0049531250
10.8120000000,-0.0048750000
10.8160000000,-0.0050468750
10.8200000000,-0.0049531250
10.8240000000,-0.0051250000
10.8280000000,-0.0050156250
10.8320000000,-0.0049531250
10.8360000000,-0.0049843750
10.8400000000,-0.0049375000
10.8440000000,-0.0050312500
10.8480000000,-0.0049375000
10.8520000000,-0.0050468750
10.8560000000,-0.0050312500
10.8600000000,-0.0050156250
10.8640000000,-0.0050312500
10.8680000000,-0.0050156250
10.8720000000,-0.0051093750
10.8760000000,-0.0050156250
10.8800000000,-0.0049687500
10.8840000000,-0.0048437500
10.8880000000,-0.0051093750
10.8920000000,-0.0052031250
10.8960000000,-0.0048906250
10.9000000000,-0.0049843750
10.9040000000,-0.0051250000
10.9080000000,-0.0051250000
10.9120000000,-0.0051093750
10.9160000000,-0.0049687500
10.9200000000,-0.0048437500
10.9240000000,-0.0050312500
10.9280000000,-0.0049218750
10.9320000000,-0.0050468750
10.9360000000,-0.0049218750
10.9400000000,-0.0049218750
10.9440000000,-0.0052343750
10.9480000000,-0.0048125000
10.9520000000,-0.0050781250
10.9560000000,-0.0049375000
10.9600000000,-0.0050156250
10.9640000000,-0.0052968750
10.9680000000,-0.0048750000
10.9720000000,-0.0050156250
10.9760000000,-0.0047968750
10.9800000000,-0.0051718750
10.9840000000,-0.0049531250
10.9880000000,-0.0050625000
10.9920000000,-0.0047812500
10.9960000000,-0.0050312500
11.0000000000,-0.0050781250
11.0040000000,-0.0050937500
11.0080000000,-0.0049062500
11.0120000000,-0.0049843750
11.0160000000,-0.0050000000
11.0200000000,-0.0050156250
11.0240000000,-0.0047968750
11.0280000000,-0.0049218750
11.0320000000,-0.0050000000
11.0360000000,-0.0049843750
11.0400000000,-0.0049843750
11.0440000000,-0.0051718750
11.0480000000,-0.0049843750
11.0520000000,-0.0050000000
11.0560000000,-0.0048125000
11.0600000000,-0.0052031250
11.0640000000,-0.0049531250
11.0680000000,-0.0050156250
11.0720000000,-0.0051562500
11.0760000000,-0.0049375000
11.0800000000,-0.0049062500
11.0840000000,-0.0050937500
11.0880000000,-0.0049375000
11.0920000000,-0.0049687500
11.0960000000,-0.0047656250
11.1000000000,-0.0050312500
11.1040000000,-0.0046875000
11.1080000000,-0.0051093750
11.1120000000,-0.0048906250
11.1160000000,-0.0049062500
11.1200000000,-0.0048750000
11.1240000000,-0.0050468750
11.1280000000,-0.0051562500
11.1320000000,-0.0049687500
11.1360000000,-0.0049687500
11.1400000000,-0.0050937500
11.1440000000,-0.0050781250
11.1480000000,-0.0052031250
11.1520000000,-0.0050000000
11.1560000000,-0.0049062500
11.1600000000,-0.0050000000
11.1640000000,-0.0047968750
11.1680000000,-0.0052343750
11.1720000000,-0.0048906250
11.1760000000,-0.0049062500
11.1800000000,-0.0050468750
11.1840000000,-0.0049062500
11.1880000000,-0.0050156250
11.1920000000,-0.0049531250
11.1960000000,-0.0048593750
11.2000000000,-0.0051250000
11.2040000000,-0.0050937500
11.2080000000,-0.0050937500
11.2120000000,-0.0050625000
11.2160000000,-0.0050156250
11.2200000000,-0.0050000000
11.2240000000,-0.0050156250
11.2280000000,-0.0051406250
11.2320000000,-0.0049375000
11.2360000000,-0.0052031250
11.2400000000,-0.0051562500
11.2440000000,-0.0049218750
11.2480000000,-0.0047812500
11.2520000000,-0.0051562500
11.2560000000,-0.0051093750
11.2600000000,-0.0052187500
11.2640000000,-0.0050468750
11.2680000000,-0.0050156250
11.2720000000,-0.0048906250
11.2760000000,-0.0049843750
11.2800000000,-0.0048281250
11.2840000000,-0.0050156250
11.2880000000,-0.0051562500
11.2920000000,-0.0047812500
11.2960000000,-0.0049218750
11.3000000000,-0.0049531250
11.3040000000,-0.0048750000
11.3080000000,-0.0050625000
11.3120000000,-0.0050000000
11.3160000000,-0.0050156250
11.3200000000,-0.0050156250
11.3240000000,-0.0048125000
11.3280000000,-0.0052812500
11.3320000000,-0.0049062500
11.3360000000,-0.0051718750
11.3400000000,-0.0049843750
11.3440000000,-0.0050312500
11.3480000000,-0.0049687500
11.3520000000,-0.0048281250
11.3560000000,-0.0050312500
11.3600000000,-0.0048750000
11.3640000000,-0.0052343750
11.3680000000,-0.0049687500
11.3720000000,-0.0048906250
11.3760000000,-0.0049375000
11.3800000000,-0.0049531250
11.3840000000,-0.0052343750
11.3880000000,-0.0050000000
11.3920000000,-0.0049843750
11.3960000000,-0.0049687500
11.4000000000,-0.0050625000
11.4040000000,-0.0051562500
11.4080000000,-0.0049218750
11.4120000000,-0.0050625000
11.4160000000,-0.0050625000
11.4200000000,-0.0049062500
11.4240000000,-0.0050000000
11.4280000000,-0.0049375000
11.4320000000,-0.0048593750
11.4360000000,-0.0050312500
11.4400000000,-0.0048906250
11.4440000000,-0.0052031250
11.4480000000,-0.0049843750
11.4520000000,-0.0048281250
11.4560000000,-0.0051406250
11.4600000000,-0.0049843750
11.4640000000,-0.0049218750
11.4680000000,-0.0050000000
11.4720000000,-0.0050625000
11.4760000000,-0.0051250000
11.4800000000,-0.0048750000
11.4840000000,-0.0050312500
11.4880000000,-0.0050156250
11.4920000000,-0.0052500000
11.4960000000,-0.0050000000
11.5000000000,-0.0050156250
11.5040000000,-0.0047968750
11.5080000000,-0.0048906250
11.5120000000,-0.0049843750
11.5160000000,-0.0050625000
11.5200000000,-0.0049843750
11.5240000000,-0.0048906250
11.5280000000,-0.0050937500
11.5320000000,-0.0052187500
11.5360000000,-0.0050312500
11.5400000000,-0.0049843750
11.5440000000,-0.0049062500
11.5480000000,-0.0050468750
11.5520000000,-0.0049843750
11.5560000000,-0.0050781250
11.5600000000,-0.0049843750
11.5640000000,-0.0050312500
11.5680000000,-0.0048125000
11.5720000000,-0.0050156250
11.5760000000,-0.0050937500
11.5800000000,-0.0049218750
11.5840000000,-0.0049843750
11.5880000000,-0.0049843750
11.5920000000,-0.0050781250
11.5960000000,-0.0050937500
11.6000000000,-0.0051406250
11.6040000000,-0.0049218750
11.6080000000,-0.0048593750
11.6120000000,-0.0049062500
11.6160000000,-0.0050781250
11.6200000000,-0.0052968750
11.6240000000,-0.0049843750
11.6280000000,-0.0048281250
11.6320000000,-0.0048593750
11.6360000000,-0.0050937500
11.6400000000,-0.0050468750
11.6440000000,-0.0051093750
11.6480000000,-0.0051718750
11.6520000000,-0.0048125000
11.6560000000,-0.0049843750
11.6600000000,-0.0049531250
11.6640000000,-0.0049218750
11.6680000000,-0.0050468750
11.6720000000,-0.0050937500
11.6760000000,-0.0050468750
11.6800000000,-0.0050468750
11.6840000000,-0.0051406250
11.6880000000,-0.0049531250
11.6920000000,-0.0049218750
11.6960000000,-0.0049687500
11.7000000000,-0.0050625000
11.7040000000,-0.0050937500
11.7080000000,-0.0050156250
11.7120000000,-0.0050937500
11.7160000000,-0.0050156250
11.7200000000,-0.0050937500
11.7240000000,-0.0050468750
11.7280000000,-0.0051562500
11.7320000000,-0.0050937500
11.7360000000,-0.0047656250
11.7400000000,-0.0049687500
11.7440000000,-0.0050156250
11.7480000000,-0.0052656250
11.7520000000,-0.0051093750
11.7560000000,-0.0047656250
11.7600000000,-0.0049687500
11.7640000000,-0.0050468750
11.7680000000,-0.0048750000
11.7720000000,-0.0049375000
11.7760000000,-0.0050000000
11.7800000000,-0.0051406250
11.7840000000,-0.0050625000
11.7880000000,-0.0048906250
11.7920000000,-0.0049218750
11.7960000000,-0.0048906250
11.8000000000,-0.0050156250
11.8040000000,-0.0050000000
11.8080000000,-0.0051875000
11.8120000000,-0.0051250000
11.8160000000,-0.0049531250
11.8200000000,-0.0050156250
11.8240000000,-0.0049218750
11.8280000000,-0.0050468750
11.8320000000,-0.0051718750
11.8360000000,-0.0047812500
11.8400000000,-0.0051406250
11.8440000000,-0.0051718750
11.8480000000,-0.0050156250
11.8520000000,-0.0050156250
11.8560000000,-0.0049687500
11.8600000000,-0.0049843750
11.8640000000,-0.0048750000
11.8680000000,-0.0050312500
11.8720000000,-0.0049062500
11.8760000000,-0.0051875000
11.8800000000,-0.0049531250
11.8840000000,-0.0049062500
11.8880000000,-0.0046562500
11.8920000000,-0.0049218750
11.8960000000,-0.0050625000
11.9000000000,-0.0049531250
11.9040000000,-0.0050312500
11.9080000000,-0.0049531250
11.9120000000,-0.0050468750
11.9160000000,-0.0048125000
11.9200000000,-0.0050156250
11.9240000000,-0.0050000000
11.9280000000,-0.0051718750
11.9320000000,-0.0050312500
11.9360000000,-0.0050156250
11.9400000000,-0.0050937500
11.9440000000,-0.0049375000
11.9480000000,-0.0048281250
11.9520000000,-0.0049375000
11.9560000000,-0.0050312500
11.9600000000,-0.0050156250
11.9640000000,-0.0050312500
11.9680000000,-0.0049218750
11.9720000000,-0.0048906250
11.9760000000,-0.0051718750
11.9800000000,-0.0051718750
11.9840000000,-0.0048437500
11.9880000000,-0.0050156250
11.9920000000,-0.0049062500
11.9960000000,-0.0049218750
12.0000000000,-0.0050000000
12.0040000000,-0.0050937500
12.0080000000,-0.0050937500
12.0120000000,-0.0048593750
12.0160000000,-0.0049062500
12.0200000000,-0.0050625000
12.0240000000,-0.0050937500
12.0280000000,-0.0050312500
12.0320000000,-0.0050312500
12.0360000000,-0.0049843750
12.0400000000,-0.0050312500
12.0440000000,-0.0050312500
12.0480000000,-0.0049375000
12.0520000000,-0.0051562500
12.0560000000,-0.0050781250
12.0600000000,-0.0050000000
12.0640000000,-0.0051093750
12.0680000000,-0.0050468750
12.0720000000,-0.0049062500
12.0760000000,-0.0049843750
12.0800000000,-0.0048906250
12.0840000000,-0.0050625000
12.0880000000,-0.0047656250
12.0920000000,-0.0050468750
12.0960000000,-0.0051250000
12.1000000000,-0.0049843750
12.1040000000,-0.0050000000
12.1080000000,-0.0051093750
12.1120000000,-0.0052187500
12.1160000000,-0.0051093750
12.1200000000,-0.0047656250
12.1240000000,-0.0050625000
12.1280000000,-0.0050625000
12.1320000000,-0.0051250000
12.1360000000,-0.0049218750
12.1400000000,-0.0049062500
12.1440000000,-0.0049218750
12.1480000000,-0.0051250000
12.1520000000,-0.0049531250
12.1560000000,-0.0049375000
12.1600000000,-0.0050000000
12.1640000000,-0.0049375000
12.1680000000,-0.0049687500
12.1720000000,-0.0050156250
12.1760000000,-0.0049531250
12.1800000000,-0.0050781250
12.1840000000,-0.0050781250
12.1880000000,-0.0050468750
12.1920000000,-0.0050937500
12.1960000000,-0.0050625000
12.2000000000,-0.0049843750
12.2040000000,-0.0049687500
12.2080000000,-0.0048437500
12.2120000000,-0.0050312500
12.2160000000,-0.0049062500
12.2200000000,-0.0049375000
12.2240000000,-0.0049531250
12.2280000000,-0.0051406250
12.2320000000,-0.0049218750
12.2360000000,-0.0050625000
12.2400000000,-0.0050312500
12.2440000000,-0.0050781250
12.2480000000,-0.0049843750
12.2520000000,-0.0050781250
12.2560000000,-0.0049218750
12.2600000000,-0.0050625000
12.2640000000,-0.0050312500
12.2680000000,-0.0050156250
12.2720000000,-0.0050156250
12.2760000000,-0.0050156250
12.2800000000,-0.0051718750
12.2840000000,-0.0050312500
12.2880000000,-0.0049375000
12.2920000000,-0.0051562500
12.2960000000,-0.0050156250
12.3000000000,-0.0049062500
12.3040000000,-0.0048593750
12.3080000000,-0.0051718750
12.3120000000,-0.0050468750
12.3160000000,-0.0049843750
12.3200000000,-0.0050625000
12.3240000000,-0.0049531250
12.3280000000,-0.0048750000
12.3320000000,-0.0050625000
12.3360000000,-0.0048906250
12.3400000000,-0.0050937500
12.3440000000,-0.0049218750
12.3480000000,-0.0048437500
12.3520000000,-0.0051562500
12.3560000000,-0.0050312500
12.3600000000,-0.0051250000
12.3640000000,-0.0051562500
12.3680000000,-0.0049375000
12.3720000000,-0.0050625000
12.3760000000,-0.0050000000
12.3800000000,-0.0050000000
12.3840000000,-0.0050625000
12.3880000000,-0.0050781250
12.3920000000,-0.0050156250
12.3960000000,-0.0048750000
12.4000000000,-0.0048906250
12.4040000000,-0.0049531250
12.4080000000,-0.0050468750
12.4120000000,-0.0050625000
12.4160000000,-0.0049531250
12.4200000000,-0.0052812500
12.4240000000,-0.0051093750
12.4280000000,-0.0049062500
12.4320000000,-0.0051875000
12.4360000000,-0.0049843750
12.4400000000,-0.0052656250
12.4440000000,-0.0049375000
12.4480000000,-0.0051406250
12.4520000000,-0.0048593750
12.4560000000,-0.0050156250
12.4600000000,-0.0049843750
12.4640000000,-0.0050468750
12.4680000000,-0.0050000000
12.4720000000,-0.0050000000
12.4760000000,-0.0050156250
12.4800000000,-0.0050781250
12.4840000000,-0.0050312500
12.4880000000,-0.0051250000
12.4920000000,-0.0051093750
12.4960000000,-0.0050625000
12.5000000000,-0.0051718750
12.5040000000,-0.0049218750
12.5080000000,-0.0051093750
12.5120000000,-0.0049375000
12.5160000000,-0.0050781250
12.5200000000,-0.0049531250
12.5240000000,-0.0049531250
12.5280000000,-0.0048125000
12.5320000000,-0.0050312500
12.5360000000,-0.0049531250
12.5400000000,-0.0049218750
12.5440000000,-0.0052031250
12.5480000000,-0.0051250000
12.5520000000,-0.0051406250
12.5560000000,-0.0047812500
12.5600000000,-0.0050156250
12.5640000000,-0.0050781250
12.5680000000,-0.0050937500
12.5720000000,-0.0050625000
12.5760000000,-0.0052500000
12.5800000000,-0.0050156250
12.5840000000,-0.0048593750
12.5880000000,-0.0052968750
12.5920000000,-0.0050468750
12.5960000000,-0.0050312500
12.6000000000,-0.0050156250
12.6040000000,-0.0050312500
12.6080000000,-0.0050468750
12.6120000000,-0.0050312500
12.6160000000,-0.0050937500
12.6200000000,-0.0050156250
12.6240000000,-0.0050156250
12.6280000000,-0.0049218750
12.6320000000,-0.0050156250
12.6360000000,-0.0050312500
12.6400000000,-0.0048437500
12.6440000000,-0.0051093750
12.6480000000,-0.0049687500
12.6520000000,-0.0049218750
12.6560000000,-0.0049375000
12.6600000000,-0.0050625000
12.6640000000,-0.0049843750
12.6680000000,-0.0050312500
12.6720000000,-0.0050312500
12.6760000000,-0.0049375000
12.6800000000,-0.0049843750
12.6840000000,-0.0049531250
12.6880000000,-0.0049843750
12.6920000000,-0.0050468750
12.6960000000,-0.0051562500
12.7000000000,-0.0048593750
12.7040000000,-0.0050781250
12.7080000000,-0.0050625000
12.7120000000,-0.0048906250
12.7160000000,-0.0050625000
12.7200000000,-0.0049062500
12.7240000000,-0.0050937500
12.7280000000,-0.0049218750
12.7320000000,-0.0050312500
12.7360000000,-0.0049687500
12.7400000000,-0.0051875000
12.7440000000,-0.0051250000
12.7480000000,-0.0050000000
12.7520000000,-0.0049687500
12.7560000000,-0.0051718750
12.7600000000,-0.0047343750
12.7640000000,-0.0049843750
12.7680000000,-0.0049375000
12.7720000000,-0.0051250000
12.7760000000,-0.0049218750
12.7800000000,-0.0049375000
12.7840000000,-0.0048437500
12.7880000000,-0.0049843750
12.7920000000,-0.0051093750
12.7960000000,-0.0050468750
12.8000000000,-0.0049531250
12.8040000000,-0.0050000000
12.8080000000,-0.0052656250
12.8120000000,-0.0048281250
12.8160000000,-0.0050156250
12.8200000000,-0.0049531250
12.8240000000,-0.0051406250
12.8280000000,-0.0051250000
12.8320000000,-0.0051718750
12.8360000000,-0.0049531250
12.8400000000,-0.0048281250
12.8440000000,-0.0049062500
12.8480000000,-0.0048750000
12.8520000000,-0.0050156250
12.8560000000,-0.0050468750
12.8600000000,-0.0049062500
12.8640000000,-0.0050625000
12.8680000000,-0.0049843750
12.8720000000,-0.0050468750
12.8760000000,-0.0050156250
12.8800000000,-0.0051250000
12.8840000000,-0.0052031250
12.8880000000,-0.0050312500
12.8920000000,-0.0050312500
12.8960000000,-0.0049062500
12.9000000000,-0.0051406250
12.9040000000,-0.0048281250
12.9080000000,-0.0050312500
12.9120000000,-0.0048750000
12.9160000000,-0.0050000000
12.9200000000,-0.0050468750
12.9240000000,-0.0049375000
12.9280000000,-0.0051718750
12.9320000000,-0.0050000000
12.9360000000,-0.0050312500
12.9400000000,-0.0048906250
12.9440000000,-0.0051093750
12.9480000000,-0.0050468750
12.9520000000,-0.0052812500
12.9560000000,-0.0049687500
12.9600000000,-0.0052031250
12.9640000000,-0.0047968750
12.9680000000,-0.0048593750
12.9720000000,-0.0049531250
12.9760000000,-0.0048750000
12.9800000000,-0.0050000000
12.9840000000,-0.0051093750
12.9880000000,-0.0049531250
12.9920000000,-0.0050625000
12.9960000000,-0.0050000000
13.0000000000,-0.0049062500
13.0040000000,-0.0051718750
13.0080000000,-0.0051718750
13.0120000000,-0.0051093750
13.0160000000,-0.0047812500
13.0200000000,-0.0050312500
13.0240000000,-0.0050156250
13.0280000000,-0.0051718750
13.0320000000,-0.0049843750
13.0360000000,-0.0048437500
13.0400000000,-0.0048593750
13.0440000000,-0.0050312500
13.0480000000,-0.0050468750
13.0520000000,-0.0049218750
13.0560000000,-0.0051093750
13.0600000000,-0.0050781250
13.0640000000,-0.0050312500
13.0680000000,-0.0048906250
13.0720000000,-0.0052187500
13.0760000000,-0.0049375000
13.0800000000,-0.0050156250
13.0840000000,-0.0048125000
13.0880000000,-0.0052031250
13.0920000000,-0.0050625000
13.0960000000,-0.0050156250
13.1000000000,-0.0049843750
13.1040000000,-0.0049062500
13.1080000000,-0.0052187500
13.1120000000,-0.0051718750
13.1160000000,-0.0051250000
13.1200000000,-0.0049843750
13.1240000000,-0.0050781250
13.1280000000,-0.0050781250
13.1320000000,-0.0052187500
13.1360000000,-0.0049062500
13.1400000000,-0.0050937500
13.1440000000,-0.0049375000
13.1480000000,-0.0049062500
13.1520000000,-0.0049687500
13.1560000000,-0.0051250000
13.1600000000,-0.0048906250
13.1640000000,-0.0050000000
13.1680000000,-0.0048437500
13.1720000000,-0.0050156250
13.1760000000,-0.0049062500
13.1800000000,-0.0050312500
13.1840000000,-0.0049375000
13.1880000000,-0.0049218750
13.1920000000,-0.0050312500
13.1960000000,-0.0047343750
13.2000000000,-0.0050468750
13.2040000000,-0.0048750000
13.2080000000,-0.0051406250
13.2120000000,-0.0050625000
13.2160000000,-0.0050781250
13.2200000000,-0.0050312500
13.2240000000,-0.0048437500
13.2280000000,-0.0050468750
13.2320000000,-0.0050312500
13.2360000000,-0.0049843750
13.2400000000,-0.0051718750
13.2440000000,-0.0050468750
13.2480000000,-0.0050156250
13.2520000000,-0.0051406250
13.2560000000,-0.0049218750
13.2600000000,-0.0048437500
13.2640000000,-0.0049218750
13.2680000000,-0.0050625000
13.2720000000,-0.0047812500
13.2760000000,-0.0049687500
13.2800000000,-0.0049843750
13.2840000000,-0.0052812500
13.2880000000,-0.0050468750
13.2920000000,-0.0050312500
13.2960000000,-0.0048750000
13.3000000000,-0.0051562500
13.3040000000,-0.0050468750
13.3080000000,-0.0049531250
13.3120000000,-0.0051875000
13.3160000000,-0.0051562500
13.3200000000,-0.0050468750
13.3240000000,-0.0049062500
13.3280000000,-0.0052031250
13.3320000000,-0.0049218750
13.3360000000,-0.0050156250
13.3400000000,-0.0049218750
13.3440000000,-0.0050781250
13.3480000000,-0.0048906250
13.3520000000,-0.0049062500
13.3560000000,-0.0050625000
13.3600000000,-0.0049375000
13.3640000000,-0.0050312500
13.3680000000,-0.0050625000
13.3720000000,-0.0051562500
13.3760000000,-0.0049687500
13.3800000000,-0.0050625000
13.3840000000,-0.0051250000
13.3880000000,-0.0050625000
13.3920000000,-0.0049843750
13.3960000000,-0.0051875000
13.4000000000,-0.0049062500
13.4040000000,-0.0048906250
13.4080000000,-0.0048437500
13.4120000000,-0.0052031250
13.4160000000,-0.0048750000
13.4200000000,-0.0049687500
13.4240000000,-0.0047031250
13.4280000000,-0.0050625000
13.4320000000,-0.0050000000
13.4360000000,-0.0051093750
13.4400000000,-0.0050156250
13.4440000000,-0.0051093750
13.4480000000,-0.0049531250
13.4520000000,-0.0049531250
13.4560000000,-0.0051093750
13.4600000000,-0.0048437500
13.4640000000,-0.0050937500
13.4680000000,-0.0049375000
13.4720000000,-0.0050625000
13.4760000000,-0.0050781250
13.4800000000,-0.0049375000
13.4840000000,-0.0050625000
13.4880000000,-0.0049687500
13.4920000000,-0.0050937500
13.4960000000,-0.0048906250
13.5000000000,-0.0050625000
13.5040000000,-0.0050156250
13.5080000000,-0.0049843750
13.5120000000,-0.0049687500
13.5160000000,-0.0050156250
13.5200000000,-0.0049218750
13.5240000000,-0.0050156250
13.5280000000,-0.0048281250
13.5320000000,-0.0049531250
13.5360000000,-0.0048125000
13.5400000000,-0.0051093750
13.5440000000,-0.0049531250
13.5480000000,-0.0050781250
13.5520000000,-0.0049843750
13.5560000000,-0.0051093750
13.5600000000,-0.0050000000
13.5640000000,-0.0047656250
13.5680000000,-0.0050468750
13.5720000000,-0.0050781250
13.5760000000,-0.0050156250
13.5800000000,-0.0048593750
13.5840000000,-0.0051406250
13.5880000000,-0.0049218750
13.5920000000,-0.0050156250
13.5960000000,-0.0049843750
13.6000000000,-0.0051718750
13.6040000000,-0.0050468750
13.6080000000,-0.0050312500
13.6120000000,-0.0051562500
13.6160000000,-0.0050781250
13.6200000000,-0.0049687500
13.6240000000,-0.0051875000
13.6280000000,-0.0049843750
13.6320000000,-0.0049375000
13.6360000000,-0.0049531250
13.6400000000,-0.0048593750
13.6440000000,-0.0050468750
13.6480000000,-0.0050000000
13.6520000000,-0.0051562500
13.6560000000,-0.0049687500
13.6600000000,-0.0048750000
13.6640000000,-0.0048593750
13.6680000000,-0.0051718750
13.6720000000,-0.0050312500
13.6760000000,-0.0048750000
13.6800000000,-0.0050312500
13.6840000000,-0.0051250000
13.6880000000,-0.0051718750
13.6920000000,-0.0048750000
13.6960000000,-0.0049687500
13.7000000000,-0.0049218750
13.7040000000,-0.0050781250
13.7080000000,-0.0048593750
13.7120000000,-0.0051250000
13.7160000000,-0.0049218750
13.7200000000,-0.0051250000
13.7240000000,-0.0049218750
13.7280000000,-0.0051406250
13.7320000000,-0.0050000000
13.7360000000,-0.0050000000
13.7400000000,-0.0049843750
13.7440000000,-0.0049687500
13.7480000000,-0.0050937500
13.7520000000,-0.0050625000
13.7560000000,-0.0050468750
13.7600000000,-0.0051093750
13.7640000000,-0.0049375000
13.7680000000,-0.0050468750
13.7720000000,-0.0050625000
13.7760000000,-0.0050468750
13.7800000000,-0.0050781250
13.7840000000,-0.0048281250
13.7880000000,-0.0049062500
13.7920000000,-0.0048437500
13.7960000000,-0.0051406250
13.8000000000,-0.0051093750
13.8040000000,-0.0048750000
13.8080000000,-0.0048906250
13.8120000000,-0.0048281250
13.8160000000,-0.0050625000
13.8200000000,-0.0049531250
13.8240000000,-0.0050937500
13.8280000000,-0.0050312500
13.8320000000,-0.0050937500
13.8360000000,-0.0048281250
13.8400000000,-0.0049375000
13.8440000000,-0.0048750000
13.8480000000,-0.0052500000
13.8520000000,-0.0048125000
13.8560000000,-0.0050625000
13.8600000000,-0.0050000000
13.8640000000,-0.0049531250
13.8680000000,-0.0050156250
13.8720000000,-0.0050000000
13.8760000000,-0.0049687500
13.8800000000,-0.0050937500
13.8840000000,-0.0050937500
13.8880000000,-0.0049218750
13.8920000000,-0.0050156250
13.8960000000,-0.0050937500
13.9000000000,-0.0051562500
13.9040000000,-0.0050312500
13.9080000000,-0.0053593750
13.9120000000,-0.0048593750
13.9160000000,-0.0050312500
13.9200000000,-0.0048281250
13.9240000000,-0.0052187500
13.9280000000,-0.0049218750
13.9320000000,-0.0050156250
13.9360000000,-0.0051718750
13.9400000000,-0.0049375000
13.9440000000,-0.0052031250
13.9480000000,-0.0051406250
13.9520000000,-0.0051406250
13.9560000000,-0.0049375000
13.9600000000,-0.0049375000
13.9640000000,-0.0047656250
13.9680000000,-0.0051562500
13.9720000000,-0.0047812500
13.9760000000,-0.0050625000
13.9800000000,-0.0049062500
13.9840000000,-0.0050781250
13.9880000000,-0.0051093750
13.9920000000,-0.0049531250
13.9960000000,-0.0050312500
14.0000000000,-0.0049843750
14.0040000000,-0.0050156250
14.0080000000,-0.0050312500
14.0120000000,-0.0050468750
14.0160000000,-0.0050937500
14.0200000000,-0.0050625000
14.0240000000,-0.0048437500
14.0280000000,-0.0050781250
14.0320000000,-0.0049687500
14.0360000000,-0.0050312500
14.0400000000,-0.0047656250
14.0440000000,-0.0050937500
14.0480000000,-0.0049375000
14.0520000000,-0.0051406250
14.0560000000,-0.0050312500
14.0600000000,-0.0050468750
14.0640000000,-0.0050000000
14.0680000000,-0.0048593750
14.0720000000,-0.0049531250
14.0760000000,-0.0050625000
14.0800000000,-0.0050781250
14.0840000000,-0.0049062500
14.0880000000,-0.0050312500
14.0920000000,-0.0049218750
14.0960000000,-0.0050781250
14.1000000000,-0.0048281250
14.1040000000,-0.0051250000
14.1080000000,-0.0051250000
14.1120000000,-0.0051250000
14.1160000000,-0.0050625000
14.1200000000,-0.0049843750
14.1240000000,-0.0051562500
14.1280000000,-0.0048593750
14.1320000000,-0.0050312500
14.1360000000,-0.0050625000
14.1400000000,-0.0050312500
14.1440000000,-0.0049218750
14.1480000000,-0.0050468750
14.1520000000,-0.0049062500
14.1560000000,-0.0049687500
14.1600000000,-0.0049687500
14.1640000000,-0.0048906250
14.1680000000,-0.0048125000
14.1720000000,-0.0050156250
14.1760000000,-0.0051562500
14.1800000000,-0.0050156250
14.1840000000,-0.0049218750
14.1880000000,-0.0050468750
14.1920000000,-0.0049687500
14.1960000000,-0.0049687500
14.2000000000,-0.0050937500
14.2040000000,-0.0050781250
14.2080000000,-0.0051093750
14.2120000000,-0.0050156250
14.2160000000,-0.0051093750
14.2200000000,-0.0048281250
14.2240000000,-0.0049531250
14.2280000000,-0.0049687500
14.2320000000,-0.0050625000
14.2360000000,-0.0048281250
14.2400000000,-0.0050937500
14.2440000000,-0.0050312500
14.2480000000,-0.0049062500
14.2520000000,-0.0050000000
14.2560000000,-0.0049375000
14.2600000000,-0.0050312500
14.2640000000,-0.0050625000
14.2680000000,-0.0050312500
14.2720000000,-0.0051406250
14.2760000000,-0.0051406250
14.2800000000,-0.0049218750
14.2840000000,-0.0049531250
14.2880000000,-0.0050937500
14.2920000000,-0.0051250000
14.2960000000,-0.0048906250
14.3000000000,-0.0049843750
14.3040000000,-0.0047500000
14.3080000000,-0.0051250000
14.3120000000,-0.0049687500
14.3160000000,-0.0050625000
14.3200000000,-0.0050781250
14.3240000000,-0.0048906250
14.3280000000,-0.0050156250
14.3320000000,-0.0050000000
14.3360000000,-0.0050937500
14.3400000000,-0.0049687500
14.3440000000,-0.0050468750
14.3480000000,-0.0048125000
14.3520000000,-0.0050468750
14.3560000000,-0.0049062500
14.3600000000,-0.0050468750
14.3640000000,-0.0048906250
14.3680000000,-0.0050468750
14.3720000000,-0.0051562500
14.3760000000,-0.0050312500
14.3800000000,-0.0051250000
14.3840000000,-0.0050156250
14.3880000000,-0.0051562500
14.3920000000,-0.0050000000
14.3960000000,-0.0049843750
14.4000000000,-0.0050312500
14.4040000000,-0.0050781250
14.4080000000,-0.0049218750
14.4120000000,-0.0050156250
14.4160000000,-0.0047812500
14.4200000000,-0.0050625000
14.4240000000,-0.0047656250
14.4280000000,-0.0049531250
14.4320000000,-0.0048593750
14.4360000000,-0.0052343750
14.4400000000,-0.0048437500
14.4440000000,-0.0050312500
14.4480000000,-0.0048593750
14.4520000000,-0.0050312500
14.4560000000,-0.0049531250
14.4600000000,-0.0048593750
14.4640000000,-0.0051250000
14.4680000000,-0.0049218750
14.4720000000,-0.0049531250
14.4760000000,-0.0048750000
14.4800000000,-0.0051718750
14.4840000000,-0.0049062500
14.4880000000,-0.0050937500
14.4920000000,-0.0050468750
14.4960000000,-0.0049843750
14.5000000000,-0.0052187500
14.5040000000,-0.0049843750
14.5080000000,-0.0050625000
14.5120000000,-0.0050000000
14.5160000000,-0.0049687500
14.5200000000,-0.0050312500
14.5240000000,-0.0050000000
14.5280000000,-0.0052031250
14.5320000000,-0.0049843750
14.5360000000,-0.0048125000
14.5400000000,-0.0050781250
14.5440000000,-0.0049218750
14.5480000000,-0.0051093750
14.5520000000,-0.0047343750
14.5560000000,-0.0049218750
14.5600000000,-0.0049375000
14.5640000000,-0.0051406250
14.5680000000,-0.0048437500
14.5720000000,-0.0051718750
14.5760000000,-0.0050781250
14.5800000000,-0.0049687500
14.5840000000,-0.0052500000
14.5880000000,-0.0048750000
14.5920000000,-0.0051406250
14.5960000000,-0.0050312500
14.6000000000,-0.0049843750
14.6040000000,-0.0048437500
14.6080000000,-0.0050156250
14.6120000000,-0.0048750000
14.6160000000,-0.0051406250
14.6200000000,-0.0049843750
14.6240000000,-0.0050937500
14.6280000000,-0.0049375000
14.6320000000,-0.0049843750
14.6360000000,-0.0049687500
14.6400000000,-0.0050156250
14.6440000000,-0.0049531250
14.6480000000,-0.0050625000
14.6520000000,-0.0050312500
14.6560000000,-0.0050937500
14.6600000000,-0.0050781250
14.6640000000,-0.0048906250
14.6680000000,-0.0051093750
14.6720000000,-0.0051406250
14.6760000000,-0.0050000000
14.6800000000,-0.0047968750
14.6840000000,-0.0050312500
14.6880000000,-0.0047656250
14.6920000000,-0.0051562500
14.6960000000,-0.0048437500
14.7000000000,-0.0050000000
14.7040000000,-0.0048906250
14.7080000000,-0.0050312500
14.7120000000,-0.0050000000
14.7160000000,-0.0048437500
14.7200000000,-0.0050468750
14.7240000000,-0.0050000000
14.7280000000,-0.0050625000
14.7320000000,-0.0046875000
14.7360000000,-0.0050937500
14.7400000000,-0.0050000000
14.7440000000,-0.0052812500
14.7480000000,-0.0050625000
14.7520000000,-0.0051406250
14.7560000000,-0.0050625000
14.7600000000,-0.0049687500
14.7640000000,-0.0049218750
14.7680000000,-0.0050625000
14.7720000000,-0.0048750000
14.7760000000,-0.0050312500
14.7800000000,-0.0050625000
14.7840000000,-0.0050468750
14.7880000000,-0.0049687500
14.7920000000,-0.0047968750
14.7960000000,-0.0050468750
14.8000000000,-0.0049062500
14.8040000000,-0.0049531250
14.8080000000,-0.0048125000
14.8120000000,-0.0049687500
14.8160000000,-0.0050625000
14.8200000000,-0.0051562500
14.8240000000,-0.0048750000
14.8280000000,-0.0050937500
14.8320000000,-0.0048906250
14.8360000000,-0.0049843750
14.8400000000,-0.0050625000
14.8440000000,-0.0048437500
14.8480000000,-0.0051250000
14.8520000000,-0.0051718750
14.8560000000,-0.0050937500
14.8600000000,-0.0047343750
14.8640000000,-0.0050937500
14.8680000000,-0.0048593750
14.8720000000,-0.0050781250
14.8760000000,-0.0048593750
14.8800000000,-0.0051406250
14.8840000000,-0.0051093750
14.8880000000,-0.0050156250
14.8920000000,-0.0049062500
14.8960000000,-0.0050468750
14.9000000000,-0.0050000000
14.9040000000,-0.0048593750
14.9080000000,-0.0050000000
14.9120000000,-0.0050937500
14.9160000000,-0.0050625000
14.9200000000,-0.0050781250
14.9240000000,-0.0050468750
14.9280000000,-0.0048125000
14.9320000000,-0.0049531250
14.9360000000,-0.0049062500
14.9400000000,-0.0050468750
14.9440000000,-0.0049375000
14.9480000000,-0.0050781250
14.9520000000,-0.0050000000
14.9560000000,-0.0049843750
14.9600000000,-0.0047187500
14.9640000000,-0.0049218750
14.9680000000,-0.0048281250
14.9720000000,-0.0049531250
14.9760000000,-0.0049375000
14.9800000000,-0.0051718750
14.9840000000,-0.0049375000
14.9880000000,-0.0047968750
14.9920000000,-0.0051718750
14.9960000000,-0.0049531250
15.0000000000,-0.0050156250
15.0040000000,-0.0049687500
15.0080000000,-0.0051250000
15.0120000000,-0.0049218750
15.0160000000,-0.0050156250
15.0200000000,-0.0049531250
15.0240000000,-0.0050000000
15.0280000000,-0.0049843750
15.0320000000,-0.0050156250
15.0360000000,-0.0049531250
15.0400000000,-0.0050625000
15.0440000000,-0.0050000000
15.0480000000,-0.0048281250
15.0520000000,-0.0051093750
15.0560000000,-0.0048750000
15.0600000000,-0.0050468750
15.0640000000,-0.0049687500
15.0680000000,-0.0050781250
15.0720000000,-0.0048593750
15.0760000000,-0.0051406250
15.0800000000,-0.0049687500
15.0840000000,-0.0051406250
15.0880000000,-0.0048125000
15.0920000000,-0.0050000000
15.0960000000,-0.0050468750
15.1000000000,-0.0050000000
15.1040000000,-0.0051250000
15.1080000000,-0.0051093750
15.1120000000,-0.0047500000
15.1160000000,-0.0048281250
15.1200000000,-0.0050156250
15.1240000000,-0.0049531250
15.1280000000,-0.0051250000
15.1320000000,-0.0048906250
15.1360000000,-0.0052500000
15.1400000000,-0.0052187500
15.1440000000,-0.0050625000
15.1480000000,-0.0048125000
15.1520000000,-0.0048906250
15.1560000000,-0.0049843750
15.1600000000,-0.0049843750
15.1640000000,-0.0049375000
15.1680000000,-0.0050625000
15.1720000000,-0.0050312500
15.1760000000,-0.0048437500
15.1800000000,-0.0049843750
15.1840000000,-0.0049687500
15.1880000000,-0.0051406250
15.1920000000,-0.0049531250
15.1960000000,-0.0050000000
15.2000000000,-0.0048437500
15.2040000000,-0.0050000000
15.2080000000,-0.0050312500
15.2120000000,-0.0050781250
15.2160000000,-0.0050468750
15.2200000000,-0.0050312500
15.2240000000,-0.0048437500
15.2280000000,-0.0049843750
15.2320000000,-0.0051093750
15.2360000000,-0.0051718750
15.2400000000,-0.0049062500
15.2440000000,-0.0046875000
15.2480000000,-0.0050312500
15.2520000000,-0.0050781250
15.2560000000,-0.0051406250
15.2600000000,-0.0048750000
15.2640000000,-0.0050312500
15.2680000000,-0.0050468750
15.2720000000,-0.0048750000
15.2760000000,-0.0050000000
15.2800000000,-0.0048906250
15.2840000000,-0.0052187500
15.2880000000,-0.0051718750
15.2920000000,-0.0051093750
15.2960000000,-0.0049531250
15.3000000000,-0.0051093750
15.3040000000,-0.0049062500
15.3080000000,-0.0052031250
15.3120000000,-0.0048125000
15.3160000000,-0.0051562500
15.3200000000,-0.0049687500
15.3240000000,-0.0051250000
15.3280000000,-0.0047968750
15.3320000000,-0.0050625000
15.3360000000,-0.0051093750
15.3400000000,-0.0050000000
15.3440000000,-0.0049062500
15.3480000000,-0.0050468750
15.3520000000,-0.0050156250
15.3560000000,-0.0048593750
15.3600000000,-0.0050625000
15.3640000000,-0.0052968750
15.3680000000,-0.0050000000
15.3720000000,-0.0047812500
15.3760000000,-0.0051250000
15.3800000000,-0.0048125000
15.3840000000,-0.0050000000
15.3880000000,-0.0049843750
15.3920000000,-0.0051250000
15.3960000000,-0.0050937500
15.4000000000,-0.0051093750
15.4040000000,-0.0048750000
15.4080000000,-0.0049531250
15.4120000000,-0.0051093750
15.4160000000,-0.0051250000
15.4200000000,-0.0049531250
15.4240000000,-0.0051875000
15.4280000000,-0.0049062500
15.4320000000,-0.0049062500
15.4360000000,-0.0050468750
15.4400000000,-0.0049218750
15.4440000000,-0.0050625000
15.4480000000,-0.0048593750
15.4520000000,-0.0050000000
15.4560000000,-0.0048750000
15.4600000000,-0.0049531250
15.4640000000,-0.0049843750
15.4680000000,-0.0049062500
15.4720000000,-0.0050156250
15.4760000000,-0.0048750000
15.4800000000,-0.0052031250
15.4840000000,-0.0049218750
15.4880000000,-0.0050625000
15.4920000000,-0.0051406250
15.4960000000,-0.0049062500
15.5000000000,-0.0047343750
15.5040000000,-0.0051406250
15.5080000000,-0.0048281250
15.5120000000,-0.0050781250
15.5160000000,-0.0047031250
15.5200000000,-0.0051406250
15.5240000000,-0.0049375000
15.5280000000,-0.0050625000
15.5320000000,-0.0049375000
15.5360000000,-0.0051093750
15.5400000000,-0.0051250000
15.5440000000,-0.0047968750
15.5480000000,-0.0050468750
15.5520000000,-0.0050156250
15.5560000000,-0.0050312500
15.5600000000,-0.0050312500
15.5640000000,-0.0051093750
15.5680000000,-0.0049687500
15.5720000000,-0.0050937500
15.5760000000,-0.0048593750
15.5800000000,-0.0051093750
15.5840000000,-0.0046875000
15.5880000000,-0.0052187500
15.5920000000,-0.0049531250
15.5960000000,-0.0050312500
15.6000000000,-0.0050000000
15.6040000000,-0.0049687500
15.6080000000,-0.0050937500
15.6120000000,-0.0050000000
15.6160000000,-0.0051093750
15.6200000000,-0.0052187500
15.6240000000,-0.0049531250
15.6280000000,-0.0048437500
15.6320000000,-0.0051250000
15.6360000000,-0.0048281250
15.6400000000,-0.0050000000
15.6440000000,-0.0048437500
15.6480000000,-0.0051875000
15.6520000000,-0.0049062500
15.6560000000,-0.0049531250
15.6600000000,-0.0049687500
15.6640000000,-0.0050625000
15.6680000000,-0.0052656250
15.6720000000,-0.0051562500
15.6760000000,-0.0049843750
15.6800000000,-0.0051406250
15.6840000000,-0.0050625000
15.6880000000,-0.0048750000
15.6920000000,-0.0050000000
15.6960000000,-0.0050156250
15.7000000000,-0.0051093750
15.7040000000,-0.0049218750
15.7080000000,-0.0050156250
15.7120000000,-0.0047656250
15.7160000000,-0.0053125000
15.7200000000,-0.0049531250
15.7240000000,-0.0050000000
15.7280000000,-0.0050312500
15.7320000000,-0.0049375000
15.7360000000,-0.0051093750
15.7400000000,-0.0049843750
15.7440000000,-0.0049062500
15.7480000000,-0.0051562500
15.7520000000,-0.0049843750
15.7560000000,-0.0047656250
15.7600000000,-0.0049531250
15.7640000000,-0.0048593750
15.7680000000,-0.0051250000
15.7720000000,-0.0050312500
15.7760000000,-0.0050781250
15.7800000000,-0.0049062500
15.7840000000,-0.0049843750
15.7880000000,-0.0048906250
15.7920000000,-0.0050156250
15.7960000000,-0.0049843750
15.8000000000,-0.0050156250
15.8040000000,-0.0049843750
15.8080000000,-0.0052500000
15.8120000000,-0.0050156250
15.8160000000,-0.0050000000
15.8200000000,-0.0050312500
15.8240000000,-0.0049843750
15.8280000000,-0.0052031250
15.8320000000,-0.0050312500
15.8360000000,-0.0050937500
15.8400000000,-0.0051406250
15.8440000000,-0.0051562500
15.8480000000,-0.0048906250
15.8520000000,-0.0049687500
15.8560000000,-0.0049687500
15.8600000000,-0.0049843750
15.8640000000,-0.0049531250
15.8680000000,-0.0049375000
15.8720000000,-0.0051093750
15.8760000000,-0.0051875000
15.8800000000,-0.0050156250
15.8840000000,-0.0048281250
15.8880000000,-0.0050468750
15.8920000000,-0.0048906250
15.8960000000,-0.0049531250
15.9000000000,-0.0047968750
15.9040000000,-0.0051562500
15.9080000000,-0.0049062500
15.9120000000,-0.0049531250
15.9160000000,-0.0050625000
15.9200000000,-0.0051562500
15.9240000000,-0.0051093750
15.9280000000,-0.0050156250
15.9320000000,-0.0050468750
15.9360000000,-0.0051093750
15.9400000000,-0.0048437500
15.9440000000,-0.0048750000
15.9480000000,-0.0050156250
15.9520000000,-0.0050312500
15.9560000000,-0.0051406250
15.9600000000,-0.0048281250
15.9640000000,-0.0050312500
15.9680000000,-0.0050156250
15.9720000000,-0.0050937500
15.9760000000,-0.0049687500
15.9800000000,-0.0049375000
15.9840000000,-0.0049531250
15.9880000000,-0.0048906250
15.9920000000,-0.0050000000
15.9960000000,-0.0049218750
16.0000000000,-0.0050781250
16.0040000000,-0.0052968750
16.0080000000,-0.0048437500
16.0120000000,-0.0051718750
16.0160000000,-0.0050625000
16.0200000000,-0.0048437500
16.0240000000,-0.0050937500
16.0280000000,-0.0047187500
16.0320000000,-0.0051562500
16.0360000000,-0.0049375000
16.0400000000,-0.0049531250
16.0440000000,-0.0047187500
16.0480000000,-0.0050000000
16.0520000000,-0.0051250000
16.0560000000,-0.0049843750
16.0600000000,-0.0050468750
16.0640000000,-0.0050625000
16.0680000000,-0.0050000000
16.0720000000,-0.0050312500
16.0760000000,-0.0050312500
16.0800000000,-0.0047656250
16.0840000000,-0.0052187500
16.0880000000,-0.0049843750
16.0920000000,-0.0050781250
16.0960000000,-0.0048125000
16.1000000000,-0.0051406250
16.1040000000,-0.0049218750
16.1080000000,-0.0050000000
16.1120000000,-0.0049687500
16.1160000000,-0.0048281250
16.1200000000,-0.0049375000
16.1240000000,-0.0049062500
16.1280000000,-0.0050312500
16.1320000000,-0.0052500000
16.1360000000,-0.0048750000
16.1400000000,-0.0046875000
16.1440000000,-0.0050468750
16.1480000000,-0.0048906250
16.1520000000,-0.0050781250
16.1560000000,-0.0047812500
16.1600000000,-0.0051250000
16.1640000000,-0.0049218750
16.1680000000,-0.0049531250
16.1720000000,-0.0049843750
16.1760000000,-0.0049531250
16.1800000000,-0.0050625000
16.1840000000,-0.0050312500
16.1880000000,-0.0049218750
16.1920000000,-0.0050625000
16.1960000000,-0.0049218750
16.2000000000,-0.0048593750
16.2040000000,-0.0050468750
16.2080000000,-0.0049062500
16.2120000000,-0.0052656250
16.2160000000,-0.0051406250
16.2200000000,-0.0050781250
16.2240000000,-0.0048750000
16.2280000000,-0.0051406250
16.2320000000,-0.0049062500
16.2360000000,-0.0049531250
16.2400000000,-0.0049687500
16.2440000000,-0.0048750000
16.2480000000,-0.0050468750
16.2520000000,-0.0050625000
16.2560000000,-0.0049062500
16.2600000000,-0.0049218750
16.2640000000,-0.0050781250
16.2680000000,-0.0047031250
16.2720000000,-0.0049375000
16.2760000000,-0.0050625000
16.2800000000,-0.0050312500
16.2840000000,-0.0047968750
16.2880000000,-0.0051718750
16.2920000000,-0.0051562500
16.2960000000,-0.0050312500
16.3000000000,-0.0048437500
16.3040000000,-0.0050625000
16.3080000000,-0.0052812500
16.3120000000,-0.0049375000
16.3160000000,-0.0050625000
16.3200000000,-0.0052500000
16.3240000000,-0.0049375000
16.3280000000,-0.0050156250
16.3320000000,-0.0050000000
16.3360000000,-0.0052812500
16.3400000000,-0.0050156250
16.3440000000,-0.0048906250
16.3480000000,-0.0050625000
16.3520000000,-0.0049062500
16.3560000000,-0.0050468750
16.3600000000,-0.0048750000
16.3640000000,-0.0050000000
16.3680000000,-0.0051718750
16.3720000000,-0.0049218750
16.3760000000,-0.0051718750
16.3800000000,-0.0048437500
16.3840000000,-0.0050312500
16.3880000000,-0.0052812500
16.3920000000,-0.0050312500
16.3960000000,-0.0047031250
16.4000000000,-0.0051718750
16.4040000000,-0.0048750000
16.4080000000,-0.0052031250
16.4120000000,-0.0050156250
16.4160000000,-0.0051875000
16.4200000000,-0.0050156250
16.4240000000,-0.0050156250
16.4280000000,-0.0048750000
16.4320000000,-0.0051093750
16.4360000000,-0.0051093750
16.4400000000,-0.0050625000
16.4440000000,-0.0049843750
16.4480000000,-0.0051093750
16.4520000000,-0.0049531250
16.4560000000,-0.0048593750
16.4600000000,-0.0049843750
16.4640000000,-0.0051250000
16.4680000000,-0.0050937500
16.4720000000,-0.0049062500
16.4760000000,-0.0051875000
16.4800000000,-0.0049843750
16.4840000000,-0.0052187500
16.4880000000,-0.0049687500
16.4920000000,-0.0049531250
16.4960000000,-0.0050156250
16.5000000000,-0.0048281250
16.5040000000,-0.0052031250
16.5080000000,-0.0050156250
16.5120000000,-0.0048750000
16.5160000000,-0.0052031250
16.5200000000,-0.0050312500
16.5240000000,-0.0047656250
16.5280000000,-0.0051406250
16.5320000000,-0.0048750000
16.5360000000,-0.0050312500
16.5400000000,-0.0048281250
16.5440000000,-0.0051250000
16.5480000000,-0.0049218750
16.5520000000,-0.0050156250
16.5560000000,-0.0049843750
16.5600000000,-0.0050937500
16.5640000000,-0.0051250000
16.5680000000,-0.0050312500
16.5720000000,-0.0050937500
16.5760000000,-0.0051562500
16.5800000000,-0.0049687500
16.5840000000,-0.0048593750
16.5880000000,-0.0050468750
16.5920000000,-0.0050625000
16.5960000000,-0.0049843750
16.6000000000,-0.0049843750
16.6040000000,-0.0049843750
16.6080000000,-0.0049531250
16.6120000000,-0.0050937500
16.6160000000,-0.0050000000
16.6200000000,-0.0048281250
16.6240000000,-0.0050468750
16.6280000000,-0.0047968750
16.6320000000,-0.0050468750
16.6360000000,-0.0050000000
16.6400000000,-0.0049531250
16.6440000000,-0.0050625000
16.6480000000,-0.0050000000
16.6520000000,-0.0048437500
16.6560000000,-0.0050625000
16.6600000000,-0.0049687500
16.6640000000,-0.0051718750
16.6680000000,-0.0049375000
16.6720000000,-0.0051406250
16.6760000000,-0.0048281250
16.6800000000,-0.0049687500
16.6840000000,-0.0049531250
16.6880000000,-0.0052343750
16.6920000000,-0.0050156250
16.6960000000,-0.0050000000
16.7000000000,-0.0049531250
16.7040000000,-0.0050625000
16.7080000000,-0.0050312500
16.7120000000,-0.0049062500
16.7160000000,-0.0050312500
16.7200000000,-0.0051406250
16.7240000000,-0.0050312500
16.7280000000,-0.0049062500
16.7320000000,-0.0051250000
16.7360000000,-0.0048750000
16.7400000000,-0.0051875000
16.7440000000,-0.0048750000
16.7480000000,-0.0052343750
16.7520000000,-0.0050156250
16.7560000000,-0.0050156250
16.7600000000,-0.0050156250
16.7640000000,-0.0048750000
16.7680000000,-0.0048593750
16.7720000000,-0.0052343750
16.7760000000,-0.0049062500
16.7800000000,-0.0050625000
16.7840000000,-0.0049843750
16.7880000000,-0.0049843750
16.7920000000,-0.0051093750
16.7960000000,-0.0048437500
16.8000000000,-0.0052031250
16.8040000000,-0.0049531250
16.8080000000,-0.0049218750
16.8120000000,-0.0050625000
16.8160000000,-0.0048593750
16.8200000000,-0.0050468750
16.8240000000,-0.0051562500
16.8280000000,-0.0050625000
16.8320000000,-0.0051406250
16.8360000000,-0.0050000000
16.8400000000,-0.0050468750
16.8440000000,-0.0050000000
16.8480000000,-0.0049218750
16.8520000000,-0.0052187500
16.8560000000,-0.0047968750
16.8600000000,-0.0051093750
16.8640000000,-0.0049531250
16.8680000000,-0.0051406250
16.8720000000,-0.0050781250
16.8760000000,-0.0047968750
16.8800000000,-0.0050468750
16.8840000000,-0.0049687500
16.8880000000,-0.0050312500
16.8920000000,-0.0049843750
16.8960000000,-0.0048281250
16.9000000000,-0.0051093750
16.9040000000,-0.0047656250
16.9080000000,-0.0048281250
16.9120000000,-0.0051718750
16.9160000000,-0.0050312500
16.9200000000,-0.0052500000
16.9240000000,-0.0049687500
16.9280000000,-0.0051406250
16.9320000000,-0.0050000000
16.9360000000,-0.0049375000
16.9400000000,-0.0049062500
16.9440000000,-0.0049218750
16.9480000000,-0.0050937500
16.9520000000,-0.0047500000
16.9560000000,-0.0050312500
16.9600000000,-0.0051406250
16.9640000000,-0.0048750000
16.9680000000,-0.0048437500
16.9720000000,-0.0050000000
16.9760000000,-0.0049843750
16.9800000000,-0.0050937500
16.9840000000,-0.0048750000
16.9880000000,-0.0051250000
16.9920000000,-0.0049531250
16.9960000000,-0.0051875000
17.0000000000,-0.0048437500
17.0040000000,-0.0050625000
17.0080000000,-0.0050468750
17.0120000000,-0.0047656250
17.0160000000,-0.0052031250
17.0200000000,-0.0050625000
17.0240000000,-0.0047968750
17.0280000000,-0.0051718750
17.0320000000,-0.0050000000
17.0360000000,-0.0047812500
17.0400000000,-0.0051250000
17.0440000000,-0.0048281250
17.0480000000,-0.0051093750
17.0520000000,-0.0047968750
17.0560000000,-0.0051875000
17.0600000000,-0.0050312500
17.0640000000,-0.0050937500
17.0680000000,-0.0049062500
17.0720000000,-0.0049687500
17.0760000000,-0.0049843750
17.0800000000,-0.0050156250
17.0840000000,-0.0050156250
17.0880000000,-0.0051406250
17.0920000000,-0.0049062500
17.0960000000,-0.0047187500
17.1000000000,-0.0050937500
17.1040000000,-0.0050625000
17.1080000000,-0.0050937500
17.1120000000,-0.0047500000
17.1160000000,-0.0050781250
17.1200000000,-0.0049843750
17.1240000000,-0.0051406250
17.1280000000,-0.0050000000
17.1320000000,-0.0049843750
17.1360000000,-0.0050156250
17.1400000000,-0.0048281250
17.1440000000,-0.0049375000
17.1480000000,-0.0050781250
17.1520000000,-0.0048281250
17.1560000000,-0.0052500000
17.1600000000,-0.0049375000
17.1640000000,-0.0049687500
17.1680000000,-0.0051093750
17.1720000000,-0.0049375000
17.1760000000,-0.0050000000
17.1800000000,-0.0048906250
17.1840000000,-0.0052031250
17.1880000000,-0.0048437500
17.1920000000,-0.0049531250
17.1960000000,-0.0049687500
17.2000000000,-0.0049843750
17.2040000000,-0.0051406250
17.2080000000,-0.0048906250
17.2120000000,-0.0049843750
17.2160000000,-0.0049687500
17.2200000000,-0.0049687500
17.2240000000,-0.0049218750
17.2280000000,-0.0050312500
17.2320000000,-0.0051718750
17.2360000000,-0.0051093750
17.2400000000,-0.0049218750
17.2440000000,-0.0051250000
17.2480000000,-0.0048906250
17.2520000000,-0.0050625000
17.2560000000,-0.0049687500
17.2600000000,-0.0048906250
17.2640000000,-0.0049687500
17.2680000000,-0.0048593750
17.2720000000,-0.0050156250
17.2760000000,-0.0049062500
17.2800000000,-0.0049687500
17.2840000000,-0.0050937500
17.2880000000,-0.0048750000
17.2920000000,-0.0046875000
17.2960000000,-0.0049687500
17.3000000000,-0.0049687500
17.3040000000,-0.0052031250
17.3080000000,-0.0050625000
17.3120000000,-0.0051718750
17.3160000000,-0.0052343750
17.3200000000,-0.0050000000
17.3240000000,-0.0050468750
17.3280000000,-0.0048906250
17.3320000000,-0.0052187500
17.3360000000,-0.0050468750
17.3400000000,-0.0051093750
17.3440000000,-0.0051250000
17.3480000000,-0.0049687500
17.3520000000,-0.0048906250
17.3560000000,-0.0051875000
17.3600000000,-0.0050937500
17.3640000000,-0.0051093750
17.3680000000,-0.0050312500
17.3720000000,-0.0050937500
17.3760000000,-0.0047031250
17.3800000000,-0.0051250000
17.3840000000,-0.0049375000
17.3880000000,-0.0048593750
17.3920000000,-0.0050625000
17.3960000000,-0.0050000000
17.4000000000,-0.0050468750
17.4040000000,-0.0050468750
17.4080000000,-0.0047812500
17.4120000000,-0.0051562500
17.4160000000,-0.0050468750
17.4200000000,-0.0050000000
17.4240000000,-0.0051718750
17.4280000000,-0.0050625000
17.4320000000,-0.0050156250
17.4360000000,-0.0049531250
17.4400000000,-0.0050781250
17.4440000000,-0.0050468750
17.4480000000,-0.0049375000
17.4520000000,-0.0049843750
17.4560000000,-0.0051093750
17.4600000000,-0.0050312500
17.4640000000,-0.0051093750
17.4680000000,-0.0048593750
17.4720000000,-0.0051562500
17.4760000000,-0.0050625000
17.4800000000,-0.0049218750
17.4840000000,-0.0050000000
17.4880000000,-0.0048281250
17.4920000000,-0.0051250000
17.4960000000,-0.0048906250
17.5000000000,-0.0051093750
17.5040000000,-0.0051406250
17.5080000000,-0.0052968750
17.5120000000,-0.0048906250
17.5160000000,-0.0049062500
17.5200000000,-0.0052187500
17.5240000000,-0.0050625000
17.5280000000,-0.0050781250
17.5320000000,-0.0050468750
17.5360000000,-0.0049375000
17.5400000000,-0.0050468750
17.5440000000,-0.0050468750
17.5480000000,-0.0048281250
17.5520000000,-0.0050312500
17.5560000000,-0.0049843750
17.5600000000,-0.0050000000
17.5640000000,-0.0050937500
17.5680000000,-0.0050625000
17.5720000000,-0.0052031250
17.5760000000,-0.0048593750
17.5800000000,-0.0050156250
17.5840000000,-0.0051562500
17.5880000000,-0.0050156250
17.5920000000,-0.0049375000
17.5960000000,-0.0049531250
17.6000000000,-0.0050000000
17.6040000000,-0.0048437500
17.6080000000,-0.0048281250
17.6120000000,-0.0050468750
17.6160000000,-0.0049843750
17.6200000000,-0.0051093750
17.6240000000,-0.0048593750
17.6280000000,-0.0052500000
17.6320000000,-0.0049375000
17.6360000000,-0.0051406250
17.6400000000,-0.0049843750
17.6440000000,-0.0049218750
17.6480000000,-0.0050000000
17.6520000000,-0.0049531250
17.6560000000,-0.0051562500
17.6600000000,-0.0048906250
17.6640000000,-0.0049843750
17.6680000000,-0.0052031250
17.6720000000,-0.0051093750
17.6760000000,-0.0047343750
17.6800000000,-0.0051093750
17.6840000000,-0.0048593750
17.6880000000,-0.0051406250
17.6920000000,-0.0048750000
17.6960000000,-0.0051250000
17.7000000000,-0.0051875000
17.7040000000,-0.0049062500
17.7080000000,-0.0049062500
17.7120000000,-0.0049843750
17.7160000000,-0.0050781250
17.7200000000,-0.0051406250
17.7240000000,-0.0050156250
17.7280000000,-0.0050312500
17.7320000000,-0.0048750000
17.7360000000,-0.0047187500
17.7400000000,-0.0050156250
17.7440000000,-0.0052031250
17.7480000000,-0.0050000000
17.7520000000,-0.0048437500
17.7560000000,-0.0052031250
17.7600000000,-0.0049375000
17.7640000000,-0.0050781250
17.7680000000,-0.0049062500
17.7720000000,-0.0049687500
17.7760000000,-0.0050781250
17.7800000000,-0.0050781250
17.7840000000,-0.0049531250
17.7880000000,-0.0050937500
17.7920000000,-0.0049375000
17.7960000000,-0.0050468750
17.8000000000,-0.0049687500
17.8040000000,-0.0047656250
17.8080000000,-0.0051093750
17.8120000000,-0.0048437500
17.8160000000,-0.0051250000
17.8200000000,-0.0048281250
17.8240000000,-0.0052656250
17.8280000000,-0.0049218750
17.8320000000,-0.0049062500
17.8360000000,-0.0050781250
17.8400000000,-0.0048906250
17.8440000000,-0.0049218750
17.8480000000,-0.0050312500
17.8520000000,-0.0050468750
17.8560000000,-0.0052031250
17.8600000000,-0.0047812500
17.8640000000,-0.0047343750
17.8680000000,-0.0050781250
17.8720000000,-0.0051406250
17.8760000000,-0.0052031250
17.8800000000,-0.0049687500
17.8840000000,-0.0052031250
17.8880000000,-0.0049062500
17.8920000000,-0.0051875000
17.8960000000,-0.0050468750
17.9000000000,-0.0050312500
17.9040000000,-0.0050156250
17.9080000000,-0.0049375000
17.9120000000,-0.0050937500
17.9160000000,-0.0050625000
17.9200000000,-0.0050000000
17.9240000000,-0.0052656250
17.9280000000,-0.0050000000
17.9320000000,-0.0046875000
17.9360000000,-0.0051093750
17.9400000000,-0.0050156250
17.9440000000,-0.0050156250
17.9480000000,-0.0048750000
17.9520000000,-0.0050781250
17.9560000000,-0.0049687500
17.9600000000,-0.0048906250
17.9640000000,-0.0050000000
17.9680000000,-0.0049375000
17.9720000000,-0.0049062500
17.9760000000,-0.0049843750
17.9800000000,-0.0048437500
17.9840000000,-0.0050312500
17.9880000000,-0.0050781250
17.9920000000,-0.0049531250
17.9960000000,-0.0049375000
18.0000000000,-0.0051406250
18.0040000000,-0.0050468750
18.0080000000,-0.0049218750
18.0120000000,-0.0051250000
18.0160000000,-0.0050625000
18.0200000000,-0.0052187500
18.0240000000,-0.0049843750
18.0280000000,-0.0050000000
18.0320000000,-0.0048906250
18.0360000000,-0.0050000000
18.0400000000,-0.0050156250
18.0440000000,-0.0050312500
18.0480000000,-0.0050625000
18.0520000000,-0.0052500000
18.0560000000,-0.0049531250
18.0600000000,-0.0048437500
18.0640000000,-0.0052500000
18.0680000000,-0.0050312500
18.0720000000,-0.0050781250
18.0760000000,-0.0049062500
18.0800000000,-0.0051875000
18.0840000000,-0.0051250000
18.0880000000,-0.0049218750
18.0920000000,-0.0051093750
18.0960000000,-0.0051406250
18.1000000000,-0.0049687500
18.1040000000,-0.0052812500
18.1080000000,-0.0050156250
18.1120000000,-0.0050468750
18.1160000000,-0.0048906250
18.1200000000,-0.0048125000
18.1240000000,-0.0047968750
18.1280000000,-0.0051093750
18.1320000000,-0.0052812500
18.1360000000,-0.0047031250
18.1400000000,-0.0049687500
18.1440000000,-0.0048437500
18.1480000000,-0.0051718750
18.1520000000,-0.0051093750
18.1560000000,-0.0050781250
18.1600000000,-0.0050000000
18.1640000000,-0.0050468750
18.1680000000,-0.0050937500
18.1720000000,-0.0048750000
18.1760000000,-0.0049843750
18.1800000000,-0.0052343750
18.1840000000,-0.0050468750
18.1880000000,-0.0048437500
18.1920000000,-0.0050625000
18.1960000000,-0.0048906250
18.2000000000,-0.0051406250
18.2040000000,-0.0049218750
18.2080000000,-0.0050937500
18.2120000000,-0.0049687500
18.2160000000,-0.0047656250
18.2200000000,-0.0051718750
18.2240000000,-0.0049375000
18.2280000000,-0.0049687500
18.2320000000,-0.0049843750
18.2360000000,-0.0052031250
18.2400000000,-0.0050937500
18.2440000000,-0.0049531250
18.2480000000,-0.0048906250
18.2520000000,-0.0050156250
18.2560000000,-0.0048593750
18.2600000000,-0.0052500000
18.2640000000,-0.0051093750
18.2680000000,-0.0052343750
18.2720000000,-0.0048437500
18.2760000000,-0.0051875000
18.2800000000,-0.0050625000
18.2840000000,-0.0049062500
18.2880000000,-0.0051093750
18.2920000000,-0.0049218750
18.2960000000,-0.0051406250
18.3000000000,-0.0050000000
18.3040000000,-0.0049843750
18.3080000000,-0.0050781250
18.3120000000,-0.0050312500
18.3160000000,-0.0049531250
18.3200000000,-0.0052500000
18.3240000000,-0.0050468750
18.3280000000,-0.0052500000
18.3320000000,-0.0047812500
18.3360000000,-0.0052343750
18.3400000000,-0.0049375000
18.3440000000,-0.0050937500
18.3480000000,-0.0050468750
18.3520000000,-0.0049531250
18.3560000000,-0.0048906250
18.3600000000,-0.0050625000
18.3640000000,-0.0051406250
18.3680000000,-0.0051406250
18.3720000000,-0.0049843750
18.3760000000,-0.0047968750
18.3800000000,-0.0050468750
18.3840000000,-0.0049062500
18.3880000000,-0.0050156250
18.3920000000,-0.0049218750
18.3960000000,-0.0051562500
18.4000000000,-0.0049687500
18.4040000000,-0.0051093750
18.4080000000,-0.0049218750
18.4120000000,-0.0051875000
18.4160000000,-0.0051250000
18.4200000000,-0.0048906250
18.4240000000,-0.0051250000
18.4280000000,-0.0050468750
18.4320000000,-0.0050312500
18.4360000000,-0.0052968750
18.4400000000,-0.0049062500
18.4440000000,-0.0047656250
18.4480000000,-0.0051406250
18.4520000000,-0.0050312500
18.4560000000,-0.0050468750
18.4600000000,-0.0049062500
18.4640000000,-0.0050468750
18.4680000000,-0.0049687500
18.4720000000,-0.0049375000
18.4760000000,-0.0051562500
18.4800000000,-0.0050156250
18.4840000000,-0.0050312500
18.4880000000,-0.0050000000
18.4920000000,-0.0050312500
18.4960000000,-0.0050625000
18.5000000000,-0.0049531250
18.5040000000,-0.0047500000
18.5080000000,-0.0050000000
18.5120000000,-0.0050625000
18.5160000000,-0.0052343750
18.5200000000,-0.0049687500
18.5240000000,-0.0052500000
18.5280000000,-0.0049843750
18.5320000000,-0.0051250000
18.5360000000,-0.0049062500
18.5400000000,-0.0049531250
18.5440000000,-0.0050937500
18.5480000000,-0.0050156250
18.5520000000,-0.0051093750
18.5560000000,-0.0049843750
18.5600000000,-0.0051093750
18.5640000000,-0.0053593750
18.5680000000,-0.0049218750
18.5720000000,-0.0049843750
18.5760000000,-0.0050312500
18.5800000000,-0.0050312500
18.5840000000,-0.0049531250
18.5880000000,-0.0049375000
18.5920000000,-0.0052031250
18.5960000000,-0.0049687500
18.6000000000,-0.0049062500
18.6040000000,-0.0049843750
18.6080000000,-0.0048906250
18.6120000000,-0.0048437500
18.6160000000,-0.0050937500
18.6200000000,-0.0051250000
18.6240000000,-0.0051562500
18.6280000000,-0.0048437500
18.6320000000,-0.0047968750
18.6360000000,-0.0050625000
18.6400000000,-0.0049531250
18.6440000000,-0.0050625000
18.6480000000,-0.0049218750
18.6520000000,-0.0051093750
18.6560000000,-0.0050937500
18.6600000000,-0.0052343750
18.6640000000,-0.0051093750
18.6680000000,-0.0048750000
18.6720000000,-0.0051562500
18.6760000000,-0.0048906250
18.6800000000,-0.0050625000
18.6840000000,-0.0049531250
18.6880000000,-0.0050000000
18.6920000000,-0.0054062500
18.6960000000,-0.0048906250
18.7000000000,-0.0048593750
18.7040000000,-0.0051562500
18.7080000000,-0.0049687500
18.7120000000,-0.0050156250
18.7160000000,-0.0049843750
18.7200000000,-0.0051250000
18.7240000000,-0.0050468750
18.7280000000,-0.0050312500
18.7320000000,-0.0050468750
18.7360000000,-0.0050156250
18.7400000000,-0.0048750000
18.7440000000,-0.0051093750
18.7480000000,-0.0049687500
18.7520000000,-0.0051718750
18.7560000000,-0.0049687500
18.7600000000,-0.0048437500
18.7640000000,-0.0050468750
18.7680000000,-0.0048437500
18.7720000000,-0.0050625000
18.7760000000,-0.0048125000
18.7800000000,-0.0051250000
18.7840000000,-0.0049531250
18.7880000000,-0.0052343750
18.7920000000,-0.0049687500
18.7960000000,-0.0049218750
18.8000000000,-0.0051406250
18.8040000000,-0.0049062500
18.8080000000,-0.0051093750
18.8120000000,-0.0048906250
18.8160000000,-0.0049687500
18.8200000000,-0.0051406250
18.8240000000,-0.0050312500
18.8280000000,-0.0048125000
18.8320000000,-0.0050468750
18.8360000000,-0.0047812500
18.8400000000,-0.0050468750
18.8440000000,-0.0047812500
18.8480000000,-0.0050937500
18.8520000000,-0.0050468750
18.8560000000,-0.0049218750
18.8600000000,-0.0051406250
18.8640000000,-0.0050937500
18.8680000000,-0.0048281250
18.8720000000,-0.0048125000
18.8760000000,-0.0051250000
18.8800000000,-0.0050625000
18.8840000000,-0.0049218750
18.8880000000,-0.0047187500
18.8920000000,-0.0050156250
18.8960000000,-0.0051718750
18.9000000000,-0.0050468750
18.9040000000,-0.0047031250
18.9080000000,-0.0052500000
18.9120000000,-0.0049531250
18.9160000000,-0.0050781250
18.9200000000,-0.0049531250
18.9240000000,-0.0051562500
18.9280000000,-0.0051562500
18.9320000000,-0.0049843750
18.9360000000,-0.0050468750
18.9400000000,-0.0049531250
18.9440000000,-0.0050937500
18.9480000000,-0.0051875000
18.9520000000,-0.0049843750
18.9560000000,-0.0050000000
18.9600000000,-0.0052031250
18.9640000000,-0.0048437500
18.9680000000,-0.0050468750
18.9720000000,-0.0047968750
18.9760000000,-0.0051562500
18.9800000000,-0.0051718750
18.9840000000,-0.0049218750
18.9880000000,-0.0050156250
18.9920000000,-0.0051875000
18.9960000000,-0.0049531250
19.0000000000,-0.0049531250
19.0040000000,-0.0052343750
19.0080000000,-0.0052812500
19.0120000000,-0.0048437500
19.0160000000,-0.0049062500
19.0200000000,-0.0048906250
19.0240000000,-0.0049531250
19.0280000000,-0.0052343750
19.0320000000,-0.0048906250
19.0360000000,-0.0051406250
19.0400000000,-0.0048281250
19.0440000000,-0.0051093750
19.0480000000,-0.0050937500
19.0520000000,-0.0049375000
19.0560000000,-0.0050312500
19.0600000000,-0.0048750000
19.0640000000,-0.0050156250
19.0680000000,-0.0049375000
19.0720000000,-0.0050625000
19.0760000000,-0.0052500000
19.0800000000,-0.0050000000
19.0840000000,-0.0049218750
19.0880000000,-0.0052812500
19.0920000000,-0.0049375000
19.0960000000,-0.0050781250
19.1000000000,-0.0049687500
19.1040000000,-0.0052500000
19.1080000000,-0.0050156250
19.1120000000,-0.0050937500
19.1160000000,-0.0050156250
19.1200000000,-0.0052031250
19.1240000000,-0.0048750000
19.1280000000,-0.0049375000
19.1320000000,-0.0049062500
19.1360000000,-0.0052343750
19.1400000000,-0.0047812500
19.1440000000,-0.0047500000
19.1480000000,-0.0050000000
19.1520000000,-0.0049531250
19.1560000000,-0.0049687500
19.1600000000,-0.0047656250
19.1640000000,-0.0050937500
19.1680000000,-0.0049375000
19.1720000000,-0.0051562500
19.1760000000,-0.0049375000
19.1800000000,-0.0049062500
19.1840000000,-0.0051250000
19.1880000000,-0.0049375000
19.1920000000,-0.0050156250
19.1960000000,-0.0049218750
19.2000000000,-0.0049531250
19.2040000000,-0.0050156250
19.2080000000,-0.0049531250
19.2120000000,-0.0048593750
19.2160000000,-0.0052500000
19.2200000000,-0.0050312500
19.2240000000,-0.0049218750
19.2280000000,-0.0047968750
19.2320000000,-0.0052812500
19.2360000000,-0.0050625000
19.2400000000,-0.0049375000
19.2440000000,-0.0049218750
19.2480000000,-0.0051718750
19.2520000000,-0.0049843750
19.2560000000,-0.0050781250
19.2600000000,-0.0049218750
19.2640000000,-0.0052343750
19.2680000000,-0.0050312500
19.2720000000,-0.0049375000
19.2760000000,-0.0050625000
19.2800000000,-0.0050625000
19.2840000000,-0.0052187500
19.2880000000,-0.0048125000
19.2920000000,-0.0051093750
19.2960000000,-0.0052031250
19.3000000000,-0.0052031250
19.3040000000,-0.0048750000
19.3080000000,-0.0049843750
19.3120000000,-0.0050781250
19.3160000000,-0.0050312500
19.3200000000,-0.0050156250
19.3240000000,-0.0048906250
19.3280000000,-0.0050468750
19.3320000000,-0.0052500000
19.3360000000,-0.0049218750
19.3400000000,-0.0049375000
19.3440000000,-0.0050937500
19.3480000000,-0.0047812500
19.3520000000,-0.0050468750
19.3560000000,-0.0049062500
19.3600000000,-0.0052187500
19.3640000000,-0.0051250000
19.3680000000,-0.0050156250
19.3720000000,-0.0050468750
19.3760000000,-0.0050468750
19.3800000000,-0.0048437500
19.3840000000,-0.0047656250
19.3880000000,-0.0050937500
19.3920000000,-0.0052500000
19.3960000000,-0.0047812500
19.4000000000,-0.0048906250
19.4040000000,-0.0049375000
19.4080000000,-0.0048906250
19.4120000000,-0.0051875000
19.4160000000,-0.0048593750
19.4200000000,-0.0051562500
19.4240000000,-0.0050156250
19.4280000000,-0.0049843750
19.4320000000,-0.0048906250
19.4360000000,-0.0048437500
19.4400000000,-0.0051093750
19.4440000000,-0.0047968750
19.4480000000,-0.0050625000
19.4520000000,-0.0050312500
19.4560000000,-0.0049375000
19.4600000000,-0.0051093750
19.4640000000,-0.0049062500
19.4680000000,-0.0047656250
19.4720000000,-0.0051093750
19.4760000000,-0.0050000000
19.4800000000,-0.0051250000
19.4840000000,-0.0050000000
19.4880000000,-0.0051093750
19.4920000000,-0.0050156250
19.4960000000,-0.0050468750
19.5000000000,-0.0051718750
19.5040000000,-0.0049687500
19.5080000000,-0.0050625000
19.5120000000,-0.0050156250
19.5160000000,-0.0051093750
19.5200000000,-0.0052031250
19.5240000000,-0.0049531250
19.5280000000,-0.0049843750
19.5320000000,-0.0050000000
19.5360000000,-0.0050781250
19.5400000000,-0.0050781250
19.5440000000,-0.0047031250
19.5480000000,-0.0050156250
19.5520000000,-0.0047812500
19.5560000000,-0.0050625000
19.5600000000,-0.0048281250
19.5640000000,-0.0050781250
19.5680000000,-0.0050468750
19.5720000000,-0.0048125000
19.5760000000,-0.0049687500
19.5800000000,-0.0049062500
19.5840000000,-0.0051406250
19.5880000000,-0.0051406250
19.5920000000,-0.0049687500
19.5960000000,-0.0048281250
19.6000000000,-0.0051093750
19.6040000000,-0.0050156250
19.6080000000,-0.0051093750
19.6120000000,-0.0049687500
19.6160000000,-0.0050468750
19.6200000000,-0.0050312500
19.6240000000,-0.0049531250
19.6280000000,-0.0051093750
19.6320000000,-0.0050937500
19.6360000000,-0.0049218750
19.6400000000,-0.0049375000
19.6440000000,-0.0050156250
19.6480000000,-0.0052031250
19.6520000000,-0.0049687500
19.6560000000,-0.0049531250
19.6600000000,-0.0049531250
19.6640000000,-0.0050781250
19.6680000000,-0.0050625000
19.6720000000,-0.0049843750
19.6760000000,-0.0050781250
19.6800000000,-0.0048125000
19.6840000000,-0.0052968750
19.6880000000,-0.0049843750
19.6920000000,-0.0050468750
19.6960000000,-0.0050781250
19.7000000000,-0.0048593750
19.7040000000,-0.0052187500
19.7080000000,-0.0049687500
19.7120000000,-0.0050781250
19.7160000000,-0.0052812500
19.7200000000,-0.0049375000
19.7240000000,-0.0050156250
19.7280000000,-0.0053593750
19.7320000000,-0.0047968750
19.7360000000,-0.0050312500
19.7400000000,-0.0050156250
19.7440000000,-0.0050156250
19.7480000000,-0.0049843750
19.7520000000,-0.0050937500
19.7560000000,-0.0049843750
19.7600000000,-0.0052031250
19.7640000000,-0.0050000000
19.7680000000,-0.0050156250
19.7720000000,-0.0051250000
19.7760000000,-0.0053281250
19.7800000000,-0.0051406250
19.7840000000,-0.0047343750
19.7880000000,-0.0049843750
19.7920000000,-0.0049843750
19.7960000000,-0.0050625000
19.8000000000,-0.0049843750
19.8040000000,-0.0050468750
19.8080000000,-0.0050625000
19.8120000000,-0.0050625000
19.8160000000,-0.0050781250
19.8200000000,-0.0049687500
19.8240000000,-0.0050781250
19.8280000000,-0.0049687500
19.8320000000,-0.0050468750
19.8360000000,-0.0050312500
19.8400000000,-0.0051875000
19.8440000000,-0.0051406250
19.8480000000,-0.0049062500
19.8520000000,-0.0050937500
19.8560000000,-0.0052187500
19.8600000000,-0.0050937500
19.8640000000,-0.0050312500
19.8680000000,-0.0049218750
19.8720000000,-0.0050937500
19.8760000000,-0.0049843750
19.8800000000,-0.0051875000
19.8840000000,-0.0052031250
19.8880000000,-0.0050781250
19.8920000000,-0.0049375000
19.8960000000,-0.0049375000
19.9000000000,-0.0049843750
19.9040000000,-0.0053125000
19.9080000000,-0.0048437500
19.9120000000,-0.0048125000
19.9160000000,-0.0050312500
19.9200000000,-0.0052500000
19.9240000000,-0.0049843750
19.9280000000,-0.0048593750
19.9320000000,-0.0051718750
19.9360000000,-0.0048281250
19.9400000000,-0.0050156250
19.9440000000,-0.0050468750
19.9480000000,-0.0049218750
19.9520000000,-0.0050781250
19.9560000000,-0.0050312500
19.9600000000,-0.0050781250
19.9640000000,-0.0051875000
19.9680000000,-0.0050156250
19.9720000000,-0.0052656250
19.9760000000,-0.0048750000
19.9800000000,-0.0049375000
19.9840000000,-0.0051406250
19.9880000000,-0.0049218750
19.9920000000,-0.0049062500
19.9960000000,-0.0048437500
