Time(s),Voltage(V)
-200.0000000000,-0.0044218750
-199.9600000000,-0.0062656250
-199.9200000000,-0.0081875000
-199.8800000000,-0.0078125000
-199.8400000000,-0.0063750000
-199.8000000000,-0.0038125000
-199.7600000000,-0.0030000000
-199.7200000000,-0.0051406250
-199.6800000000,-0.0070312500
-199.6400000000,-0.0066718750
-199.6000000000,-0.0050468750
-199.5600000000,-0.0040781250
-199.5200000000,-0.0055937500
-199.4800000000,-0.0080000000
-199.4400000000,-0.0065468750
-199.4000000000,-0.0043750000
-199.3600000000,-0.0033125000
-199.3200000000,-0.0040000000
-199.2800000000,-0.0064062500
-199.2400000000,-0.0067343750
-199.2000000000,-0.0047656250
-199.1600000000,-0.0036406250
-199.1200000000,-0.0050625000
-199.0800000000,-0.0064218750
-199.0400000000,-0.0064531250
-199.0000000000,-0.0040468750
-198.9600000000,-0.0029687500
-198.9200000000,-0.0051875000
-198.8800000000,-0.0062812500
-198.8400000000,-0.0065312500
-198.8000000000,-0.0053281250
-198.7600000000,-0.0042812500
-198.7200000000,-0.0056093750
-198.6800000000,-0.0064375000
-198.6400000000,-0.0065312500
-198.6000000000,-0.0054843750
-198.5600000000,-0.0043906250
-198.5200000000,-0.0045937500
-198.4800000000,-0.0054375000
-198.4400000000,-0.0060000000
-198.4000000000,-0.0063750000
-198.3600000000,-0.0056875000
-198.3200000000,-0.0057343750
-198.2800000000,-0.0067187500
-198.2400000000,-0.0064531250
-198.2000000000,-0.0054843750
-198.1600000000,-0.0036406250
-198.1200000000,-0.0027968750
-198.0800000000,-0.0044218750
-198.0400000000,-0.0061406250
-198.0000000000,-0.0074218750
-197.9600000000,-0.0051562500
-197.9200000000,-0.0042031250
-197.8800000000,-0.0046718750
-197.8400000000,-0.0050312500
-197.8000000000,-0.0056562500
-197.7600000000,-0.0052656250
-197.7200000000,-0.0046093750
-197.6800000000,-0.0045781250
-197.6400000000,-0.0050156250
-197.6000000000,-0.0047031250
-197.5600000000,-0.0053750000
-197.5200000000,-0.0055781250
-197.4800000000,-0.0069843750
-197.4400000000,-0.0067812500
-197.4000000000,-0.0054218750
-197.3600000000,-0.0041562500
-197.3200000000,-0.0045468750
-197.2800000000,-0.0060312500
-197.2400000000,-0.0072031250
-197.2000000000,-0.0059062500
-197.1600000000,-0.0044531250
-197.1200000000,-0.0040000000
-197.0800000000,-0.0055937500
-197.0400000000,-0.0068281250
-197.0000000000,-0.0062500000
-196.9600000000,-0.0042031250
-196.9200000000,-0.0041250000
-196.8800000000,-0.0060156250
-196.8400000000,-0.0078593750
-196.8000000000,-0.0072812500
-196.7600000000,-0.0052812500
-196.7200000000,-0.0034531250
-196.6800000000,-0.0035937500
-196.6400000000,-0.0057656250
-196.6000000000,-0.0069531250
-196.5600000000,-0.0062187500
-196.5200000000,-0.0037187500
-196.4800000000,-0.0025312500
-196.4400000000,-0.0049218750
-196.4000000000,-0.0075468750
-196.3600000000,-0.0077812500
-196.3200000000,-0.0057968750
-196.2800000000,-0.0032343750
-196.2400000000,-0.0032500000
-196.2000000000,-0.0051093750
-196.1600000000,-0.0063281250
-196.1200000000,-0.0059687500
-196.0800000000,-0.0041718750
-196.0400000000,-0.0045000000
-196.0000000000,-0.0072812500
-195.9600000000,-0.0078125000
-195.9200000000,-0.0056406250
-195.8800000000,-0.0036406250
-195.8400000000,-0.0033750000
-195.8000000000,-0.0056875000
-195.7600000000,-0.0072031250
-195.7200000000,-0.0060312500
-195.6800000000,-0.0052187500
-195.6400000000,-0.0046562500
-195.6000000000,-0.0053281250
-195.5600000000,-0.0049218750
-195.5200000000,-0.0045156250
-195.4800000000,-0.0038125000
-195.4400000000,-0.0044843750
-195.4000000000,-0.0043750000
-195.3600000000,-0.0052812500
-195.3200000000,-0.0061875000
-195.2800000000,-0.0065625000
-195.2400000000,-0.0063281250
-195.2000000000,-0.0059062500
-195.1600000000,-0.0046718750
-195.1200000000,-0.0033281250
-195.0800000000,-0.0039218750
-195.0400000000,-0.0039531250
-195.0000000000,-0.0055937500
-194.9600000000,-0.0057968750
-194.9200000000,-0.0064531250
-194.8800000000,-0.0061562500
-194.8400000000,-0.0061562500
-194.8000000000,-0.0066562500
-194.7600000000,-0.0066562500
-194.7200000000,-0.0044062500
-194.6800000000,-0.0019687500
-194.6400000000,-0.0022500000
-194.6000000000,-0.0051562500
-194.5600000000,-0.0076093750
-194.5200000000,-0.0074062500
-194.4800000000,-0.0061718750
-194.4400000000,-0.0049687500
-194.4000000000,-0.0056093750
-194.3600000000,-0.0057812500
-194.3200000000,-0.0050937500
-194.2800000000,-0.0041250000
-194.2400000000,-0.0045156250
-194.2000000000,-0.0061250000
-194.1600000000,-0.0060781250
-194.1200000000,-0.0049218750
-194.0800000000,-0.0043125000
-194.0400000000,-0.0057656250
-194.0000000000,-0.0070312500
-193.9600000000,-0.0060312500
-193.9200000000,-0.0039843750
-193.8800000000,-0.0039062500
-193.8400000000,-0.0060937500
-193.8000000000,-0.0083125000
-193.7600000000,-0.0065781250
-193.7200000000,-0.0044375000
-193.6800000000,-0.0024375000
-193.6400000000,-0.0035468750
-193.6000000000,-0.0066093750
-193.5600000000,-0.0065468750
-193.5200000000,-0.0055781250
-193.4800000000,-0.0035937500
-193.4400000000,-0.0040312500
-193.4000000000,-0.0068281250
-193.3600000000,-0.0077812500
-193.3200000000,-0.0063750000
-193.2800000000,-0.0040156250
-193.2400000000,-0.0033906250
-193.2000000000,-0.0050312500
-193.1600000000,-0.0063281250
-193.1200000000,-0.0055468750
-193.0800000000,-0.0045000000
-193.0400000000,-0.0041875000
-193.0000000000,-0.0054062500
-192.9600000000,-0.0077187500
-192.9200000000,-0.0073906250
-192.8800000000,-0.0052031250
-192.8400000000,-0.0037812500
-192.8000000000,-0.0046562500
-192.7600000000,-0.0067031250
-192.7200000000,-0.0084843750
-192.6800000000,-0.0054843750
-192.6400000000,-0.0026562500
-192.6000000000,-0.0016875000
-192.5600000000,-0.0043125000
-192.5200000000,-0.0075468750
-192.4800000000,-0.0071406250
-192.4400000000,-0.0058125000
-192.4000000000,-0.0047343750
-192.3600000000,-0.0057343750
-192.3200000000,-0.0073906250
-192.2800000000,-0.0068906250
-192.2400000000,-0.0048125000
-192.2000000000,-0.0033906250
-192.1600000000,-0.0042812500
-192.1200000000,-0.0052500000
-192.0800000000,-0.0063437500
-192.0400000000,-0.0060468750
-192.0000000000,-0.0056875000
-191.9600000000,-0.0058437500
-191.9200000000,-0.0058125000
-191.8800000000,-0.0064531250
-191.8400000000,-0.0056875000
-191.8000000000,-0.0048437500
-191.7600000000,-0.0045468750
-191.7200000000,-0.0039687500
-191.6800000000,-0.0048281250
-191.6400000000,-0.0055625000
-191.6000000000,-0.0063593750
-191.5600000000,-0.0061250000
-191.5200000000,-0.0055781250
-191.4800000000,-0.0051562500
-191.4400000000,-0.0050937500
-191.4000000000,-0.0046562500
-191.3600000000,-0.0051875000
-191.3200000000,-0.0052656250
-191.2800000000,-0.0054687500
-191.2400000000,-0.0057812500
-191.2000000000,-0.0051718750
-191.1600000000,-0.0050000000
-191.1200000000,-0.0051093750
-191.0800000000,-0.0063437500
-191.0400000000,-0.0070781250
-191.0000000000,-0.0059375000
-190.9600000000,-0.0042968750
-190.9200000000,-0.0041562500
-190.8800000000,-0.0058906250
-190.8400000000,-0.0078281250
-190.8000000000,-0.0068125000
-190.7600000000,-0.0047656250
-190.7200000000,-0.0034218750
-190.6800000000,-0.0053750000
-190.6400000000,-0.0073906250
-190.6000000000,-0.0070781250
-190.5600000000,-0.0043593750
-190.5200000000,-0.0027656250
-190.4800000000,-0.0040468750
-190.4400000000,-0.0063125000
-190.4000000000,-0.0073281250
-190.3600000000,-0.0055625000
-190.3200000000,-0.0037656250
-190.2800000000,-0.0027812500
-190.2400000000,-0.0043125000
-190.2000000000,-0.0061250000
-190.1600000000,-0.0064218750
-190.1200000000,-0.0054531250
-190.0800000000,-0.0029218750
-190.0400000000,-0.0028593750
-190.0000000000,-0.0053750000
-189.9600000000,-0.0068593750
-189.9200000000,-0.0061250000
-189.8800000000,-0.0039375000
-189.8400000000,-0.0019687500
-189.8000000000,-0.0040625000
-189.7600000000,-0.0076562500
-189.7200000000,-0.0072031250
-189.6800000000,-0.0066875000
-189.6400000000,-0.0032812500
-189.6000000000,-0.0033750000
-189.5600000000,-0.0052656250
-189.5200000000,-0.0058906250
-189.4800000000,-0.0060625000
-189.4400000000,-0.0043125000
-189.4000000000,-0.0037343750
-189.3600000000,-0.0048437500
-189.3200000000,-0.0065937500
-189.2800000000,-0.0066250000
-189.2400000000,-0.0055937500
-189.2000000000,-0.0032968750
-189.1600000000,-0.0036093750
-189.1200000000,-0.0058281250
-189.0800000000,-0.0066406250
-189.0400000000,-0.0063750000
-189.0000000000,-0.0040625000
-188.9600000000,-0.0029843750
-188.9200000000,-0.0046250000
-188.8800000000,-0.0073750000
-188.8400000000,-0.0083750000
-188.8000000000,-0.0064687500
-188.7600000000,-0.0039843750
-188.7200000000,-0.0022500000
-188.6800000000,-0.0031562500
-188.6400000000,-0.0057500000
-188.6000000000,-0.0069375000
-188.5600000000,-0.0072343750
-188.5200000000,-0.0052656250
-188.4800000000,-0.0041718750
-188.4400000000,-0.0045156250
-188.4000000000,-0.0049687500
-188.3600000000,-0.0057500000
-188.3200000000,-0.0054531250
-188.2800000000,-0.0059843750
-188.2400000000,-0.0052500000
-188.2000000000,-0.0060000000
-188.1600000000,-0.0052968750
-188.1200000000,-0.0055000000
-188.0800000000,-0.0053906250
-188.0400000000,-0.0050625000
-188.0000000000,-0.0038906250
-187.9600000000,-0.0045625000
-187.9200000000,-0.0065468750
-187.8800000000,-0.0079062500
-187.8400000000,-0.0073125000
-187.8000000000,-0.0048593750
-187.7600000000,-0.0039531250
-187.7200000000,-0.0051093750
-187.6800000000,-0.0048593750
-187.6400000000,-0.0053125000
-187.6000000000,-0.0035937500
-187.5600000000,-0.0036718750
-187.5200000000,-0.0053750000
-187.4800000000,-0.0069843750
-187.4400000000,-0.0060000000
-187.4000000000,-0.0060156250
-187.3600000000,-0.0051093750
-187.3200000000,-0.0043750000
-187.2800000000,-0.0048593750
-187.2400000000,-0.0035156250
-187.2000000000,-0.0041250000
-187.1600000000,-0.0051718750
-187.1200000000,-0.0057187500
-187.0800000000,-0.0064843750
-187.0400000000,-0.0061093750
-187.0000000000,-0.0053437500
-186.9600000000,-0.0062812500
-186.9200000000,-0.0064687500
-186.8800000000,-0.0052968750
-186.8400000000,-0.0043281250
-186.8000000000,-0.0034375000
-186.7600000000,-0.0043125000
-186.7200000000,-0.0059062500
-186.6800000000,-0.0070156250
-186.6400000000,-0.0069062500
-186.6000000000,-0.0061875000
-186.5600000000,-0.0054531250
-186.5200000000,-0.0048125000
-186.4800000000,-0.0052031250
-186.4400000000,-0.0046875000
-186.4000000000,-0.0050468750
-186.3600000000,-0.0054687500
-186.3200000000,-0.0049687500
-186.2800000000,-0.0052500000
-186.2400000000,-0.0060312500
-186.2000000000,-0.0066875000
-186.1600000000,-0.0061406250
-186.1200000000,-0.0051093750
-186.0800000000,-0.0040468750
-186.0400000000,-0.0042968750
-186.0000000000,-0.0054687500
-185.9600000000,-0.0060468750
-185.9200000000,-0.0058281250
-185.8800000000,-0.0047187500
-185.8400000000,-0.0042343750
-185.8000000000,-0.0055312500
-185.7600000000,-0.0078750000
-185.7200000000,-0.0081562500
-185.6800000000,-0.0050156250
-185.6400000000,-0.0023437500
-185.6000000000,-0.0026875000
-185.5600000000,-0.0069218750
-185.5200000000,-0.0091562500
-185.4800000000,-0.0075625000
-185.4400000000,-0.0037343750
-185.4000000000,-0.0030156250
-185.3600000000,-0.0056718750
-185.3200000000,-0.0086875000
-185.2800000000,-0.0077343750
-185.2400000000,-0.0038750000
-185.2000000000,-0.0020312500
-185.1600000000,-0.0035000000
-185.1200000000,-0.0067812500
-185.0800000000,-0.0079531250
-185.0400000000,-0.0060781250
-185.0000000000,-0.0038437500
-184.9600000000,-0.0030312500
-184.9200000000,-0.0051406250
-184.8800000000,-0.0075312500
-184.8400000000,-0.0077343750
-184.8000000000,-0.0053437500
-184.7600000000,-0.0033593750
-184.7200000000,-0.0036562500
-184.6800000000,-0.0054218750
-184.6400000000,-0.0059687500
-184.6000000000,-0.0054531250
-184.5600000000,-0.0043750000
-184.5200000000,-0.0052343750
-184.4800000000,-0.0062187500
-184.4400000000,-0.0067187500
-184.4000000000,-0.0056562500
-184.3600000000,-0.0053125000
-184.3200000000,-0.0051250000
-184.2800000000,-0.0059687500
-184.2400000000,-0.0055937500
-184.2000000000,-0.0038593750
-184.1600000000,-0.0037968750
-184.1200000000,-0.0054375000
-184.0800000000,-0.0067656250
-184.0400000000,-0.0066093750
-184.0000000000,-0.0047968750
-183.9600000000,-0.0039531250
-183.9200000000,-0.0050156250
-183.8800000000,-0.0059687500
-183.8400000000,-0.0057500000
-183.8000000000,-0.0046875000
-183.7600000000,-0.0048906250
-183.7200000000,-0.0054375000
-183.6800000000,-0.0063125000
-183.6400000000,-0.0049218750
-183.6000000000,-0.0041250000
-183.5600000000,-0.0047656250
-183.5200000000,-0.0063906250
-183.4800000000,-0.0073750000
-183.4400000000,-0.0066406250
-183.4000000000,-0.0047656250
-183.3600000000,-0.0033437500
-183.3200000000,-0.0041562500
-183.2800000000,-0.0058281250
-183.2400000000,-0.0065000000
-183.2000000000,-0.0054218750
-183.1600000000,-0.0043125000
-183.1200000000,-0.0051562500
-183.0800000000,-0.0066250000
-183.0400000000,-0.0069531250
-183.0000000000,-0.0062343750
-182.9600000000,-0.0043750000
-182.9200000000,-0.0035625000
-182.8800000000,-0.0047812500
-182.8400000000,-0.0072031250
-182.8000000000,-0.0077187500
-182.7600000000,-0.0058281250
-182.7200000000,-0.0043593750
-182.6800000000,-0.0044687500
-182.6400000000,-0.0054375000
-182.6000000000,-0.0063437500
-182.5600000000,-0.0056718750
-182.5200000000,-0.0034218750
-182.4800000000,-0.0031406250
-182.4400000000,-0.0035156250
-182.4000000000,-0.0060000000
-182.3600000000,-0.0075312500
-182.3200000000,-0.0058750000
-182.2800000000,-0.0053750000
-182.2400000000,-0.0047812500
-182.2000000000,-0.0048750000
-182.1600000000,-0.0047656250
-182.1200000000,-0.0038906250
-182.0800000000,-0.0036406250
-182.0400000000,-0.0046875000
-182.0000000000,-0.0057031250
-181.9600000000,-0.0072031250
-181.9200000000,-0.0069531250
-181.8800000000,-0.0050000000
-181.8400000000,-0.0047187500
-181.8000000000,-0.0052812500
-181.7600000000,-0.0058750000
-181.7200000000,-0.0060468750
-181.6800000000,-0.0048750000
-181.6400000000,-0.0032031250
-181.6000000000,-0.0039531250
-181.5600000000,-0.0057500000
-181.5200000000,-0.0065156250
-181.4800000000,-0.0064375000
-181.4400000000,-0.0040781250
-181.4000000000,-0.0028750000
-181.3600000000,-0.0046093750
-181.3200000000,-0.0059531250
-181.2800000000,-0.0063281250
-181.2400000000,-0.0063125000
-181.2000000000,-0.0043593750
-181.1600000000,-0.0040625000
-181.1200000000,-0.0035468750
-181.0800000000,-0.0040468750
-181.0400000000,-0.0056406250
-181.0000000000,-0.0065625000
-180.9600000000,-0.0056250000
-180.9200000000,-0.0057500000
-180.8800000000,-0.0061562500
-180.8400000000,-0.0069531250
-180.8000000000,-0.0077343750
-180.7600000000,-0.0059531250
-180.7200000000,-0.0049687500
-180.6800000000,-0.0033125000
-180.6400000000,-0.0032343750
-180.6000000000,-0.0040156250
-180.5600000000,-0.0055781250
-180.5200000000,-0.0063281250
-180.4800000000,-0.0067187500
-180.4400000000,-0.0049843750
-180.4000000000,-0.0045468750
-180.3600000000,-0.0060000000
-180.3200000000,-0.0063281250
-180.2800000000,-0.0064062500
-180.2400000000,-0.0037031250
-180.2000000000,-0.0027187500
-180.1600000000,-0.0036093750
-180.1200000000,-0.0057500000
-180.0800000000,-0.0061562500
-180.0400000000,-0.0052031250
-180.0000000000,-0.0044375000
-179.9600000000,-0.0060468750
-179.9200000000,-0.0086093750
-179.8800000000,-0.0089687500
-179.8400000000,-0.0059375000
-179.8000000000,-0.0034687500
-179.7600000000,-0.0016093750
-179.7200000000,-0.0029687500
-179.6800000000,-0.0043593750
-179.6400000000,-0.0062656250
-179.6000000000,-0.0058593750
-179.5600000000,-0.0058437500
-179.5200000000,-0.0067187500
-179.4800000000,-0.0068906250
-179.4400000000,-0.0068750000
-179.4000000000,-0.0055468750
-179.3600000000,-0.0034687500
-179.3200000000,-0.0025000000
-179.2800000000,-0.0036093750
-179.2400000000,-0.0054218750
-179.2000000000,-0.0068593750
-179.1600000000,-0.0063281250
-179.1200000000,-0.0057187500
-179.0800000000,-0.0047812500
-179.0400000000,-0.0056562500
-179.0000000000,-0.0070625000
-178.9600000000,-0.0061250000
-178.9200000000,-0.0046250000
-178.8800000000,-0.0029687500
-178.8400000000,-0.0025781250
-178.8000000000,-0.0042968750
-178.7600000000,-0.0066718750
-178.7200000000,-0.0064375000
-178.6800000000,-0.0056250000
-178.6400000000,-0.0047031250
-178.6000000000,-0.0057656250
-178.5600000000,-0.0073281250
-178.5200000000,-0.0062031250
-178.4800000000,-0.0050156250
-178.4400000000,-0.0033750000
-178.4000000000,-0.0035937500
-178.3600000000,-0.0053125000
-178.3200000000,-0.0059531250
-178.2800000000,-0.0053750000
-178.2400000000,-0.0044218750
-178.2000000000,-0.0046406250
-178.1600000000,-0.0065000000
-178.1200000000,-0.0067500000
-178.0800000000,-0.0058750000
-178.0400000000,-0.0056562500
-178.0000000000,-0.0046406250
-177.9600000000,-0.0050781250
-177.9200000000,-0.0049375000
-177.8800000000,-0.0038125000
-177.8400000000,-0.0048125000
-177.8000000000,-0.0069062500
-177.7600000000,-0.0055000000
-177.7200000000,-0.0056093750
-177.6800000000,-0.0040000000
-177.6400000000,-0.0038125000
-177.6000000000,-0.0054375000
-177.5600000000,-0.0051562500
-177.5200000000,-0.0046875000
-177.4800000000,-0.0044375000
-177.4400000000,-0.0043906250
-177.4000000000,-0.0055156250
-177.3600000000,-0.0069843750
-177.3200000000,-0.0057500000
-177.2800000000,-0.0051718750
-177.2400000000,-0.0038593750
-177.2000000000,-0.0025312500
-177.1600000000,-0.0037500000
-177.1200000000,-0.0046093750
-177.0800000000,-0.0055625000
-177.0400000000,-0.0053750000
-177.0000000000,-0.0060000000
-176.9600000000,-0.0076093750
-176.9200000000,-0.0081718750
-176.8800000000,-0.0063281250
-176.8400000000,-0.0034843750
-176.8000000000,-0.0032031250
-176.7600000000,-0.0049375000
-176.7200000000,-0.0069218750
-176.6800000000,-0.0062500000
-176.6400000000,-0.0038593750
-176.6000000000,-0.0035156250
-176.5600000000,-0.0062500000
-176.5200000000,-0.0082812500
-176.4800000000,-0.0083125000
-176.4400000000,-0.0055937500
-176.4000000000,-0.0036562500
-176.3600000000,-0.0033750000
-176.3200000000,-0.0037968750
-176.2800000000,-0.0056718750
-176.2400000000,-0.0071406250
-176.2000000000,-0.0062500000
-176.1600000000,-0.0050468750
-176.1200000000,-0.0041250000
-176.0800000000,-0.0045625000
-176.0400000000,-0.0065156250
-176.0000000000,-0.0074062500
-175.9600000000,-0.0053437500
-175.9200000000,-0.0036250000
-175.8800000000,-0.0024843750
-175.8400000000,-0.0049218750
-175.8000000000,-0.0070312500
-175.7600000000,-0.0071562500
-175.7200000000,-0.0052968750
-175.6800000000,-0.0030000000
-175.6400000000,-0.0030468750
-175.6000000000,-0.0062500000
-175.5600000000,-0.0079375000
-175.5200000000,-0.0071406250
-175.4800000000,-0.0049375000
-175.4400000000,-0.0037187500
-175.4000000000,-0.0048906250
-175.3600000000,-0.0066875000
-175.3200000000,-0.0067812500
-175.2800000000,-0.0057187500
-175.2400000000,-0.0043750000
-175.2000000000,-0.0045000000
-175.1600000000,-0.0060781250
-175.1200000000,-0.0075468750
-175.0800000000,-0.0073437500
-175.0400000000,-0.0061562500
-175.0000000000,-0.0040312500
-174.9600000000,-0.0039843750
-174.9200000000,-0.0049218750
-174.8800000000,-0.0060468750
-174.8400000000,-0.0065781250
-174.8000000000,-0.0055156250
-174.7600000000,-0.0045312500
-174.7200000000,-0.0053593750
-174.6800000000,-0.0051718750
-174.6400000000,-0.0050156250
-174.6000000000,-0.0051718750
-174.5600000000,-0.0035937500
-174.5200000000,-0.0041718750
-174.4800000000,-0.0043593750
-174.4400000000,-0.0048437500
-174.4000000000,-0.0066250000
-174.3600000000,-0.0064687500
-174.3200000000,-0.0059375000
-174.2800000000,-0.0055468750
-174.2400000000,-0.0039687500
-174.2000000000,-0.0035312500
-174.1600000000,-0.0040312500
-174.1200000000,-0.0047500000
-174.0800000000,-0.0060156250
-174.0400000000,-0.0070156250
-174.0000000000,-0.0058437500
-173.9600000000,-0.0063281250
-173.9200000000,-0.0054375000
-173.8800000000,-0.0063125000
-173.8400000000,-0.0056093750
-173.8000000000,-0.0055156250
-173.7600000000,-0.0050781250
-173.7200000000,-0.0050312500
-173.6800000000,-0.0047656250
-173.6400000000,-0.0044531250
-173.6000000000,-0.0048125000
-173.5600000000,-0.0051875000
-173.5200000000,-0.0064218750
-173.4800000000,-0.0065781250
-173.4400000000,-0.0055937500
-173.4000000000,-0.0044687500
-173.3600000000,-0.0042656250
-173.3200000000,-0.0059375000
-173.2800000000,-0.0068125000
-173.2400000000,-0.0055937500
-173.2000000000,-0.0036250000
-173.1600000000,-0.0012187500
-173.1200000000,-0.0036406250
-173.0800000000,-0.0069531250
-173.0400000000,-0.0097500000
-173.0000000000,-0.0074218750
-172.9600000000,-0.0045468750
-172.9200000000,-0.0029531250
-172.8800000000,-0.0049531250
-172.8400000000,-0.0068125000
-172.8000000000,-0.0057031250
-172.7600000000,-0.0037812500
-172.7200000000,-0.0014062500
-172.6800000000,-0.0034687500
-172.6400000000,-0.0067656250
-172.6000000000,-0.0091406250
-172.5600000000,-0.0069843750
-172.5200000000,-0.0044375000
-172.4800000000,-0.0030781250
-172.4400000000,-0.0054218750
-172.4000000000,-0.0080468750
-172.3600000000,-0.0068281250
-172.3200000000,-0.0033125000
-172.2800000000,-0.0014687500
-172.2400000000,-0.0040625000
-172.2000000000,-0.0088437500
-172.1600000000,-0.0097031250
-172.1200000000,-0.0063750000
-172.0800000000,-0.0027968750
-172.0400000000,-0.0024843750
-172.0000000000,-0.0052187500
-171.9600000000,-0.0076250000
-171.9200000000,-0.0066406250
-171.8800000000,-0.0047343750
-171.8400000000,-0.0040937500
-171.8000000000,-0.0052343750
-171.7600000000,-0.0075468750
-171.7200000000,-0.0069375000
-171.6800000000,-0.0051718750
-171.6400000000,-0.0031875000
-171.6000000000,-0.0040156250
-171.5600000000,-0.0061718750
-171.5200000000,-0.0068437500
-171.4800000000,-0.0055468750
-171.4400000000,-0.0042656250
-171.4000000000,-0.0039843750
-171.3600000000,-0.0060468750
-171.3200000000,-0.0080625000
-171.2800000000,-0.0064062500
-171.2400000000,-0.0043437500
-171.2000000000,-0.0036406250
-171.1600000000,-0.0045781250
-171.1200000000,-0.0070468750
-171.0800000000,-0.0066093750
-171.0400000000,-0.0046093750
-171.0000000000,-0.0042656250
-170.9600000000,-0.0054062500
-170.9200000000,-0.0067343750
-170.8800000000,-0.0074687500
-170.8400000000,-0.0055625000
-170.8000000000,-0.0045468750
-170.7600000000,-0.0044218750
-170.7200000000,-0.0039062500
-170.6800000000,-0.0038750000
-170.6400000000,-0.0041562500
-170.6000000000,-0.0053750000
-170.5600000000,-0.0066562500
-170.5200000000,-0.0076718750
-170.4800000000,-0.0072343750
-170.4400000000,-0.0051093750
-170.4000000000,-0.0032343750
-170.3600000000,-0.0035312500
-170.3200000000,-0.0049531250
-170.2800000000,-0.0051718750
-170.2400000000,-0.0051718750
-170.2000000000,-0.0042968750
-170.1600000000,-0.0042500000
-170.1200000000,-0.0064062500
-170.0800000000,-0.0079218750
-170.0400000000,-0.0078750000
-170.0000000000,-0.0051406250
-169.9600000000,-0.0026250000
-169.9200000000,-0.0034687500
-169.8800000000,-0.0050312500
-169.8400000000,-0.0064218750
-169.8000000000,-0.0052968750
-169.7600000000,-0.0030468750
-169.7200000000,-0.0037656250
-169.6800000000,-0.0070781250
-169.6400000000,-0.0096718750
-169.6000000000,-0.0077812500
-169.5600000000,-0.0033593750
-169.5200000000,-0.0015312500
-169.4800000000,-0.0048281250
-169.4400000000,-0.0072812500
-169.4000000000,-0.0060781250
-169.3600000000,-0.0030156250
-169.3200000000,-0.0027500000
-169.2800000000,-0.0065468750
-169.2400000000,-0.0093125000
-169.2000000000,-0.0075937500
-169.1600000000,-0.0033593750
-169.1200000000,-0.0021875000
-169.0800000000,-0.0043437500
-169.0400000000,-0.0076718750
-169.0000000000,-0.0072031250
-168.9600000000,-0.0042812500
-168.9200000000,-0.0037187500
-168.8800000000,-0.0056093750
-168.8400000000,-0.0074687500
-168.8000000000,-0.0070468750
-168.7600000000,-0.0040468750
-168.7200000000,-0.0027343750
-168.6800000000,-0.0044218750
-168.6400000000,-0.0063750000
-168.6000000000,-0.0068125000
-168.5600000000,-0.0051875000
-168.5200000000,-0.0042343750
-168.4800000000,-0.0061406250
-168.4400000000,-0.0075468750
-168.4000000000,-0.0083906250
-168.3600000000,-0.0044843750
-168.3200000000,-0.0012500000
-168.2800000000,-0.0010781250
-168.2400000000,-0.0044531250
-168.2000000000,-0.0083437500
-168.1600000000,-0.0068437500
-168.1200000000,-0.0050000000
-168.0800000000,-0.0049687500
-168.0400000000,-0.0075781250
-168.0000000000,-0.0087187500
-167.9600000000,-0.0066250000
-167.9200000000,-0.0022968750
-167.8800000000,-0.0012500000
-167.8400000000,-0.0035156250
-167.8000000000,-0.0055312500
-167.7600000000,-0.0072500000
-167.7200000000,-0.0058593750
-167.6800000000,-0.0047187500
-167.6400000000,-0.0054375000
-167.6000000000,-0.0075468750
-167.5600000000,-0.0084218750
-167.5200000000,-0.0061718750
-167.4800000000,-0.0037343750
-167.4400000000,-0.0023437500
-167.4000000000,-0.0032343750
-167.3600000000,-0.0057968750
-167.3200000000,-0.0068750000
-167.2800000000,-0.0071093750
-167.2400000000,-0.0049531250
-167.2000000000,-0.0050156250
-167.1600000000,-0.0052500000
-167.1200000000,-0.0064531250
-167.0800000000,-0.0067187500
-167.0400000000,-0.0055937500
-167.0000000000,-0.0033593750
-166.9600000000,-0.0024687500
-166.9200000000,-0.0039843750
-166.8800000000,-0.0054843750
-166.8400000000,-0.0068437500
-166.8000000000,-0.0050156250
-166.7600000000,-0.0045312500
-166.7200000000,-0.0046562500
-166.6800000000,-0.0054375000
-166.6400000000,-0.0067968750
-166.6000000000,-0.0056875000
-166.5600000000,-0.0050000000
-166.5200000000,-0.0038750000
-166.4800000000,-0.0045156250
-166.4400000000,-0.0058750000
-166.4000000000,-0.0068593750
-166.3600000000,-0.0064218750
-166.3200000000,-0.0048593750
-166.2800000000,-0.0031718750
-166.2400000000,-0.0041093750
-166.2000000000,-0.0078750000
-166.1600000000,-0.0079843750
-166.1200000000,-0.0064687500
-166.0800000000,-0.0026562500
-166.0400000000,-0.0025156250
-166.0000000000,-0.0057812500
-165.9600000000,-0.0077656250
-165.9200000000,-0.0067812500
-165.8800000000,-0.0043593750
-165.8400000000,-0.0032343750
-165.8000000000,-0.0052500000
-165.7600000000,-0.0063437500
-165.7200000000,-0.0056718750
-165.6800000000,-0.0044843750
-165.6400000000,-0.0053437500
-165.6000000000,-0.0052656250
-165.5600000000,-0.0052812500
-165.5200000000,-0.0047656250
-165.4800000000,-0.0036562500
-165.4400000000,-0.0060156250
-165.4000000000,-0.0063906250
-165.3600000000,-0.0063125000
-165.3200000000,-0.0049687500
-165.2800000000,-0.0027968750
-165.2400000000,-0.0035781250
-165.2000000000,-0.0050937500
-165.1600000000,-0.0066093750
-165.1200000000,-0.0057656250
-165.0800000000,-0.0044375000
-165.0400000000,-0.0038593750
-165.0000000000,-0.0063125000
-164.9600000000,-0.0075000000
-164.9200000000,-0.0073125000
-164.8800000000,-0.0042968750
-164.8400000000,-0.0019062500
-164.8000000000,-0.0032656250
-164.7600000000,-0.0049531250
-164.7200000000,-0.0057500000
-164.6800000000,-0.0051875000
-164.6400000000,-0.0048906250
-164.6000000000,-0.0068906250
-164.5600000000,-0.0087031250
-164.5200000000,-0.0082031250
-164.4800000000,-0.0046562500
-164.4400000000,-0.0023906250
-164.4000000000,-0.0024375000
-164.3600000000,-0.0049062500
-164.3200000000,-0.0053906250
-164.2800000000,-0.0057343750
-164.2400000000,-0.0048750000
-164.2000000000,-0.0057343750
-164.1600000000,-0.0078125000
-164.1200000000,-0.0075781250
-164.0800000000,-0.0066875000
-164.0400000000,-0.0040937500
-164.0000000000,-0.0025000000
-163.9600000000,-0.0025468750
-163.9200000000,-0.0035156250
-163.8800000000,-0.0048437500
-163.8400000000,-0.0068750000
-163.8000000000,-0.0065156250
-163.7600000000,-0.0068281250
-163.7200000000,-0.0060625000
-163.6800000000,-0.0049843750
-163.6400000000,-0.0058281250
-163.6000000000,-0.0042031250
-163.5600000000,-0.0041093750
-163.5200000000,-0.0041718750
-163.4800000000,-0.0040156250
-163.4400000000,-0.0043750000
-163.4000000000,-0.0057656250
-163.3600000000,-0.0055781250
-163.3200000000,-0.0061875000
-163.2800000000,-0.0065312500
-163.2400000000,-0.0052187500
-163.2000000000,-0.0055156250
-163.1600000000,-0.0038125000
-163.1200000000,-0.0045781250
-163.0800000000,-0.0053593750
-163.0400000000,-0.0045625000
-163.0000000000,-0.0047187500
-162.9600000000,-0.0037812500
-162.9200000000,-0.0042656250
-162.8800000000,-0.0056562500
-162.8400000000,-0.0072812500
-162.8000000000,-0.0077187500
-162.7600000000,-0.0060156250
-162.7200000000,-0.0030468750
-162.6800000000,-0.0022656250
-162.6400000000,-0.0043437500
-162.6000000000,-0.0062656250
-162.5600000000,-0.0069218750
-162.5200000000,-0.0055156250
-162.4800000000,-0.0043125000
-162.4400000000,-0.0046406250
-162.4000000000,-0.0074531250
-162.3600000000,-0.0084218750
-162.3200000000,-0.0069375000
-162.2800000000,-0.0037500000
-162.2400000000,-0.0015468750
-162.2000000000,-0.0029843750
-162.1600000000,-0.0052968750
-162.1200000000,-0.0069062500
-162.0800000000,-0.0071406250
-162.0400000000,-0.0059687500
-162.0000000000,-0.0056718750
-161.9600000000,-0.0061562500
-161.9200000000,-0.0067968750
-161.8800000000,-0.0054218750
-161.8400000000,-0.0043906250
-161.8000000000,-0.0023437500
-161.7600000000,-0.0030312500
-161.7200000000,-0.0040468750
-161.6800000000,-0.0052031250
-161.6400000000,-0.0062812500
-161.6000000000,-0.0061875000
-161.5600000000,-0.0062031250
-161.5200000000,-0.0049531250
-161.4800000000,-0.0058750000
-161.4400000000,-0.0065312500
-161.4000000000,-0.0052031250
-161.3600000000,-0.0038593750
-161.3200000000,-0.0030468750
-161.2800000000,-0.0049062500
-161.2400000000,-0.0072656250
-161.2000000000,-0.0080625000
-161.1600000000,-0.0056250000
-161.1200000000,-0.0044218750
-161.0800000000,-0.0062812500
-161.0400000000,-0.0063750000
-161.0000000000,-0.0059843750
-160.9600000000,-0.0032656250
-160.9200000000,-0.0023281250
-160.8800000000,-0.0038906250
-160.8400000000,-0.0058437500
-160.8000000000,-0.0081875000
-160.7600000000,-0.0071250000
-160.7200000000,-0.0051093750
-160.6800000000,-0.0032187500
-160.6400000000,-0.0037187500
-160.6000000000,-0.0060781250
-160.5600000000,-0.0066250000
-160.5200000000,-0.0056562500
-160.4800000000,-0.0026250000
-160.4400000000,-0.0017343750
-160.4000000000,-0.0050156250
-160.3600000000,-0.0071718750
-160.3200000000,-0.0080000000
-160.2800000000,-0.0052812500
-160.2400000000,-0.0037031250
-160.2000000000,-0.0042031250
-160.1600000000,-0.0058281250
-160.1200000000,-0.0062031250
-160.0800000000,-0.0057031250
-160.0400000000,-0.0041718750
-160.0000000000,-0.0036250000
-159.9600000000,-0.0055312500
-159.9200000000,-0.0070781250
-159.8800000000,-0.0084062500
-159.8400000000,-0.0067343750
-159.8000000000,-0.0044218750
-159.7600000000,-0.0032812500
-159.7200000000,-0.0045312500
-159.6800000000,-0.0047031250
-159.6400000000,-0.0053906250
-159.6000000000,-0.0047500000
-159.5600000000,-0.0047812500
-159.5200000000,-0.0052343750
-159.4800000000,-0.0063750000
-159.4400000000,-0.0062656250
-159.4000000000,-0.0061875000
-159.3600000000,-0.0039218750
-159.3200000000,-0.0032656250
-159.2800000000,-0.0040625000
-159.2400000000,-0.0054062500
-159.2000000000,-0.0070312500
-159.1600000000,-0.0044843750
-159.1200000000,-0.0018906250
-159.0800000000,-0.0032031250
-159.0400000000,-0.0063906250
-159.0000000000,-0.0083281250
-158.9600000000,-0.0063437500
-158.9200000000,-0.0029375000
-158.8800000000,-0.0032656250
-158.8400000000,-0.0052343750
-158.8000000000,-0.0073593750
-158.7600000000,-0.0070468750
-158.7200000000,-0.0040781250
-158.6800000000,-0.0033281250
-158.6400000000,-0.0053906250
-158.6000000000,-0.0079218750
-158.5600000000,-0.0078906250
-158.5200000000,-0.0057031250
-158.4800000000,-0.0039062500
-158.4400000000,-0.0042968750
-158.4000000000,-0.0066250000
-158.3600000000,-0.0077656250
-158.3200000000,-0.0056250000
-158.2800000000,-0.0034375000
-158.2400000000,-0.0033281250
-158.2000000000,-0.0057812500
-158.1600000000,-0.0080937500
-158.1200000000,-0.0068593750
-158.0800000000,-0.0043437500
-158.0400000000,-0.0040937500
-158.0000000000,-0.0053593750
-157.9600000000,-0.0076250000
-157.9200000000,-0.0071406250
-157.8800000000,-0.0041093750
-157.8400000000,-0.0013281250
-157.8000000000,-0.0018125000
-157.7600000000,-0.0039375000
-157.7200000000,-0.0076718750
-157.6800000000,-0.0081562500
-157.6400000000,-0.0057656250
-157.6000000000,-0.0042656250
-157.5600000000,-0.0036093750
-157.5200000000,-0.0049531250
-157.4800000000,-0.0057812500
-157.4400000000,-0.0044218750
-157.4000000000,-0.0039687500
-157.3600000000,-0.0045000000
-157.3200000000,-0.0055468750
-157.2800000000,-0.0071562500
-157.2400000000,-0.0067343750
-157.2000000000,-0.0060312500
-157.1600000000,-0.0050312500
-157.1200000000,-0.0051093750
-157.0800000000,-0.0048125000
-157.0400000000,-0.0049218750
-157.0000000000,-0.0049843750
-156.9600000000,-0.0061562500
-156.9200000000,-0.0056093750
-156.8800000000,-0.0054375000
-156.8400000000,-0.0052656250
-156.8000000000,-0.0059531250
-156.7600000000,-0.0057500000
-156.7200000000,-0.0043906250
-156.6800000000,-0.0043125000
-156.6400000000,-0.0039218750
-156.6000000000,-0.0053437500
-156.5600000000,-0.0065156250
-156.5200000000,-0.0073281250
-156.4800000000,-0.0062500000
-156.4400000000,-0.0047968750
-156.4000000000,-0.0038437500
-156.3600000000,-0.0042656250
-156.3200000000,-0.0059062500
-156.2800000000,-0.0052031250
-156.2400000000,-0.0039843750
-156.2000000000,-0.0045000000
-156.1600000000,-0.0052812500
-156.1200000000,-0.0077031250
-156.0800000000,-0.0074062500
-156.0400000000,-0.0059375000
-156.0000000000,-0.0044062500
-155.9600000000,-0.0045156250
-155.9200000000,-0.0047031250
-155.8800000000,-0.0047656250
-155.8400000000,-0.0038125000
-155.8000000000,-0.0039062500
-155.7600000000,-0.0061718750
-155.7200000000,-0.0075312500
-155.6800000000,-0.0075156250
-155.6400000000,-0.0048437500
-155.6000000000,-0.0033437500
-155.5600000000,-0.0039687500
-155.5200000000,-0.0065000000
-155.4800000000,-0.0065156250
-155.4400000000,-0.0048593750
-155.4000000000,-0.0026406250
-155.3600000000,-0.0020937500
-155.3200000000,-0.0055156250
-155.2800000000,-0.0084687500
-155.2400000000,-0.0079218750
-155.2000000000,-0.0039218750
-155.1600000000,-0.0022500000
-155.1200000000,-0.0054218750
-155.0800000000,-0.0080937500
-155.0400000000,-0.0071562500
-155.0000000000,-0.0025781250
-154.9600000000,-0.0011250000
-154.9200000000,-0.0052656250
-154.8800000000,-0.0081250000
-154.8400000000,-0.0093125000
-154.8000000000,-0.0058750000
-154.7600000000,-0.0029375000
-154.7200000000,-0.0038125000
-154.6800000000,-0.0060625000
-154.6400000000,-0.0059687500
-154.6000000000,-0.0055468750
-154.5600000000,-0.0034531250
-154.5200000000,-0.0035156250
-154.4800000000,-0.0064218750
-154.4400000000,-0.0059531250
-154.4000000000,-0.0065781250
-154.3600000000,-0.0049375000
-154.3200000000,-0.0028593750
-154.2800000000,-0.0036718750
-154.2400000000,-0.0056875000
-154.2000000000,-0.0060937500
-154.1600000000,-0.0047343750
-154.1200000000,-0.0034687500
-154.0800000000,-0.0037500000
-154.0400000000,-0.0058906250
-154.0000000000,-0.0074218750
-153.9600000000,-0.0056250000
-153.9200000000,-0.0036093750
-153.8800000000,-0.0027500000
-153.8400000000,-0.0046875000
-153.8000000000,-0.0067343750
-153.7600000000,-0.0063750000
-153.7200000000,-0.0048906250
-153.6800000000,-0.0036562500
-153.6400000000,-0.0036718750
-153.6000000000,-0.0058593750
-153.5600000000,-0.0064218750
-153.5200000000,-0.0056250000
-153.4800000000,-0.0048906250
-153.4400000000,-0.0043906250
-153.4000000000,-0.0050312500
-153.3600000000,-0.0059687500
-153.3200000000,-0.0062656250
-153.2800000000,-0.0055156250
-153.2400000000,-0.0038906250
-153.2000000000,-0.0044062500
-153.1600000000,-0.0062031250
-153.1200000000,-0.0084531250
-153.0800000000,-0.0077031250
-153.0400000000,-0.0055156250
-153.0000000000,-0.0032812500
-152.9600000000,-0.0031875000
-152.9200000000,-0.0059375000
-152.8800000000,-0.0065156250
-152.8400000000,-0.0055468750
-152.8000000000,-0.0045000000
-152.7600000000,-0.0042187500
-152.7200000000,-0.0051093750
-152.6800000000,-0.0064843750
-152.6400000000,-0.0057343750
-152.6000000000,-0.0043281250
-152.5600000000,-0.0031562500
-152.5200000000,-0.0035625000
-152.4800000000,-0.0053906250
-152.4400000000,-0.0058593750
-152.4000000000,-0.0049843750
-152.3600000000,-0.0047500000
-152.3200000000,-0.0058437500
-152.2800000000,-0.0058281250
-152.2400000000,-0.0062343750
-152.2000000000,-0.0043750000
-152.1600000000,-0.0050781250
-152.1200000000,-0.0070937500
-152.0800000000,-0.0067500000
-152.0400000000,-0.0054062500
-152.0000000000,-0.0025937500
-151.9600000000,-0.0035000000
-151.9200000000,-0.0076562500
-151.8800000000,-0.0094531250
-151.8400000000,-0.0080937500
-151.8000000000,-0.0035312500
-151.7600000000,-0.0022343750
-151.7200000000,-0.0045781250
-151.6800000000,-0.0072187500
-151.6400000000,-0.0082812500
-151.6000000000,-0.0051718750
-151.5600000000,-0.0034531250
-151.5200000000,-0.0038437500
-151.4800000000,-0.0063750000
-151.4400000000,-0.0072812500
-151.4000000000,-0.0061875000
-151.3600000000,-0.0027500000
-151.3200000000,-0.0013750000
-151.2800000000,-0.0032031250
-151.2400000000,-0.0062187500
-151.2000000000,-0.0065312500
-151.1600000000,-0.0058593750
-151.1200000000,-0.0045937500
-151.0800000000,-0.0053437500
-151.0400000000,-0.0064218750
-151.0000000000,-0.0056718750
-150.9600000000,-0.0046718750
-150.9200000000,-0.0032656250
-150.8800000000,-0.0047031250
-150.8400000000,-0.0062343750
-150.8000000000,-0.0060781250
-150.7600000000,-0.0047968750
-150.7200000000,-0.0050625000
-150.6800000000,-0.0052031250
-150.6400000000,-0.0071093750
-150.6000000000,-0.0079843750
-150.5600000000,-0.0073125000
-150.5200000000,-0.0054218750
-150.4800000000,-0.0036562500
-150.4400000000,-0.0036093750
-150.4000000000,-0.0058281250
-150.3600000000,-0.0065781250
-150.3200000000,-0.0062656250
-150.2800000000,-0.0049218750
-150.2400000000,-0.0041093750
-150.2000000000,-0.0070937500
-150.1600000000,-0.0077968750
-150.1200000000,-0.0058906250
-150.0800000000,-0.0025312500
-150.0400000000,-0.0013906250
-150.0000000000,-0.0045468750
-149.9600000000,-0.0069218750
-149.9200000000,-0.0071875000
-149.8800000000,-0.0035625000
-149.8400000000,-0.0019062500
-149.8000000000,-0.0043750000
-149.7600000000,-0.0068906250
-149.7200000000,-0.0067656250
-149.6800000000,-0.0043593750
-149.6400000000,-0.0027968750
-149.6000000000,-0.0045625000
-149.5600000000,-0.0064687500
-149.5200000000,-0.0065781250
-149.4800000000,-0.0052187500
-149.4400000000,-0.0036562500
-149.4000000000,-0.0037812500
-149.3600000000,-0.0059375000
-149.3200000000,-0.0068437500
-149.2800000000,-0.0062656250
-149.2400000000,-0.0057500000
-149.2000000000,-0.0046718750
-149.1600000000,-0.0053750000
-149.1200000000,-0.0058593750
-149.0800000000,-0.0058125000
-149.0400000000,-0.0056718750
-149.0000000000,-0.0055468750
-148.9600000000,-0.0063593750
-148.9200000000,-0.0069218750
-148.8800000000,-0.0056718750
-148.8400000000,-0.0052343750
-148.8000000000,-0.0054531250
-148.7600000000,-0.0049062500
-148.7200000000,-0.0046406250
-148.6800000000,-0.0043125000
-148.6400000000,-0.0054062500
-148.6000000000,-0.0058750000
-148.5600000000,-0.0057656250
-148.5200000000,-0.0049687500
-148.4800000000,-0.0051250000
-148.4400000000,-0.0065625000
-148.4000000000,-0.0052812500
-148.3600000000,-0.0041875000
-148.3200000000,-0.0024375000
-148.2800000000,-0.0034687500
-148.2400000000,-0.0054531250
-148.2000000000,-0.0063906250
-148.1600000000,-0.0073593750
-148.1200000000,-0.0058593750
-148.0800000000,-0.0047500000
-148.0400000000,-0.0048750000
-148.0000000000,-0.0066875000
-147.9600000000,-0.0071250000
-147.9200000000,-0.0039218750
-147.8800000000,-0.0021250000
-147.8400000000,-0.0021562500
-147.8000000000,-0.0053593750
-147.7600000000,-0.0087968750
-147.7200000000,-0.0085000000
-147.6800000000,-0.0054531250
-147.6400000000,-0.0038906250
-147.6000000000,-0.0051562500
-147.5600000000,-0.0074062500
-147.5200000000,-0.0069218750
-147.4800000000,-0.0037812500
-147.4400000000,-0.0016250000
-147.4000000000,-0.0029531250
-147.3600000000,-0.0064531250
-147.3200000000,-0.0083593750
-147.2800000000,-0.0079375000
-147.2400000000,-0.0061718750
-147.2000000000,-0.0046093750
-147.1600000000,-0.0050000000
-147.1200000000,-0.0060468750
-147.0800000000,-0.0062656250
-147.0400000000,-0.0035625000
-147.0000000000,-0.0020937500
-146.9600000000,-0.0026093750
-146.9200000000,-0.0065625000
-146.8800000000,-0.0084375000
-146.8400000000,-0.0074375000
-146.8000000000,-0.0047968750
-146.7600000000,-0.0032968750
-146.7200000000,-0.0054843750
-146.6800000000,-0.0085312500
-146.6400000000,-0.0062968750
-146.6000000000,-0.0022031250
-146.5600000000,-0.0009843750
-146.5200000000,-0.0030156250
-146.4800000000,-0.0067812500
-146.4400000000,-0.0081093750
-146.4000000000,-0.0067656250
-146.3600000000,-0.0058750000
-146.3200000000,-0.0044687500
-146.2800000000,-0.0046250000
-146.2400000000,-0.0037343750
-146.2000000000,-0.0043593750
-146.1600000000,-0.0047968750
-146.1200000000,-0.0047656250
-146.0800000000,-0.0045312500
-146.0400000000,-0.0046406250
-146.0000000000,-0.0065625000
-145.9600000000,-0.0070156250
-145.9200000000,-0.0051093750
-145.8800000000,-0.0036406250
-145.8400000000,-0.0036406250
-145.8000000000,-0.0054375000
-145.7600000000,-0.0062343750
-145.7200000000,-0.0038750000
-145.6800000000,-0.0027343750
-145.6400000000,-0.0045468750
-145.6000000000,-0.0079531250
-145.5600000000,-0.0096406250
-145.5200000000,-0.0073906250
-145.4800000000,-0.0027812500
-145.4400000000,-0.0013281250
-145.4000000000,-0.0029687500
-145.3600000000,-0.0050468750
-145.3200000000,-0.0072187500
-145.2800000000,-0.0053593750
-145.2400000000,-0.0040625000
-145.2000000000,-0.0042968750
-145.1600000000,-0.0052187500
-145.1200000000,-0.0080781250
-145.0800000000,-0.0061875000
-145.0400000000,-0.0037968750
-145.0000000000,-0.0025937500
-144.9600000000,-0.0041718750
-144.9200000000,-0.0070468750
-144.8800000000,-0.0055937500
-144.8400000000,-0.0042500000
-144.8000000000,-0.0036406250
-144.7600000000,-0.0044687500
-144.7200000000,-0.0069218750
-144.6800000000,-0.0069218750
-144.6400000000,-0.0054375000
-144.6000000000,-0.0039375000
-144.5600000000,-0.0044531250
-144.5200000000,-0.0053437500
-144.4800000000,-0.0053281250
-144.4400000000,-0.0053437500
-144.4000000000,-0.0055000000
-144.3600000000,-0.0057656250
-144.3200000000,-0.0052187500
-144.2800000000,-0.0057500000
-144.2400000000,-0.0058593750
-144.2000000000,-0.0060937500
-144.1600000000,-0.0058437500
-144.1200000000,-0.0056562500
-144.0800000000,-0.0051875000
-144.0400000000,-0.0041093750
-144.0000000000,-0.0037968750
-143.9600000000,-0.0046250000
-143.9200000000,-0.0052812500
-143.8800000000,-0.0066718750
-143.8400000000,-0.0055625000
-143.8000000000,-0.0046718750
-143.7600000000,-0.0045312500
-143.7200000000,-0.0053437500
-143.6800000000,-0.0060312500
-143.6400000000,-0.0058750000
-143.6000000000,-0.0042343750
-143.5600000000,-0.0044843750
-143.5200000000,-0.0049843750
-143.4800000000,-0.0051093750
-143.4400000000,-0.0056562500
-143.4000000000,-0.0048750000
-143.3600000000,-0.0052031250
-143.3200000000,-0.0058281250
-143.2800000000,-0.0051718750
-143.2400000000,-0.0052812500
-143.2000000000,-0.0058906250
-143.1600000000,-0.0053437500
-143.1200000000,-0.0059687500
-143.0800000000,-0.0050937500
-143.0400000000,-0.0051093750
-143.0000000000,-0.0048906250
-142.9600000000,-0.0050468750
-142.9200000000,-0.0047812500
-142.8800000000,-0.0051875000
-142.8400000000,-0.0060937500
-142.8000000000,-0.0058281250
-142.7600000000,-0.0053906250
-142.7200000000,-0.0046406250
-142.6800000000,-0.0050468750
-142.6400000000,-0.0065312500
-142.6000000000,-0.0055781250
-142.5600000000,-0.0043437500
-142.5200000000,-0.0036093750
-142.4800000000,-0.0040937500
-142.4400000000,-0.0067031250
-142.4000000000,-0.0064375000
-142.3600000000,-0.0058906250
-142.3200000000,-0.0050156250
-142.2800000000,-0.0059062500
-142.2400000000,-0.0056718750
-142.2000000000,-0.0044531250
-142.1600000000,-0.0041718750
-142.1200000000,-0.0044062500
-142.0800000000,-0.0065468750
-142.0400000000,-0.0066093750
-142.0000000000,-0.0052812500
-141.9600000000,-0.0045312500
-141.9200000000,-0.0052343750
-141.8800000000,-0.0053281250
-141.8400000000,-0.0049843750
-141.8000000000,-0.0026875000
-141.7600000000,-0.0029218750
-141.7200000000,-0.0050312500
-141.6800000000,-0.0068750000
-141.6400000000,-0.0084062500
-141.6000000000,-0.0050156250
-141.5600000000,-0.0030000000
-141.5200000000,-0.0039375000
-141.4800000000,-0.0068125000
-141.4400000000,-0.0066718750
-141.4000000000,-0.0048750000
-141.3600000000,-0.0024687500
-141.3200000000,-0.0034218750
-141.2800000000,-0.0073437500
-141.2400000000,-0.0084375000
-141.2000000000,-0.0056562500
-141.1600000000,-0.0027031250
-141.1200000000,-0.0025000000
-141.0800000000,-0.0054218750
-141.0400000000,-0.0078906250
-141.0000000000,-0.0062968750
-140.9600000000,-0.0040156250
-140.9200000000,-0.0031406250
-140.8800000000,-0.0051718750
-140.8400000000,-0.0074843750
-140.8000000000,-0.0076562500
-140.7600000000,-0.0053281250
-140.7200000000,-0.0030937500
-140.6800000000,-0.0036875000
-140.6400000000,-0.0068125000
-140.6000000000,-0.0077812500
-140.5600000000,-0.0064843750
-140.5200000000,-0.0038281250
-140.4800000000,-0.0020468750
-140.4400000000,-0.0040468750
-140.4000000000,-0.0066562500
-140.3600000000,-0.0082031250
-140.3200000000,-0.0053125000
-140.2800000000,-0.0034218750
-140.2400000000,-0.0032656250
-140.2000000000,-0.0050312500
-140.1600000000,-0.0079687500
-140.1200000000,-0.0063906250
-140.0800000000,-0.0050937500
-140.0400000000,-0.0035781250
-140.0000000000,-0.0033906250
-139.9600000000,-0.0060000000
-139.9200000000,-0.0067968750
-139.8800000000,-0.0051093750
-139.8400000000,-0.0044218750
-139.8000000000,-0.0041562500
-139.7600000000,-0.0062500000
-139.7200000000,-0.0072343750
-139.6800000000,-0.0062968750
-139.6400000000,-0.0045312500
-139.6000000000,-0.0038437500
-139.5600000000,-0.0050000000
-139.5200000000,-0.0061562500
-139.4800000000,-0.0064843750
-139.4400000000,-0.0042812500
-139.4000000000,-0.0031093750
-139.3600000000,-0.0049531250
-139.3200000000,-0.0068281250
-139.2800000000,-0.0080000000
-139.2400000000,-0.0053750000
-139.2000000000,-0.0033593750
-139.1600000000,-0.0037187500
-139.1200000000,-0.0048906250
-139.0800000000,-0.0066718750
-139.0400000000,-0.0050468750
-139.0000000000,-0.0036406250
-138.9600000000,-0.0041718750
-138.9200000000,-0.0066093750
-138.8800000000,-0.0077500000
-138.8400000000,-0.0064531250
-138.8000000000,-0.0032812500
-138.7600000000,-0.0042656250
-138.7200000000,-0.0063437500
-138.6800000000,-0.0066875000
-138.6400000000,-0.0052968750
-138.6000000000,-0.0033906250
-138.5600000000,-0.0050468750
-138.5200000000,-0.0069531250
-138.4800000000,-0.0060000000
-138.4400000000,-0.0045156250
-138.4000000000,-0.0037187500
-138.3600000000,-0.0055156250
-138.3200000000,-0.0071406250
-138.2800000000,-0.0055468750
-138.2400000000,-0.0038750000
-138.2000000000,-0.0037187500
-138.1600000000,-0.0062343750
-138.1200000000,-0.0076718750
-138.0800000000,-0.0060625000
-138.0400000000,-0.0041875000
-138.0000000000,-0.0034062500
-137.9600000000,-0.0042187500
-137.9200000000,-0.0055000000
-137.8800000000,-0.0065625000
-137.8400000000,-0.0057656250
-137.8000000000,-0.0052656250
-137.7600000000,-0.0041875000
-137.7200000000,-0.0046093750
-137.6800000000,-0.0059218750
-137.6400000000,-0.0071406250
-137.6000000000,-0.0065937500
-137.5600000000,-0.0043750000
-137.5200000000,-0.0015468750
-137.4800000000,-0.0027500000
-137.4400000000,-0.0063593750
-137.4000000000,-0.0076718750
-137.3600000000,-0.0059843750
-137.3200000000,-0.0022968750
-137.2800000000,-0.0026093750
-137.2400000000,-0.0067343750
-137.2000000000,-0.0088281250
-137.1600000000,-0.0071250000
-137.1200000000,-0.0031406250
-137.0800000000,-0.0022187500
-137.0400000000,-0.0047968750
-137.0000000000,-0.0076875000
-136.9600000000,-0.0071406250
-136.9200000000,-0.0044843750
-136.8800000000,-0.0042500000
-136.8400000000,-0.0050937500
-136.8000000000,-0.0061875000
-136.7600000000,-0.0066093750
-136.7200000000,-0.0051875000
-136.6800000000,-0.0048750000
-136.6400000000,-0.0055312500
-136.6000000000,-0.0067187500
-136.5600000000,-0.0072968750
-136.5200000000,-0.0062031250
-136.4800000000,-0.0037812500
-136.4400000000,-0.0023593750
-136.4000000000,-0.0033281250
-136.3600000000,-0.0063437500
-136.3200000000,-0.0074531250
-136.2800000000,-0.0065156250
-136.2400000000,-0.0044375000
-136.2000000000,-0.0039687500
-136.1600000000,-0.0064687500
-136.1200000000,-0.0081250000
-136.0800000000,-0.0055781250
-136.0400000000,-0.0022812500
-136.0000000000,0.0000000000
-135.9600000000,-0.0027968750
-135.9200000000,-0.0082187500
-135.8800000000,-0.0093593750
-135.8400000000,-0.0074218750
-135.8000000000,-0.0027031250
-135.7600000000,-0.0031718750
-135.7200000000,-0.0063750000
-135.6800000000,-0.0082656250
-135.6400000000,-0.0062500000
-135.6000000000,-0.0031406250
-135.5600000000,-0.0015781250
-135.5200000000,-0.0045625000
-135.4800000000,-0.0081718750
-135.4400000000,-0.0082968750
-135.4000000000,-0.0058593750
-135.3600000000,-0.0039218750
-135.3200000000,-0.0046718750
-135.2800000000,-0.0067343750
-135.2400000000,-0.0077500000
-135.2000000000,-0.0058281250
-135.1600000000,-0.0041093750
-135.1200000000,-0.0039375000
-135.0800000000,-0.0052500000
-135.0400000000,-0.0058906250
-135.0000000000,-0.0051875000
-134.9600000000,-0.0049218750
-134.9200000000,-0.0049218750
-134.8800000000,-0.0061250000
-134.8400000000,-0.0061093750
-134.8000000000,-0.0059375000
-134.7600000000,-0.0053437500
-134.7200000000,-0.0051718750
-134.6800000000,-0.0043750000
-134.6400000000,-0.0033906250
-134.6000000000,-0.0039375000
-134.5600000000,-0.0056093750
-134.5200000000,-0.0072812500
-134.4800000000,-0.0066718750
-134.4400000000,-0.0050156250
-134.4000000000,-0.0045781250
-134.3600000000,-0.0056250000
-134.3200000000,-0.0071250000
-134.2800000000,-0.0069687500
-134.2400000000,-0.0038437500
-134.2000000000,-0.0024375000
-134.1600000000,-0.0033437500
-134.1200000000,-0.0056875000
-134.0800000000,-0.0081875000
-134.0400000000,-0.0066875000
-134.0000000000,-0.0050625000
-133.9600000000,-0.0044843750
-133.9200000000,-0.0054218750
-133.8800000000,-0.0069218750
-133.8400000000,-0.0064687500
-133.8000000000,-0.0036718750
-133.7600000000,-0.0032656250
-133.7200000000,-0.0050625000
-133.6800000000,-0.0067031250
-133.6400000000,-0.0075000000
-133.6000000000,-0.0055781250
-133.5600000000,-0.0049531250
-133.5200000000,-0.0053906250
-133.4800000000,-0.0067812500
-133.4400000000,-0.0064531250
-133.4000000000,-0.0038125000
-133.3600000000,-0.0019843750
-133.3200000000,-0.0032812500
-133.2800000000,-0.0046562500
-133.2400000000,-0.0065000000
-133.2000000000,-0.0060625000
-133.1600000000,-0.0052500000
-133.1200000000,-0.0053906250
-133.0800000000,-0.0057968750
-133.0400000000,-0.0055000000
-133.0000000000,-0.0043906250
-132.9600000000,-0.0035156250
-132.9200000000,-0.0036875000
-132.8800000000,-0.0055312500
-132.8400000000,-0.0057031250
-132.8000000000,-0.0058593750
-132.7600000000,-0.0054687500
-132.7200000000,-0.0052656250
-132.6800000000,-0.0057812500
-132.6400000000,-0.0057656250
-132.6000000000,-0.0052968750
-132.5600000000,-0.0052500000
-132.5200000000,-0.0051250000
-132.4800000000,-0.0045156250
-132.4400000000,-0.0050937500
-132.4000000000,-0.0054843750
-132.3600000000,-0.0062343750
-132.3200000000,-0.0063593750
-132.2800000000,-0.0058437500
-132.2400000000,-0.0052187500
-132.2000000000,-0.0053750000
-132.1600000000,-0.0052812500
-132.1200000000,-0.0053281250
-132.0800000000,-0.0048437500
-132.0400000000,-0.0043906250
-132.0000000000,-0.0044375000
-131.9600000000,-0.0047656250
-131.9200000000,-0.0055937500
-131.8800000000,-0.0063906250
-131.8400000000,-0.0062343750
-131.8000000000,-0.0043281250
-131.7600000000,-0.0042500000
-131.7200000000,-0.0045156250
-131.6800000000,-0.0050156250
-131.6400000000,-0.0057812500
-131.6000000000,-0.0056875000
-131.5600000000,-0.0060468750
-131.5200000000,-0.0066093750
-131.4800000000,-0.0068437500
-131.4400000000,-0.0054531250
-131.4000000000,-0.0046406250
-131.3600000000,-0.0043437500
-131.3200000000,-0.0052656250
-131.2800000000,-0.0065312500
-131.2400000000,-0.0050468750
-131.2000000000,-0.0045156250
-131.1600000000,-0.0045781250
-131.1200000000,-0.0054687500
-131.0800000000,-0.0069062500
-131.0400000000,-0.0052031250
-131.0000000000,-0.0049687500
-130.9600000000,-0.0046718750
-130.9200000000,-0.0051406250
-130.8800000000,-0.0055625000
-130.8400000000,-0.0056093750
-130.8000000000,-0.0045937500
-130.7600000000,-0.0048281250
-130.7200000000,-0.0051718750
-130.6800000000,-0.0051718750
-130.6400000000,-0.0050156250
-130.6000000000,-0.0039687500
-130.5600000000,-0.0037187500
-130.5200000000,-0.0055625000
-130.4800000000,-0.0062968750
-130.4400000000,-0.0067031250
-130.4000000000,-0.0055468750
-130.3600000000,-0.0036093750
-130.3200000000,-0.0030781250
-130.2800000000,-0.0060937500
-130.2400000000,-0.0063593750
-130.2000000000,-0.0055156250
-130.1600000000,-0.0038593750
-130.1200000000,-0.0034218750
-130.0800000000,-0.0056250000
-130.0400000000,-0.0087031250
-130.0000000000,-0.0072812500
-129.9600000000,-0.0037343750
-129.9200000000,-0.0019218750
-129.8800000000,-0.0032031250
-129.8400000000,-0.0070781250
-129.8000000000,-0.0077343750
-129.7600000000,-0.0063281250
-129.7200000000,-0.0041718750
-129.6800000000,-0.0037187500
-129.6400000000,-0.0054062500
-129.6000000000,-0.0076718750
-129.5600000000,-0.0060468750
-129.5200000000,-0.0047031250
-129.4800000000,-0.0026718750
-129.4400000000,-0.0035937500
-129.4000000000,-0.0063125000
-129.3600000000,-0.0069218750
-129.3200000000,-0.0062343750
-129.2800000000,-0.0047031250
-129.2400000000,-0.0045468750
-129.2000000000,-0.0068437500
-129.1600000000,-0.0066718750
-129.1200000000,-0.0054687500
-129.0800000000,-0.0031093750
-129.0400000000,-0.0023593750
-129.0000000000,-0.0041718750
-128.9600000000,-0.0063750000
-128.9200000000,-0.0072656250
-128.8800000000,-0.0060625000
-128.8400000000,-0.0053750000
-128.8000000000,-0.0056875000
-128.7600000000,-0.0074843750
-128.7200000000,-0.0068125000
-128.6800000000,-0.0050625000
-128.6400000000,-0.0033593750
-128.6000000000,-0.0032031250
-128.5600000000,-0.0039218750
-128.5200000000,-0.0070000000
-128.4800000000,-0.0059062500
-128.4400000000,-0.0062656250
-128.4000000000,-0.0055468750
-128.3600000000,-0.0065156250
-128.3200000000,-0.0072812500
-128.2800000000,-0.0054062500
-128.2400000000,-0.0032500000
-128.2000000000,-0.0026406250
-128.1600000000,-0.0038437500
-128.1200000000,-0.0052812500
-128.0800000000,-0.0058437500
-128.0400000000,-0.0047031250
-128.0000000000,-0.0051250000
-127.9600000000,-0.0060000000
-127.9200000000,-0.0059687500
-127.8800000000,-0.0050937500
-127.8400000000,-0.0040937500
-127.8000000000,-0.0046875000
-127.7600000000,-0.0051250000
-127.7200000000,-0.0057031250
-127.6800000000,-0.0045468750
-127.6400000000,-0.0042187500
-127.6000000000,-0.0052968750
-127.5600000000,-0.0070625000
-127.5200000000,-0.0069687500
-127.4800000000,-0.0053906250
-127.4400000000,-0.0038125000
-127.4000000000,-0.0035625000
-127.3600000000,-0.0053593750
-127.3200000000,-0.0070937500
-127.2800000000,-0.0069531250
-127.2400000000,-0.0051875000
-127.2000000000,-0.0036406250
-127.1600000000,-0.0047343750
-127.1200000000,-0.0061093750
-127.0800000000,-0.0064375000
-127.0400000000,-0.0059375000
-127.0000000000,-0.0033593750
-126.9600000000,-0.0035625000
-126.9200000000,-0.0054843750
-126.8800000000,-0.0069218750
-126.8400000000,-0.0069062500
-126.8000000000,-0.0051250000
-126.7600000000,-0.0039531250
-126.7200000000,-0.0049687500
-126.6800000000,-0.0062187500
-126.6400000000,-0.0065937500
-126.6000000000,-0.0053125000
-126.5600000000,-0.0041562500
-126.5200000000,-0.0050156250
-126.4800000000,-0.0045937500
-126.4400000000,-0.0045000000
-126.4000000000,-0.0041093750
-126.3600000000,-0.0052500000
-126.3200000000,-0.0068906250
-126.2800000000,-0.0075625000
-126.2400000000,-0.0067031250
-126.2000000000,-0.0050468750
-126.1600000000,-0.0053281250
-126.1200000000,-0.0052343750
-126.0800000000,-0.0054062500
-126.0400000000,-0.0044062500
-126.0000000000,-0.0038750000
-125.9600000000,-0.0052812500
-125.9200000000,-0.0063906250
-125.8800000000,-0.0077187500
-125.8400000000,-0.0072343750
-125.8000000000,-0.0052343750
-125.7600000000,-0.0050468750
-125.7200000000,-0.0054843750
-125.6800000000,-0.0058281250
-125.6400000000,-0.0050781250
-125.6000000000,-0.0042500000
-125.5600000000,-0.0045000000
-125.5200000000,-0.0057812500
-125.4800000000,-0.0072812500
-125.4400000000,-0.0066406250
-125.4000000000,-0.0053281250
-125.3600000000,-0.0046875000
-125.3200000000,-0.0052187500
-125.2800000000,-0.0059062500
-125.2400000000,-0.0055000000
-125.2000000000,-0.0046093750
-125.1600000000,-0.0047656250
-125.1200000000,-0.0055468750
-125.0800000000,-0.0057812500
-125.0400000000,-0.0047968750
-125.0000000000,-0.0042343750
-124.9600000000,-0.0048125000
-124.9200000000,-0.0058281250
-124.8800000000,-0.0058906250
-124.8400000000,-0.0050468750
-124.8000000000,-0.0046718750
-124.7600000000,-0.0053125000
-124.7200000000,-0.0066718750
-124.6800000000,-0.0075156250
-124.6400000000,-0.0062187500
-124.6000000000,-0.0050468750
-124.5600000000,-0.0038906250
-124.5200000000,-0.0044843750
-124.4800000000,-0.0061718750
-124.4400000000,-0.0058281250
-124.4000000000,-0.0052656250
-124.3600000000,-0.0043281250
-124.3200000000,-0.0051562500
-124.2800000000,-0.0075156250
-124.2400000000,-0.0071562500
-124.2000000000,-0.0057031250
-124.1600000000,-0.0032031250
-124.1200000000,-0.0033281250
-124.0800000000,-0.0046093750
-124.0400000000,-0.0055625000
-124.0000000000,-0.0062343750
-123.9600000000,-0.0053437500
-123.9200000000,-0.0059531250
-123.8800000000,-0.0047187500
-123.8400000000,-0.0048593750
-123.8000000000,-0.0060000000
-123.7600000000,-0.0061406250
-123.7200000000,-0.0049218750
-123.6800000000,-0.0033593750
-123.6400000000,-0.0028750000
-123.6000000000,-0.0049531250
-123.5600000000,-0.0085312500
-123.5200000000,-0.0075781250
-123.4800000000,-0.0054218750
-123.4400000000,-0.0032500000
-123.4000000000,-0.0046875000
-123.3600000000,-0.0061718750
-123.3200000000,-0.0067656250
-123.2800000000,-0.0055156250
-123.2400000000,-0.0033750000
-123.2000000000,-0.0039531250
-123.1600000000,-0.0051093750
-123.1200000000,-0.0067031250
-123.0800000000,-0.0073125000
-123.0400000000,-0.0058125000
-123.0000000000,-0.0046250000
-122.9600000000,-0.0037343750
-122.9200000000,-0.0043125000
-122.8800000000,-0.0064375000
-122.8400000000,-0.0066562500
-122.8000000000,-0.0061562500
-122.7600000000,-0.0047187500
-122.7200000000,-0.0034375000
-122.6800000000,-0.0048281250
-122.6400000000,-0.0056406250
-122.6000000000,-0.0067031250
-122.5600000000,-0.0055625000
-122.5200000000,-0.0050468750
-122.4800000000,-0.0052656250
-122.4400000000,-0.0058281250
-122.4000000000,-0.0062031250
-122.3600000000,-0.0051562500
-122.3200000000,-0.0037968750
-122.2800000000,-0.0047031250
-122.2400000000,-0.0050625000
-122.2000000000,-0.0055937500
-122.1600000000,-0.0053750000
-122.1200000000,-0.0050625000
-122.0800000000,-0.0052500000
-122.0400000000,-0.0058906250
-122.0000000000,-0.0060937500
-121.9600000000,-0.0053437500
-121.9200000000,-0.0045625000
-121.8800000000,-0.0039062500
-121.8400000000,-0.0045781250
-121.8000000000,-0.0055781250
-121.7600000000,-0.0058750000
-121.7200000000,-0.0062187500
-121.6800000000,-0.0061250000
-121.6400000000,-0.0061718750
-121.6000000000,-0.0051562500
-121.5600000000,-0.0057656250
-121.5200000000,-0.0052812500
-121.4800000000,-0.0044062500
-121.4400000000,-0.0040156250
-121.4000000000,-0.0050781250
-121.3600000000,-0.0061093750
-121.3200000000,-0.0067812500
-121.2800000000,-0.0062343750
-121.2400000000,-0.0047187500
-121.2000000000,-0.0054531250
-121.1600000000,-0.0060625000
-121.1200000000,-0.0062656250
-121.0800000000,-0.0043750000
-121.0400000000,-0.0035781250
-121.0000000000,-0.0048593750
-120.9600000000,-0.0066093750
-120.9200000000,-0.0067187500
-120.8800000000,-0.0060000000
-120.8400000000,-0.0062031250
-120.8000000000,-0.0062031250
-120.7600000000,-0.0067343750
-120.7200000000,-0.0053437500
-120.6800000000,-0.0037812500
-120.6400000000,-0.0046562500
-120.6000000000,-0.0051718750
-120.5600000000,-0.0060625000
-120.5200000000,-0.0045937500
-120.4800000000,-0.0040625000
-120.4400000000,-0.0057500000
-120.4000000000,-0.0075625000
-120.3600000000,-0.0081875000
-120.3200000000,-0.0049218750
-120.2800000000,-0.0032500000
-120.2400000000,-0.0040937500
-120.2000000000,-0.0062187500
-120.1600000000,-0.0070000000
-120.1200000000,-0.0059843750
-120.0800000000,-0.0027187500
-120.0400000000,-0.0013593750
-120.0000000000,-0.0046718750
-119.9600000000,-0.0081562500
-119.9200000000,-0.0092968750
-119.8800000000,-0.0062343750
-119.8400000000,-0.0026093750
-119.8000000000,-0.0026875000
-119.7600000000,-0.0057500000
-119.7200000000,-0.0081718750
-119.6800000000,-0.0071875000
-119.6400000000,-0.0040156250
-119.6000000000,-0.0028593750
-119.5600000000,-0.0049531250
-119.5200000000,-0.0075156250
-119.4800000000,-0.0085312500
-119.4400000000,-0.0060937500
-119.4000000000,-0.0037343750
-119.3600000000,-0.0038906250
-119.3200000000,-0.0060156250
-119.2800000000,-0.0067500000
-119.2400000000,-0.0052343750
-119.2000000000,-0.0039375000
-119.1600000000,-0.0040937500
-119.1200000000,-0.0067031250
-119.0800000000,-0.0066406250
-119.0400000000,-0.0049687500
-119.0000000000,-0.0041875000
-118.9600000000,-0.0043125000
-118.9200000000,-0.0061406250
-118.8800000000,-0.0065937500
-118.8400000000,-0.0053906250
-118.8000000000,-0.0036875000
-118.7600000000,-0.0050781250
-118.7200000000,-0.0061093750
-118.6800000000,-0.0065468750
-118.6400000000,-0.0054531250
-118.6000000000,-0.0044687500
-118.5600000000,-0.0047968750
-118.5200000000,-0.0067812500
-118.4800000000,-0.0065625000
-118.4400000000,-0.0055156250
-118.4000000000,-0.0048906250
-118.3600000000,-0.0044062500
-118.3200000000,-0.0060781250
-118.2800000000,-0.0065625000
-118.2400000000,-0.0044375000
-118.2000000000,-0.0038125000
-118.1600000000,-0.0045000000
-118.1200000000,-0.0064062500
-118.0800000000,-0.0079218750
-118.0400000000,-0.0056562500
-118.0000000000,-0.0038437500
-117.9600000000,-0.0033437500
-117.9200000000,-0.0049843750
-117.8800000000,-0.0070937500
-117.8400000000,-0.0054531250
-117.8000000000,-0.0041250000
-117.7600000000,-0.0035468750
-117.7200000000,-0.0054062500
-117.6800000000,-0.0072968750
-117.6400000000,-0.0084062500
-117.6000000000,-0.0056406250
-117.5600000000,-0.0040781250
-117.5200000000,-0.0032343750
-117.4800000000,-0.0039375000
-117.4400000000,-0.0057187500
-117.4000000000,-0.0052031250
-117.3600000000,-0.0050937500
-117.3200000000,-0.0044687500
-117.2800000000,-0.0050000000
-117.2400000000,-0.0068437500
-117.2000000000,-0.0082187500
-117.1600000000,-0.0064531250
-117.1200000000,-0.0050156250
-117.0800000000,-0.0030625000
-117.0400000000,-0.0026406250
-117.0000000000,-0.0040156250
-116.9600000000,-0.0043750000
-116.9200000000,-0.0056875000
-116.8800000000,-0.0054062500
-116.8400000000,-0.0061718750
-116.8000000000,-0.0073125000
-116.7600000000,-0.0066250000
-116.7200000000,-0.0059531250
-116.6800000000,-0.0051406250
-116.6400000000,-0.0041562500
-116.6000000000,-0.0032968750
-116.5600000000,-0.0034062500
-116.5200000000,-0.0042343750
-116.4800000000,-0.0059218750
-116.4400000000,-0.0078437500
-116.4000000000,-0.0081875000
-116.3600000000,-0.0057968750
-116.3200000000,-0.0040625000
-116.2800000000,-0.0048437500
-116.2400000000,-0.0066250000
-116.2000000000,-0.0066406250
-116.1600000000,-0.0044843750
-116.1200000000,-0.0019531250
-116.0800000000,-0.0025000000
-116.0400000000,-0.0057187500
-116.0000000000,-0.0071406250
-115.9600000000,-0.0073125000
-115.9200000000,-0.0048906250
-115.8800000000,-0.0038906250
-115.8400000000,-0.0047812500
-115.8000000000,-0.0057500000
-115.7600000000,-0.0057968750
-115.7200000000,-0.0048906250
-115.6800000000,-0.0028281250
-115.6400000000,-0.0037500000
-115.6000000000,-0.0056718750
-115.5600000000,-0.0071718750
-115.5200000000,-0.0079843750
-115.4800000000,-0.0057656250
-115.4400000000,-0.0042187500
-115.4000000000,-0.0052500000
-115.3600000000,-0.0057187500
-115.3200000000,-0.0057343750
-115.2800000000,-0.0050156250
-115.2400000000,-0.0045468750
-115.2000000000,-0.0044687500
-115.1600000000,-0.0064531250
-115.1200000000,-0.0072343750
-115.0800000000,-0.0070156250
-115.0400000000,-0.0050781250
-115.0000000000,-0.0049531250
-114.9600000000,-0.0053125000
-114.9200000000,-0.0060000000
-114.8800000000,-0.0049218750
-114.8400000000,-0.0031406250
-114.8000000000,-0.0031875000
-114.7600000000,-0.0062500000
-114.7200000000,-0.0075625000
-114.6800000000,-0.0071875000
-114.6400000000,-0.0057968750
-114.6000000000,-0.0057656250
-114.5600000000,-0.0063906250
-114.5200000000,-0.0049843750
-114.4800000000,-0.0045312500
-114.4400000000,-0.0029218750
-114.4000000000,-0.0031250000
-114.3600000000,-0.0063281250
-114.3200000000,-0.0068750000
-114.2800000000,-0.0067812500
-114.2400000000,-0.0062031250
-114.2000000000,-0.0055468750
-114.1600000000,-0.0056562500
-114.1200000000,-0.0044843750
-114.0800000000,-0.0038906250
-114.0400000000,-0.0045625000
-114.0000000000,-0.0041875000
-113.9600000000,-0.0044218750
-113.9200000000,-0.0055625000
-113.8800000000,-0.0058906250
-113.8400000000,-0.0066250000
-113.8000000000,-0.0062968750
-113.7600000000,-0.0058125000
-113.7200000000,-0.0056562500
-113.6800000000,-0.0055625000
-113.6400000000,-0.0051875000
-113.6000000000,-0.0042812500
-113.5600000000,-0.0039375000
-113.5200000000,-0.0054531250
-113.4800000000,-0.0064687500
-113.4400000000,-0.0062812500
-113.4000000000,-0.0055000000
-113.3600000000,-0.0051562500
-113.3200000000,-0.0059375000
-113.2800000000,-0.0059218750
-113.2400000000,-0.0059843750
-113.2000000000,-0.0053125000
-113.1600000000,-0.0052031250
-113.1200000000,-0.0042812500
-113.0800000000,-0.0053593750
-113.0400000000,-0.0058593750
-113.0000000000,-0.0066562500
-112.9600000000,-0.0058750000
-112.9200000000,-0.0049375000
-112.8800000000,-0.0047343750
-112.8400000000,-0.0049375000
-112.8000000000,-0.0050000000
-112.7600000000,-0.0048281250
-112.7200000000,-0.0050312500
-112.6800000000,-0.0058437500
-112.6400000000,-0.0048750000
-112.6000000000,-0.0044218750
-112.5600000000,-0.0051562500
-112.5200000000,-0.0061250000
-112.4800000000,-0.0077500000
-112.4400000000,-0.0053281250
-112.4000000000,-0.0037500000
-112.3600000000,-0.0047187500
-112.3200000000,-0.0057031250
-112.2800000000,-0.0070781250
-112.2400000000,-0.0056875000
-112.2000000000,-0.0038906250
-112.1600000000,-0.0037656250
-112.1200000000,-0.0053437500
-112.0800000000,-0.0062656250
-112.0400000000,-0.0068437500
-112.0000000000,-0.0052968750
-111.9600000000,-0.0046250000
-111.9200000000,-0.0043281250
-111.8800000000,-0.0054531250
-111.8400000000,-0.0062031250
-111.8000000000,-0.0067500000
-111.7600000000,-0.0050156250
-111.7200000000,-0.0036562500
-111.6800000000,-0.0040312500
-111.6400000000,-0.0060781250
-111.6000000000,-0.0072500000
-111.5600000000,-0.0068750000
-111.5200000000,-0.0057968750
-111.4800000000,-0.0046093750
-111.4400000000,-0.0049531250
-111.4000000000,-0.0049843750
-111.3600000000,-0.0053437500
-111.3200000000,-0.0065781250
-111.2800000000,-0.0063281250
-111.2400000000,-0.0061250000
-111.2000000000,-0.0042343750
-111.1600000000,-0.0039687500
-111.1200000000,-0.0062031250
-111.0800000000,-0.0078125000
-111.0400000000,-0.0061718750
-111.0000000000,-0.0041250000
-110.9600000000,-0.0016718750
-110.9200000000,-0.0037968750
-110.8800000000,-0.0067812500
-110.8400000000,-0.0063906250
-110.8000000000,-0.0065937500
-110.7600000000,-0.0046562500
-110.7200000000,-0.0049062500
-110.6800000000,-0.0054531250
-110.6400000000,-0.0057500000
-110.6000000000,-0.0051562500
-110.5600000000,-0.0040312500
-110.5200000000,-0.0040937500
-110.4800000000,-0.0050781250
-110.4400000000,-0.0060000000
-110.4000000000,-0.0063593750
-110.3600000000,-0.0056875000
-110.3200000000,-0.0051093750
-110.2800000000,-0.0050937500
-110.2400000000,-0.0061718750
-110.2000000000,-0.0057187500
-110.1600000000,-0.0051093750
-110.1200000000,-0.0030312500
-110.0800000000,-0.0019531250
-110.0400000000,-0.0046250000
-110.0000000000,-0.0062031250
-109.9600000000,-0.0078906250
-109.9200000000,-0.0060156250
-109.8800000000,-0.0044062500
-109.8400000000,-0.0050312500
-109.8000000000,-0.0057031250
-109.7600000000,-0.0056250000
-109.7200000000,-0.0044843750
-109.6800000000,-0.0032187500
-109.6400000000,-0.0038750000
-109.6000000000,-0.0062031250
-109.5600000000,-0.0074843750
-109.5200000000,-0.0073437500
-109.4800000000,-0.0055468750
-109.4400000000,-0.0043906250
-109.4000000000,-0.0047656250
-109.3600000000,-0.0061250000
-109.3200000000,-0.0058281250
-109.2800000000,-0.0039062500
-109.2400000000,-0.0039531250
-109.2000000000,-0.0044531250
-109.1600000000,-0.0056718750
-109.1200000000,-0.0060625000
-109.0800000000,-0.0057968750
-109.0400000000,-0.0057500000
-109.0000000000,-0.0058437500
-108.9600000000,-0.0064687500
-108.9200000000,-0.0056093750
-108.8800000000,-0.0043437500
-108.8400000000,-0.0034843750
-108.8000000000,-0.0050468750
-108.7600000000,-0.0058750000
-108.7200000000,-0.0072343750
-108.6800000000,-0.0056093750
-108.6400000000,-0.0038906250
-108.6000000000,-0.0040156250
-108.5600000000,-0.0064687500
-108.5200000000,-0.0063281250
-108.4800000000,-0.0058281250
-108.4400000000,-0.0033593750
-108.4000000000,-0.0022656250
-108.3600000000,-0.0048906250
-108.3200000000,-0.0078906250
-108.2800000000,-0.0073281250
-108.2400000000,-0.0051718750
-108.2000000000,-0.0029375000
-108.1600000000,-0.0040781250
-108.1200000000,-0.0066718750
-108.0800000000,-0.0070156250
-108.0400000000,-0.0062187500
-108.0000000000,-0.0035468750
-107.9600000000,-0.0038750000
-107.9200000000,-0.0063593750
-107.8800000000,-0.0060625000
-107.8400000000,-0.0055312500
-107.8000000000,-0.0039375000
-107.7600000000,-0.0045625000
-107.7200000000,-0.0075781250
-107.6800000000,-0.0078593750
-107.6400000000,-0.0055156250
-107.6000000000,-0.0034062500
-107.5600000000,-0.0034843750
-107.5200000000,-0.0050937500
-107.4800000000,-0.0057656250
-107.4400000000,-0.0056562500
-107.4000000000,-0.0056718750
-107.3600000000,-0.0065781250
-107.3200000000,-0.0079843750
-107.2800000000,-0.0066562500
-107.2400000000,-0.0039218750
-107.2000000000,-0.0027031250
-107.1600000000,-0.0044375000
-107.1200000000,-0.0058750000
-107.0800000000,-0.0060625000
-107.0400000000,-0.0046562500
-107.0000000000,-0.0049687500
-106.9600000000,-0.0069687500
-106.9200000000,-0.0084531250
-106.8800000000,-0.0065625000
-106.8400000000,-0.0047968750
-106.8000000000,-0.0034375000
-106.7600000000,-0.0043437500
-106.7200000000,-0.0053437500
-106.6800000000,-0.0048750000
-106.6400000000,-0.0046875000
-106.6000000000,-0.0051718750
-106.5600000000,-0.0056875000
-106.5200000000,-0.0072656250
-106.4800000000,-0.0061250000
-106.4400000000,-0.0051406250
-106.4000000000,-0.0046875000
-106.3600000000,-0.0043125000
-106.3200000000,-0.0053906250
-106.2800000000,-0.0055625000
-106.2400000000,-0.0049218750
-106.2000000000,-0.0037187500
-106.1600000000,-0.0047968750
-106.1200000000,-0.0070312500
-106.0800000000,-0.0079375000
-106.0400000000,-0.0057031250
-106.0000000000,-0.0037968750
-105.9600000000,-0.0042500000
-105.9200000000,-0.0063281250
-105.8800000000,-0.0076250000
-105.8400000000,-0.0056093750
-105.8000000000,-0.0031562500
-105.7600000000,-0.0034531250
-105.7200000000,-0.0063437500
-105.6800000000,-0.0080312500
-105.6400000000,-0.0070312500
-105.6000000000,-0.0040625000
-105.5600000000,-0.0032031250
-105.5200000000,-0.0060468750
-105.4800000000,-0.0085156250
-105.4400000000,-0.0087031250
-105.4000000000,-0.0053750000
-105.3600000000,-0.0020781250
-105.3200000000,-0.0033437500
-105.2800000000,-0.0064843750
-105.2400000000,-0.0075937500
-105.2000000000,-0.0049843750
-105.1600000000,-0.0020156250
-105.1200000000,-0.0029843750
-105.0800000000,-0.0073750000
-105.0400000000,-0.0092343750
-105.0000000000,-0.0081562500
-104.9600000000,-0.0036875000
-104.9200000000,-0.0018906250
-104.8800000000,-0.0045781250
-104.8400000000,-0.0071562500
-104.8000000000,-0.0059687500
-104.7600000000,-0.0037343750
-104.7200000000,-0.0031875000
-104.6800000000,-0.0049531250
-104.6400000000,-0.0079531250
-104.6000000000,-0.0089218750
-104.5600000000,-0.0058750000
-104.5200000000,-0.0040312500
-104.4800000000,-0.0043125000
-104.4400000000,-0.0054687500
-104.4000000000,-0.0054062500
-104.3600000000,-0.0047656250
-104.3200000000,-0.0042968750
-104.2800000000,-0.0053750000
-104.2400000000,-0.0069375000
-104.2000000000,-0.0060000000
-104.1600000000,-0.0039531250
-104.1200000000,-0.0044687500
-104.0800000000,-0.0060781250
-104.0400000000,-0.0071562500
-104.0000000000,-0.0060156250
-103.9600000000,-0.0040156250
-103.9200000000,-0.0042968750
-103.8800000000,-0.0057187500
-103.8400000000,-0.0062187500
-103.8000000000,-0.0048906250
-103.7600000000,-0.0027968750
-103.7200000000,-0.0035156250
-103.6800000000,-0.0067968750
-103.6400000000,-0.0092187500
-103.6000000000,-0.0084375000
-103.5600000000,-0.0054218750
-103.5200000000,-0.0037031250
-103.4800000000,-0.0037187500
-103.4400000000,-0.0046093750
-103.4000000000,-0.0059531250
-103.3600000000,-0.0060468750
-103.3200000000,-0.0041250000
-103.2800000000,-0.0032343750
-103.2400000000,-0.0038281250
-103.2000000000,-0.0070156250
-103.1600000000,-0.0084375000
-103.1200000000,-0.0066875000
-103.0800000000,-0.0045781250
-103.0400000000,-0.0030781250
-103.0000000000,-0.0040156250
-102.9600000000,-0.0066562500
-102.9200000000,-0.0062656250
-102.8800000000,-0.0047968750
-102.8400000000,-0.0037031250
-102.8000000000,-0.0039375000
-102.7600000000,-0.0065000000
-102.7200000000,-0.0077187500
-102.6800000000,-0.0070156250
-102.6400000000,-0.0051250000
-102.6000000000,-0.0047187500
-102.5600000000,-0.0055156250
-102.5200000000,-0.0063906250
-102.4800000000,-0.0061250000
-102.4400000000,-0.0050000000
-102.4000000000,-0.0043906250
-102.3600000000,-0.0048437500
-102.3200000000,-0.0055625000
-102.2800000000,-0.0061250000
-102.2400000000,-0.0052812500
-102.2000000000,-0.0055000000
-102.1600000000,-0.0056406250
-102.1200000000,-0.0061093750
-102.0800000000,-0.0062656250
-102.0400000000,-0.0055312500
-102.0000000000,-0.0049218750
-101.9600000000,-0.0042343750
-101.9200000000,-0.0030937500
-101.8800000000,-0.0029062500
-101.8400000000,-0.0051093750
-101.8000000000,-0.0077968750
-101.7600000000,-0.0088750000
-101.7200000000,-0.0076875000
-101.6800000000,-0.0043906250
-101.6400000000,-0.0035000000
-101.6000000000,-0.0045000000
-101.5600000000,-0.0070937500
-101.5200000000,-0.0060625000
-101.4800000000,-0.0031093750
-101.4400000000,-0.0010000000
-101.4000000000,-0.0041250000
-101.3600000000,-0.0085625000
-101.3200000000,-0.0099375000
-101.2800000000,-0.0068281250
-101.2400000000,-0.0024218750
-101.2000000000,-0.0018281250
-101.1600000000,-0.0055937500
-101.1200000000,-0.0079687500
-101.0800000000,-0.0061406250
-101.0400000000,-0.0022968750
-101.0000000000,-0.0015937500
-100.9600000000,-0.0050625000
-100.9200000000,-0.0093281250
-100.8800000000,-0.0087343750
-100.8400000000,-0.0048437500
-100.8000000000,-0.0026875000
-100.7600000000,-0.0041093750
-100.7200000000,-0.0072187500
-100.6800000000,-0.0062500000
-100.6400000000,-0.0042812500
-100.6000000000,-0.0028750000
-100.5600000000,-0.0051562500
-100.5200000000,-0.0080312500
-100.4800000000,-0.0081093750
-100.4400000000,-0.0047656250
-100.4000000000,-0.0020937500
-100.3600000000,-0.0028437500
-100.3200000000,-0.0058125000
-100.2800000000,-0.0078593750
-100.2400000000,-0.0051718750
-100.2000000000,-0.0023593750
-100.1600000000,-0.0029843750
-100.1200000000,-0.0063125000
-100.0800000000,-0.0082031250
-100.0400000000,-0.0068750000
-100.0000000000,-0.0034687500
-99.9600000000,-0.0032187500
-99.9200000000,-0.0050625000
-99.8800000000,-0.0068906250
-99.8400000000,-0.0063125000
-99.8000000000,-0.0040468750
-99.7600000000,-0.0039218750
-99.7200000000,-0.0052812500
-99.6800000000,-0.0074375000
-99.6400000000,-0.0075468750
-99.6000000000,-0.0062500000
-99.5600000000,-0.0052812500
-99.5200000000,-0.0050625000
-99.4800000000,-0.0054062500
-99.4400000000,-0.0050625000
-99.4000000000,-0.0049843750
-99.3600000000,-0.0042656250
-99.3200000000,-0.0042187500
-99.2800000000,-0.0060781250
-99.2400000000,-0.0074531250
-99.2000000000,-0.0077343750
-99.1600000000,-0.0056250000
-99.1200000000,-0.0045000000
-99.0800000000,-0.0052187500
-99.0400000000,-0.0052812500
-99.0000000000,-0.0052031250
-98.9600000000,-0.0034062500
-98.9200000000,-0.0035156250
-98.8800000000,-0.0045781250
-98.8400000000,-0.0073593750
-98.8000000000,-0.0080468750
-98.7600000000,-0.0051875000
-98.7200000000,-0.0040000000
-98.6800000000,-0.0053281250
-98.6400000000,-0.0057500000
-98.6000000000,-0.0050937500
-98.5600000000,-0.0037656250
-98.5200000000,-0.0035468750
-98.4800000000,-0.0057500000
-98.4400000000,-0.0074375000
-98.4000000000,-0.0064062500
-98.3600000000,-0.0049687500
-98.3200000000,-0.0049687500
-98.2800000000,-0.0058437500
-98.2400000000,-0.0062031250
-98.2000000000,-0.0039531250
-98.1600000000,-0.0028281250
-98.1200000000,-0.0038593750
-98.0800000000,-0.0062500000
-98.0400000000,-0.0079218750
-98.0000000000,-0.0072500000
-97.9600000000,-0.0057656250
-97.9200000000,-0.0050781250
-97.8800000000,-0.0053593750
-97.8400000000,-0.0063125000
-97.8000000000,-0.0056718750
-97.7600000000,-0.0036875000
-97.7200000000,-0.0032187500
-97.6800000000,-0.0044375000
-97.6400000000,-0.0080781250
-97.6000000000,-0.0089218750
-97.5600000000,-0.0077500000
-97.5200000000,-0.0043906250
-97.4800000000,-0.0043281250
-97.4400000000,-0.0054843750
-97.4000000000,-0.0064375000
-97.3600000000,-0.0044687500
-97.3200000000,-0.0019687500
-97.2800000000,-0.0021562500
-97.2400000000,-0.0061250000
-97.2000000000,-0.0092500000
-97.1600000000,-0.0091718750
-97.1200000000,-0.0051250000
-97.0800000000,-0.0023281250
-97.0400000000,-0.0030000000
-97.0000000000,-0.0052812500
-96.9600000000,-0.0066562500
-96.9200000000,-0.0057968750
-96.8800000000,-0.0036406250
-96.8400000000,-0.0031718750
-96.8000000000,-0.0058437500
-96.7600000000,-0.0075625000
-96.7200000000,-0.0081562500
-96.6800000000,-0.0057187500
-96.6400000000,-0.0033750000
-96.6000000000,-0.0031562500
-96.5600000000,-0.0048125000
-96.5200000000,-0.0057031250
-96.4800000000,-0.0054375000
-96.4400000000,-0.0052031250
-96.4000000000,-0.0059843750
-96.3600000000,-0.0069531250
-96.3200000000,-0.0070312500
-96.2800000000,-0.0068437500
-96.2400000000,-0.0049062500
-96.2000000000,-0.0035156250
-96.1600000000,-0.0032031250
-96.1200000000,-0.0045312500
-96.0800000000,-0.0056718750
-96.0400000000,-0.0061093750
-96.0000000000,-0.0064218750
-95.9600000000,-0.0061093750
-95.9200000000,-0.0068281250
-95.8800000000,-0.0074218750
-95.8400000000,-0.0052812500
-95.8000000000,-0.0035156250
-95.7600000000,-0.0017500000
-95.7200000000,-0.0036562500
-95.6800000000,-0.0062656250
-95.6400000000,-0.0059375000
-95.6000000000,-0.0052187500
-95.5600000000,-0.0041562500
-95.5200000000,-0.0062343750
-95.4800000000,-0.0080781250
-95.4400000000,-0.0065625000
-95.4000000000,-0.0040156250
-95.3600000000,-0.0022968750
-95.3200000000,-0.0029687500
-95.2800000000,-0.0045156250
-95.2400000000,-0.0055781250
-95.2000000000,-0.0049531250
-95.1600000000,-0.0057343750
-95.1200000000,-0.0065000000
-95.0800000000,-0.0078281250
-95.0400000000,-0.0075156250
-95.0000000000,-0.0058750000
-94.9600000000,-0.0031093750
-94.9200000000,-0.0026562500
-94.8800000000,-0.0042656250
-94.8400000000,-0.0062343750
-94.8000000000,-0.0071250000
-94.7600000000,-0.0063437500
-94.7200000000,-0.0056250000
-94.6800000000,-0.0063750000
-94.6400000000,-0.0074375000
-94.6000000000,-0.0067031250
-94.5600000000,-0.0045156250
-94.5200000000,-0.0027031250
-94.4800000000,-0.0030781250
-94.4400000000,-0.0051562500
-94.4000000000,-0.0070000000
-94.3600000000,-0.0073125000
-94.3200000000,-0.0060781250
-94.2800000000,-0.0053281250
-94.2400000000,-0.0049062500
-94.2000000000,-0.0053281250
-94.1600000000,-0.0050937500
-94.1200000000,-0.0040937500
-94.0800000000,-0.0046250000
-94.0400000000,-0.0042343750
-94.0000000000,-0.0058437500
-93.9600000000,-0.0061093750
-93.9200000000,-0.0047656250
-93.8800000000,-0.0052031250
-93.8400000000,-0.0059062500
-93.8000000000,-0.0074843750
-93.7600000000,-0.0063906250
-93.7200000000,-0.0041875000
-93.6800000000,-0.0030625000
-93.6400000000,-0.0051406250
-93.6000000000,-0.0066718750
-93.5600000000,-0.0060468750
-93.5200000000,-0.0051875000
-93.4800000000,-0.0045000000
-93.4400000000,-0.0054531250
-93.4000000000,-0.0072968750
-93.3600000000,-0.0076562500
-93.3200000000,-0.0061718750
-93.2800000000,-0.0039687500
-93.2400000000,-0.0027812500
-93.2000000000,-0.0038281250
-93.1600000000,-0.0052500000
-93.1200000000,-0.0057031250
-93.0800000000,-0.0046718750
-93.0400000000,-0.0034375000
-93.0000000000,-0.0047500000
-92.9600000000,-0.0079843750
-92.9200000000,-0.0087031250
-92.8800000000,-0.0060625000
-92.8400000000,-0.0020312500
-92.8000000000,-0.0014375000
-92.7600000000,-0.0054843750
-92.7200000000,-0.0075312500
-92.6800000000,-0.0063750000
-92.6400000000,-0.0037187500
-92.6000000000,-0.0031406250
-92.5600000000,-0.0059843750
-92.5200000000,-0.0092187500
-92.4800000000,-0.0071093750
-92.4400000000,-0.0041406250
-92.4000000000,-0.0026406250
-92.3600000000,-0.0042031250
-92.3200000000,-0.0064218750
-92.2800000000,-0.0064843750
-92.2400000000,-0.0037031250
-92.2000000000,-0.0036718750
-92.1600000000,-0.0046718750
-92.1200000000,-0.0070468750
-92.0800000000,-0.0073906250
-92.0400000000,-0.0052812500
-92.0000000000,-0.0044687500
-91.9600000000,-0.0049375000
-91.9200000000,-0.0057031250
-91.8800000000,-0.0062343750
-91.8400000000,-0.0045468750
-91.8000000000,-0.0036406250
-91.7600000000,-0.0040781250
-91.7200000000,-0.0048125000
-91.6800000000,-0.0065468750
-91.6400000000,-0.0067500000
-91.6000000000,-0.0067968750
-91.5600000000,-0.0063593750
-91.5200000000,-0.0058750000
-91.4800000000,-0.0061718750
-91.4400000000,-0.0051562500
-91.4000000000,-0.0039843750
-91.3600000000,-0.0018281250
-91.3200000000,-0.0030781250
-91.2800000000,-0.0058125000
-91.2400000000,-0.0069062500
-91.2000000000,-0.0085781250
-91.1600000000,-0.0049531250
-91.1200000000,-0.0037343750
-91.0800000000,-0.0048750000
-91.0400000000,-0.0059531250
-91.0000000000,-0.0064843750
-90.9600000000,-0.0043593750
-90.9200000000,-0.0026875000
-90.8800000000,-0.0040937500
-90.8400000000,-0.0053125000
-90.8000000000,-0.0064218750
-90.7600000000,-0.0062031250
-90.7200000000,-0.0056875000
-90.6800000000,-0.0062812500
-90.6400000000,-0.0073281250
-90.6000000000,-0.0055781250
-90.5600000000,-0.0043437500
-90.5200000000,-0.0038906250
-90.4800000000,-0.0044687500
-90.4400000000,-0.0056562500
-90.4000000000,-0.0062343750
-90.3600000000,-0.0063437500
-90.3200000000,-0.0066875000
-90.2800000000,-0.0065468750
-90.2400000000,-0.0062187500
-90.2000000000,-0.0053437500
-90.1600000000,-0.0046406250
-90.1200000000,-0.0044218750
-90.0800000000,-0.0047343750
-90.0400000000,-0.0050000000
-90.0000000000,-0.0050312500
-89.9600000000,-0.0057031250
-89.9200000000,-0.0060625000
-89.8800000000,-0.0075156250
-89.8400000000,-0.0061406250
-89.8000000000,-0.0056250000
-89.7600000000,-0.0048437500
-89.7200000000,-0.0032187500
-89.6800000000,-0.0027968750
-89.6400000000,-0.0041718750
-89.6000000000,-0.0074843750
-89.5600000000,-0.0073906250
-89.5200000000,-0.0063750000
-89.4800000000,-0.0050625000
-89.4400000000,-0.0049218750
-89.4000000000,-0.0056875000
-89.3600000000,-0.0052656250
-89.3200000000,-0.0038125000
-89.2800000000,-0.0016093750
-89.2400000000,-0.0044218750
-89.2000000000,-0.0065468750
-89.1600000000,-0.0067656250
-89.1200000000,-0.0065312500
-89.0800000000,-0.0040156250
-89.0400000000,-0.0046875000
-89.0000000000,-0.0057343750
-88.9600000000,-0.0043281250
-88.9200000000,-0.0046718750
-88.8800000000,-0.0042343750
-88.8400000000,-0.0046875000
-88.8000000000,-0.0049062500
-88.7600000000,-0.0047812500
-88.7200000000,-0.0061093750
-88.6800000000,-0.0070312500
-88.6400000000,-0.0068593750
-88.6000000000,-0.0051406250
-88.5600000000,-0.0030156250
-88.5200000000,-0.0031562500
-88.4800000000,-0.0052812500
-88.4400000000,-0.0060156250
-88.4000000000,-0.0057187500
-88.3600000000,-0.0037656250
-88.3200000000,-0.0044687500
-88.2800000000,-0.0065625000
-88.2400000000,-0.0063593750
-88.2000000000,-0.0058750000
-88.1600000000,-0.0040468750
-88.1200000000,-0.0035937500
-88.0800000000,-0.0049843750
-88.0400000000,-0.0050468750
-88.0000000000,-0.0057343750
-87.9600000000,-0.0058281250
-87.9200000000,-0.0059375000
-87.8800000000,-0.0064375000
-87.8400000000,-0.0044531250
-87.8000000000,-0.0027343750
-87.7600000000,-0.0030156250
-87.7200000000,-0.0054375000
-87.6800000000,-0.0061406250
-87.6400000000,-0.0065937500
-87.6000000000,-0.0044687500
-87.5600000000,-0.0044062500
-87.5200000000,-0.0070625000
-87.4800000000,-0.0077031250
-87.4400000000,-0.0072656250
-87.4000000000,-0.0030156250
-87.3600000000,-0.0011875000
-87.3200000000,-0.0035781250
-87.2800000000,-0.0064062500
-87.2400000000,-0.0085156250
-87.2000000000,-0.0064843750
-87.1600000000,-0.0045781250
-87.1200000000,-0.0043593750
-87.0800000000,-0.0056406250
-87.0400000000,-0.0076250000
-87.0000000000,-0.0066250000
-86.9600000000,-0.0042968750
-86.9200000000,-0.0028906250
-86.8800000000,-0.0035468750
-86.8400000000,-0.0063281250
-86.8000000000,-0.0080312500
-86.7600000000,-0.0055000000
-86.7200000000,-0.0031718750
-86.6800000000,-0.0035156250
-86.6400000000,-0.0073281250
-86.6000000000,-0.0086406250
-86.5600000000,-0.0066250000
-86.5200000000,-0.0023437500
-86.4800000000,-0.0022031250
-86.4400000000,-0.0058437500
-86.4000000000,-0.0082812500
-86.3600000000,-0.0059843750
-86.3200000000,-0.0031875000
-86.2800000000,-0.0024531250
-86.2400000000,-0.0049062500
-86.2000000000,-0.0080000000
-86.1600000000,-0.0080312500
-86.1200000000,-0.0060468750
-86.0800000000,-0.0042812500
-86.0400000000,-0.0047343750
-86.0000000000,-0.0058750000
-85.9600000000,-0.0063593750
-85.9200000000,-0.0064843750
-85.8800000000,-0.0044687500
-85.8400000000,-0.0031093750
-85.8000000000,-0.0050468750
-85.7600000000,-0.0079531250
-85.7200000000,-0.0087968750
-85.6800000000,-0.0059531250
-85.6400000000,-0.0021562500
-85.6000000000,-0.0009218750
-85.5600000000,-0.0052656250
-85.5200000000,-0.0074218750
-85.4800000000,-0.0063750000
-85.4400000000,-0.0032500000
-85.4000000000,-0.0020156250
-85.3600000000,-0.0062500000
-85.3200000000,-0.0082031250
-85.2800000000,-0.0072656250
-85.2400000000,-0.0020156250
-85.2000000000,-0.0010156250
-85.1600000000,-0.0045781250
-85.1200000000,-0.0071875000
-85.0800000000,-0.0065937500
-85.0400000000,-0.0046562500
-85.0000000000,-0.0045000000
-84.9600000000,-0.0060625000
-84.9200000000,-0.0077812500
-84.8800000000,-0.0058281250
-84.8400000000,-0.0042968750
-84.8000000000,-0.0047343750
-84.7600000000,-0.0053906250
-84.7200000000,-0.0058125000
-84.6800000000,-0.0043281250
-84.6400000000,-0.0052031250
-84.6000000000,-0.0060937500
-84.5600000000,-0.0066093750
-84.5200000000,-0.0064218750
-84.4800000000,-0.0046718750
-84.4400000000,-0.0031093750
-84.4000000000,-0.0034843750
-84.3600000000,-0.0059062500
-84.3200000000,-0.0066406250
-84.2800000000,-0.0060156250
-84.2400000000,-0.0035312500
-84.2000000000,-0.0038281250
-84.1600000000,-0.0051875000
-84.1200000000,-0.0061250000
-84.0800000000,-0.0056875000
-84.0400000000,-0.0039531250
-84.0000000000,-0.0040937500
-83.9600000000,-0.0049531250
-83.9200000000,-0.0058125000
-83.8800000000,-0.0059062500
-83.8400000000,-0.0053750000
-83.8000000000,-0.0041250000
-83.7600000000,-0.0053437500
-83.7200000000,-0.0051406250
-83.6800000000,-0.0041250000
-83.6400000000,-0.0042343750
-83.6000000000,-0.0044375000
-83.5600000000,-0.0063750000
-83.5200000000,-0.0061718750
-83.4800000000,-0.0062187500
-83.4400000000,-0.0062500000
-83.4000000000,-0.0051562500
-83.3600000000,-0.0044687500
-83.3200000000,-0.0036562500
-83.2800000000,-0.0043437500
-83.2400000000,-0.0067968750
-83.2000000000,-0.0073750000
-83.1600000000,-0.0067812500
-83.1200000000,-0.0048281250
-83.0800000000,-0.0038281250
-83.0400000000,-0.0043750000
-83.0000000000,-0.0062656250
-82.9600000000,-0.0061562500
-82.9200000000,-0.0054062500
-82.8800000000,-0.0041093750
-82.8400000000,-0.0040312500
-82.8000000000,-0.0056250000
-82.7600000000,-0.0056562500
-82.7200000000,-0.0058593750
-82.6800000000,-0.0051875000
-82.6400000000,-0.0048906250
-82.6000000000,-0.0056093750
-82.5600000000,-0.0055312500
-82.5200000000,-0.0056562500
-82.4800000000,-0.0053125000
-82.4400000000,-0.0045468750
-82.4000000000,-0.0039843750
-82.3600000000,-0.0054375000
-82.3200000000,-0.0062812500
-82.2800000000,-0.0062343750
-82.2400000000,-0.0048593750
-82.2000000000,-0.0047187500
-82.1600000000,-0.0049531250
-82.1200000000,-0.0060156250
-82.0800000000,-0.0065468750
-82.0400000000,-0.0053906250
-82.0000000000,-0.0037031250
-81.9600000000,-0.0042968750
-81.9200000000,-0.0058750000
-81.8800000000,-0.0050468750
-81.8400000000,-0.0055468750
-81.8000000000,-0.0055937500
-81.7600000000,-0.0064218750
-81.7200000000,-0.0066718750
-81.6800000000,-0.0049375000
-81.6400000000,-0.0026250000
-81.6000000000,-0.0034531250
-81.5600000000,-0.0055312500
-81.5200000000,-0.0066406250
-81.4800000000,-0.0057812500
-81.4400000000,-0.0031093750
-81.4000000000,-0.0040625000
-81.3600000000,-0.0063437500
-81.3200000000,-0.0072656250
-81.2800000000,-0.0060312500
-81.2400000000,-0.0030312500
-81.2000000000,-0.0035000000
-81.1600000000,-0.0054218750
-81.1200000000,-0.0068906250
-81.0800000000,-0.0054531250
-81.0400000000,-0.0040468750
-81.0000000000,-0.0043437500
-80.9600000000,-0.0059843750
-80.9200000000,-0.0069687500
-80.8800000000,-0.0063593750
-80.8400000000,-0.0047031250
-80.8000000000,-0.0045781250
-80.7600000000,-0.0051718750
-80.7200000000,-0.0062187500
-80.6800000000,-0.0063593750
-80.6400000000,-0.0053906250
-80.6000000000,-0.0049218750
-80.5600000000,-0.0057656250
-80.5200000000,-0.0074062500
-80.4800000000,-0.0059843750
-80.4400000000,-0.0044218750
-80.4000000000,-0.0028437500
-80.3600000000,-0.0050312500
-80.3200000000,-0.0070468750
-80.2800000000,-0.0073906250
-80.2400000000,-0.0050781250
-80.2000000000,-0.0030468750
-80.1600000000,-0.0042656250
-80.1200000000,-0.0061562500
-80.0800000000,-0.0066250000
-80.0400000000,-0.0055937500
-80.0000000000,-0.0024687500
-79.9600000000,-0.0025937500
-79.9200000000,-0.0048281250
-79.8800000000,-0.0070312500
-79.8400000000,-0.0074062500
-79.8000000000,-0.0060625000
-79.7600000000,-0.0042656250
-79.7200000000,-0.0039062500
-79.6800000000,-0.0049218750
-79.6400000000,-0.0063593750
-79.6000000000,-0.0057500000
-79.5600000000,-0.0045312500
-79.5200000000,-0.0042187500
-79.4800000000,-0.0055625000
-79.4400000000,-0.0070468750
-79.4000000000,-0.0065781250
-79.3600000000,-0.0053125000
-79.3200000000,-0.0047812500
-79.2800000000,-0.0056406250
-79.2400000000,-0.0061562500
-79.2000000000,-0.0053437500
-79.1600000000,-0.0053281250
-79.1200000000,-0.0056250000
-79.0800000000,-0.0057187500
-79.0400000000,-0.0055000000
-79.0000000000,-0.0045156250
-78.9600000000,-0.0039687500
-78.9200000000,-0.0054843750
-78.8800000000,-0.0064687500
-78.8400000000,-0.0063125000
-78.8000000000,-0.0054687500
-78.7600000000,-0.0036406250
-78.7200000000,-0.0045625000
-78.6800000000,-0.0064531250
-78.6400000000,-0.0062031250
-78.6000000000,-0.0049843750
-78.5600000000,-0.0025156250
-78.5200000000,-0.0035000000
-78.4800000000,-0.0067500000
-78.4400000000,-0.0069375000
-78.4000000000,-0.0055156250
-78.3600000000,-0.0038593750
-78.3200000000,-0.0037031250
-78.2800000000,-0.0057031250
-78.2400000000,-0.0075156250
-78.2000000000,-0.0051093750
-78.1600000000,-0.0035468750
-78.1200000000,-0.0042656250
-78.0800000000,-0.0059218750
-78.0400000000,-0.0069687500
-78.0000000000,-0.0058593750
-77.9600000000,-0.0048593750
-77.9200000000,-0.0041718750
-77.8800000000,-0.0052656250
-77.8400000000,-0.0064531250
-77.8000000000,-0.0058125000
-77.7600000000,-0.0051406250
-77.7200000000,-0.0038437500
-77.6800000000,-0.0046093750
-77.6400000000,-0.0058906250
-77.6000000000,-0.0068437500
-77.5600000000,-0.0060312500
-77.5200000000,-0.0048281250
-77.4800000000,-0.0044843750
-77.4400000000,-0.0047500000
-77.4000000000,-0.0047656250
-77.3600000000,-0.0049375000
-77.3200000000,-0.0064062500
-77.2800000000,-0.0055000000
-77.2400000000,-0.0057343750
-77.2000000000,-0.0042343750
-77.1600000000,-0.0041562500
-77.1200000000,-0.0054375000
-77.0800000000,-0.0057343750
-77.0400000000,-0.0050781250
-77.0000000000,-0.0048281250
-76.9600000000,-0.0047343750
-76.9200000000,-0.0045468750
-76.8800000000,-0.0056875000
-76.8400000000,-0.0055468750
-76.8000000000,-0.0059843750
-76.7600000000,-0.0050312500
-76.7200000000,-0.0041875000
-76.6800000000,-0.0047656250
-76.6400000000,-0.0047500000
-76.6000000000,-0.0057187500
-76.5600000000,-0.0054062500
-76.5200000000,-0.0044531250
-76.4800000000,-0.0052500000
-76.4400000000,-0.0067500000
-76.4000000000,-0.0066562500
-76.3600000000,-0.0055000000
-76.3200000000,-0.0041718750
-76.2800000000,-0.0034843750
-76.2400000000,-0.0048125000
-76.2000000000,-0.0063281250
-76.1600000000,-0.0061875000
-76.1200000000,-0.0054062500
-76.0800000000,-0.0045000000
-76.0400000000,-0.0046250000
-76.0000000000,-0.0054062500
-75.9600000000,-0.0061406250
-75.9200000000,-0.0052968750
-75.8800000000,-0.0047812500
-75.8400000000,-0.0044062500
-75.8000000000,-0.0049218750
-75.7600000000,-0.0051250000
-75.7200000000,-0.0060937500
-75.6800000000,-0.0056875000
-75.6400000000,-0.0054843750
-75.6000000000,-0.0051875000
-75.5600000000,-0.0051718750
-75.5200000000,-0.0060000000
-75.4800000000,-0.0053750000
-75.4400000000,-0.0051562500
-75.4000000000,-0.0046562500
-75.3600000000,-0.0043750000
-75.3200000000,-0.0055468750
-75.2800000000,-0.0065312500
-75.2400000000,-0.0064218750
-75.2000000000,-0.0056875000
-75.1600000000,-0.0046718750
-75.1200000000,-0.0048281250
-75.0800000000,-0.0059687500
-75.0400000000,-0.0064375000
-75.0000000000,-0.0053125000
-74.9600000000,-0.0043906250
-74.9200000000,-0.0041562500
-74.8800000000,-0.0059375000
-74.8400000000,-0.0071718750
-74.8000000000,-0.0066093750
-74.7600000000,-0.0050156250
-74.7200000000,-0.0042656250
-74.6800000000,-0.0056875000
-74.6400000000,-0.0058437500
-74.6000000000,-0.0048750000
-74.5600000000,-0.0036406250
-74.5200000000,-0.0042187500
-74.4800000000,-0.0055781250
-74.4400000000,-0.0064218750
-74.4000000000,-0.0071406250
-74.3600000000,-0.0071250000
-74.3200000000,-0.0069843750
-74.2800000000,-0.0054375000
-74.2400000000,-0.0035468750
-74.2000000000,-0.0028437500
-74.1600000000,-0.0047656250
-74.1200000000,-0.0064531250
-74.0800000000,-0.0057343750
-74.0400000000,-0.0044687500
-74.0000000000,-0.0040000000
-73.9600000000,-0.0059843750
-73.9200000000,-0.0091875000
-73.8800000000,-0.0075781250
-73.8400000000,-0.0035468750
-73.8000000000,-0.0019375000
-73.7600000000,-0.0019375000
-73.7200000000,-0.0048593750
-73.6800000000,-0.0059062500
-73.6400000000,-0.0054687500
-73.6000000000,-0.0053750000
-73.5600000000,-0.0058281250
-73.5200000000,-0.0072968750
-73.4800000000,-0.0082187500
-73.4400000000,-0.0057500000
-73.4000000000,-0.0043125000
-73.3600000000,-0.0027343750
-73.3200000000,-0.0031562500
-73.2800000000,-0.0050156250
-73.2400000000,-0.0066718750
-73.2000000000,-0.0065156250
-73.1600000000,-0.0061250000
-73.1200000000,-0.0051718750
-73.0800000000,-0.0058750000
-73.0400000000,-0.0061250000
-73.0000000000,-0.0054843750
-72.9600000000,-0.0043593750
-72.9200000000,-0.0037968750
-72.8800000000,-0.0042656250
-72.8400000000,-0.0055156250
-72.8000000000,-0.0054218750
-72.7600000000,-0.0052968750
-72.7200000000,-0.0050781250
-72.6800000000,-0.0058437500
-72.6400000000,-0.0065625000
-72.6000000000,-0.0062500000
-72.5600000000,-0.0052812500
-72.5200000000,-0.0044687500
-72.4800000000,-0.0033750000
-72.4400000000,-0.0040937500
-72.4000000000,-0.0059843750
-72.3600000000,-0.0063750000
-72.3200000000,-0.0068437500
-72.2800000000,-0.0054687500
-72.2400000000,-0.0046562500
-72.2000000000,-0.0050625000
-72.1600000000,-0.0051718750
-72.1200000000,-0.0055000000
-72.0800000000,-0.0048593750
-72.0400000000,-0.0035312500
-72.0000000000,-0.0047187500
-71.9600000000,-0.0062968750
-71.9200000000,-0.0065312500
-71.8800000000,-0.0057812500
-71.8400000000,-0.0047968750
-71.8000000000,-0.0053593750
-71.7600000000,-0.0057812500
-71.7200000000,-0.0055156250
-71.6800000000,-0.0048593750
-71.6400000000,-0.0042031250
-71.6000000000,-0.0037968750
-71.5600000000,-0.0056718750
-71.5200000000,-0.0057031250
-71.4800000000,-0.0060156250
-71.4400000000,-0.0052031250
-71.4000000000,-0.0049531250
-71.3600000000,-0.0064375000
-71.3200000000,-0.0058750000
-71.2800000000,-0.0061562500
-71.2400000000,-0.0042812500
-71.2000000000,-0.0034218750
-71.1600000000,-0.0042500000
-71.1200000000,-0.0055937500
-71.0800000000,-0.0067812500
-71.0400000000,-0.0060156250
-71.0000000000,-0.0046562500
-70.9600000000,-0.0044218750
-70.9200000000,-0.0061406250
-70.8800000000,-0.0067968750
-70.8400000000,-0.0066562500
-70.8000000000,-0.0047031250
-70.7600000000,-0.0033437500
-70.7200000000,-0.0038906250
-70.6800000000,-0.0060156250
-70.6400000000,-0.0058593750
-70.6000000000,-0.0048437500
-70.5600000000,-0.0033281250
-70.5200000000,-0.0044375000
-70.4800000000,-0.0079531250
-70.4400000000,-0.0088437500
-70.4000000000,-0.0057343750
-70.3600000000,-0.0022031250
-70.3200000000,-0.0016875000
-70.2800000000,-0.0047187500
-70.2400000000,-0.0059218750
-70.2000000000,-0.0061406250
-70.1600000000,-0.0034062500
-70.1200000000,-0.0031875000
-70.0800000000,-0.0058125000
-70.0400000000,-0.0074843750
-70.0000000000,-0.0075937500
-69.9600000000,-0.0047187500
-69.9200000000,-0.0038125000
-69.8800000000,-0.0048437500
-69.8400000000,-0.0053750000
-69.8000000000,-0.0047656250
-69.7600000000,-0.0030468750
-69.7200000000,-0.0048125000
-69.6800000000,-0.0075937500
-69.6400000000,-0.0087500000
-69.6000000000,-0.0063125000
-69.5600000000,-0.0034062500
-69.5200000000,-0.0038437500
-69.4800000000,-0.0070937500
-69.4400000000,-0.0074843750
-69.4000000000,-0.0057500000
-69.3600000000,-0.0014531250
-69.3200000000,-0.0016875000
-69.2800000000,-0.0054843750
-69.2400000000,-0.0083750000
-69.2000000000,-0.0071093750
-69.1600000000,-0.0048593750
-69.1200000000,-0.0022343750
-69.0800000000,-0.0033593750
-69.0400000000,-0.0057656250
-69.0000000000,-0.0065156250
-68.9600000000,-0.0055937500
-68.9200000000,-0.0035937500
-68.8800000000,-0.0035312500
-68.8400000000,-0.0055468750
-68.8000000000,-0.0074062500
-68.7600000000,-0.0054218750
-68.7200000000,-0.0032031250
-68.6800000000,-0.0022031250
-68.6400000000,-0.0046718750
-68.6000000000,-0.0085000000
-68.5600000000,-0.0048750000
-68.5200000000,-0.0031718750
-68.4800000000,-0.0025625000
-68.4400000000,-0.0045312500
-68.4000000000,-0.0083125000
-68.3600000000,-0.0075781250
-68.3200000000,-0.0041250000
-68.2800000000,-0.0017812500
-68.2400000000,-0.0040937500
-68.2000000000,-0.0065156250
-68.1600000000,-0.0080781250
-68.1200000000,-0.0047343750
-68.0800000000,-0.0016562500
-68.0400000000,-0.0035312500
-68.0000000000,-0.0070625000
-67.9600000000,-0.0091875000
-67.9200000000,-0.0070625000
-67.8800000000,-0.0023281250
-67.8400000000,-0.0024375000
-67.8000000000,-0.0053750000
-67.7600000000,-0.0083125000
-67.7200000000,-0.0077343750
-67.6800000000,-0.0035937500
-67.6400000000,-0.0021250000
-67.6000000000,-0.0037968750
-67.5600000000,-0.0065312500
-67.5200000000,-0.0081406250
-67.4800000000,-0.0052968750
-67.4400000000,-0.0035781250
-67.4000000000,-0.0036093750
-67.3600000000,-0.0057812500
-67.3200000000,-0.0075781250
-67.2800000000,-0.0066250000
-67.2400000000,-0.0045000000
-67.2000000000,-0.0041250000
-67.1600000000,-0.0058125000
-67.1200000000,-0.0078281250
-67.0800000000,-0.0065625000
-67.0400000000,-0.0036875000
-67.0000000000,-0.0033750000
-66.9600000000,-0.0047812500
-66.9200000000,-0.0069843750
-66.8800000000,-0.0077031250
-66.8400000000,-0.0058750000
-66.8000000000,-0.0041718750
-66.7600000000,-0.0040156250
-66.7200000000,-0.0048906250
-66.6800000000,-0.0056718750
-66.6400000000,-0.0056093750
-66.6000000000,-0.0044062500
-66.5600000000,-0.0042812500
-66.5200000000,-0.0047343750
-66.4800000000,-0.0059843750
-66.4400000000,-0.0079531250
-66.4000000000,-0.0064218750
-66.3600000000,-0.0052031250
-66.3200000000,-0.0045468750
-66.2800000000,-0.0060312500
-66.2400000000,-0.0074375000
-66.2000000000,-0.0047343750
-66.1600000000,-0.0027187500
-66.1200000000,-0.0031875000
-66.0800000000,-0.0059218750
-66.0400000000,-0.0084375000
-66.0000000000,-0.0076562500
-65.9600000000,-0.0049531250
-65.9200000000,-0.0043125000
-65.8800000000,-0.0056250000
-65.8400000000,-0.0053125000
-65.8000000000,-0.0052968750
-65.7600000000,-0.0024218750
-65.7200000000,-0.0027343750
-65.6800000000,-0.0042656250
-65.6400000000,-0.0061406250
-65.6000000000,-0.0079375000
-65.5600000000,-0.0072500000
-65.5200000000,-0.0057031250
-65.4800000000,-0.0042656250
-65.4400000000,-0.0053125000
-65.4000000000,-0.0060312500
-65.3600000000,-0.0060781250
-65.3200000000,-0.0043281250
-65.2800000000,-0.0029687500
-65.2400000000,-0.0031562500
-65.2000000000,-0.0056250000
-65.1600000000,-0.0074218750
-65.1200000000,-0.0070156250
-65.0800000000,-0.0047968750
-65.0400000000,-0.0045937500
-65.0000000000,-0.0049843750
-64.9600000000,-0.0060000000
-64.9200000000,-0.0055468750
-64.8800000000,-0.0043125000
-64.8400000000,-0.0041562500
-64.8000000000,-0.0051250000
-64.7600000000,-0.0055156250
-64.7200000000,-0.0054218750
-64.6800000000,-0.0051093750
-64.6400000000,-0.0054375000
-64.6000000000,-0.0056093750
-64.5600000000,-0.0056250000
-64.5200000000,-0.0055937500
-64.4800000000,-0.0039375000
-64.4400000000,-0.0048593750
-64.4000000000,-0.0053281250
-64.3600000000,-0.0068906250
-64.3200000000,-0.0064375000
-64.2800000000,-0.0039531250
-64.2400000000,-0.0022656250
-64.2000000000,-0.0042656250
-64.1600000000,-0.0077031250
-64.1200000000,-0.0090625000
-64.0800000000,-0.0057656250
-64.0400000000,-0.0029375000
-64.0000000000,-0.0032968750
-63.9600000000,-0.0063593750
-63.9200000000,-0.0071875000
-63.8800000000,-0.0055468750
-63.8400000000,-0.0031406250
-63.8000000000,-0.0035312500
-63.7600000000,-0.0064375000
-63.7200000000,-0.0088750000
-63.6800000000,-0.0082031250
-63.6400000000,-0.0047812500
-63.6000000000,-0.0018281250
-63.5600000000,-0.0029375000
-63.5200000000,-0.0068593750
-63.4800000000,-0.0079531250
-63.4400000000,-0.0064375000
-63.4000000000,-0.0031562500
-63.3600000000,-0.0018750000
-63.3200000000,-0.0048125000
-63.2800000000,-0.0088750000
-63.2400000000,-0.0084062500
-63.2000000000,-0.0055156250
-63.1600000000,-0.0015468750
-63.1200000000,-0.0022031250
-63.0800000000,-0.0050625000
-63.0400000000,-0.0060312500
-63.0000000000,-0.0069843750
-62.9600000000,-0.0045312500
-62.9200000000,-0.0042968750
-62.8800000000,-0.0062343750
-62.8400000000,-0.0065781250
-62.8000000000,-0.0055468750
-62.7600000000,-0.0047187500
-62.7200000000,-0.0034218750
-62.6800000000,-0.0046093750
-62.6400000000,-0.0052343750
-62.6000000000,-0.0052343750
-62.5600000000,-0.0044218750
-62.5200000000,-0.0035000000
-62.4800000000,-0.0057968750
-62.4400000000,-0.0067656250
-62.4000000000,-0.0071718750
-62.3600000000,-0.0052656250
-62.3200000000,-0.0030000000
-62.2800000000,-0.0035625000
-62.2400000000,-0.0054843750
-62.2000000000,-0.0057968750
-62.1600000000,-0.0040625000
-62.1200000000,-0.0046250000
-62.0800000000,-0.0060156250
-62.0400000000,-0.0082031250
-62.0000000000,-0.0074531250
-61.9600000000,-0.0038281250
-61.9200000000,-0.0016406250
-61.8800000000,-0.0038437500
-61.8400000000,-0.0065156250
-61.8000000000,-0.0073906250
-61.7600000000,-0.0042968750
-61.7200000000,-0.0027031250
-61.6800000000,-0.0047187500
-61.6400000000,-0.0072500000
-61.6000000000,-0.0096250000
-61.5600000000,-0.0055781250
-61.5200000000,-0.0018593750
-61.4800000000,-0.0016093750
-61.4400000000,-0.0049375000
-61.4000000000,-0.0078437500
-61.3600000000,-0.0064375000
-61.3200000000,-0.0025468750
-61.2800000000,-0.0012968750
-61.2400000000,-0.0055781250
-61.2000000000,-0.0095937500
-61.1600000000,-0.0099218750
-61.1200000000,-0.0041093750
-61.0800000000,-0.0005000000
-61.0400000000,-0.0040468750
-61.0000000000,-0.0084375000
-60.9600000000,-0.0083125000
-60.9200000000,-0.0031562500
-60.8800000000,0.0003437500
-60.8400000000,-0.0033593750
-60.8000000000,-0.0091875000
-60.7600000000,-0.0105625000
-60.7200000000,-0.0072812500
-60.6800000000,-0.0025156250
-60.6400000000,-0.0025000000
-60.6000000000,-0.0059531250
-60.5600000000,-0.0081718750
-60.5200000000,-0.0069687500
-60.4800000000,-0.0020312500
-60.4400000000,-0.0012812500
-60.4000000000,-0.0055937500
-60.3600000000,-0.0094531250
-60.3200000000,-0.0087343750
-60.2800000000,-0.0035468750
-60.2400000000,-0.0009375000
-60.2000000000,-0.0044843750
-60.1600000000,-0.0090781250
-60.1200000000,-0.0082968750
-60.0800000000,-0.0027187500
-60.0400000000,0.0008125000
-60.0000000000,-0.0028906250
-59.9600000000,-0.0083437500
-59.9200000000,-0.0097656250
-59.8800000000,-0.0056093750
-59.8400000000,-0.0022187500
-59.8000000000,-0.0039843750
-59.7600000000,-0.0066406250
-59.7200000000,-0.0072968750
-59.6800000000,-0.0034062500
-59.6400000000,-0.0010781250
-59.6000000000,-0.0024062500
-59.5600000000,-0.0074062500
-59.5200000000,-0.0101250000
-59.4800000000,-0.0088281250
-59.4400000000,-0.0049062500
-59.4000000000,-0.0034375000
-59.3600000000,-0.0046875000
-59.3200000000,-0.0069843750
-59.2800000000,-0.0055312500
-59.2400000000,-0.0030000000
-59.2000000000,-0.0025312500
-59.1600000000,-0.0052500000
-59.1200000000,-0.0090781250
-59.0800000000,-0.0095000000
-59.0400000000,-0.0067343750
-59.0000000000,-0.0047343750
-58.9600000000,-0.0049687500
-58.9200000000,-0.0070312500
-58.8800000000,-0.0060000000
-58.8400000000,-0.0030156250
-58.8000000000,-0.0011406250
-58.7600000000,-0.0036250000
-58.7200000000,-0.0074062500
-58.6800000000,-0.0084218750
-58.6400000000,-0.0060781250
-58.6000000000,-0.0035781250
-58.5600000000,-0.0042968750
-58.5200000000,-0.0059843750
-58.4800000000,-0.0062187500
-58.4400000000,-0.0045156250
-58.4000000000,-0.0030781250
-58.3600000000,-0.0038437500
-58.3200000000,-0.0049531250
-58.2800000000,-0.0065468750
-58.2400000000,-0.0066562500
-58.2000000000,-0.0064375000
-58.1600000000,-0.0051562500
-58.1200000000,-0.0056250000
-58.0800000000,-0.0054687500
-58.0400000000,-0.0052031250
-58.0000000000,-0.0053750000
-57.9600000000,-0.0050468750
-57.9200000000,-0.0049062500
-57.8800000000,-0.0062500000
-57.8400000000,-0.0060468750
-57.8000000000,-0.0059062500
-57.7600000000,-0.0052968750
-57.7200000000,-0.0041406250
-57.6800000000,-0.0052343750
-57.6400000000,-0.0061718750
-57.6000000000,-0.0070312500
-57.5600000000,-0.0050625000
-57.5200000000,-0.0040937500
-57.4800000000,-0.0048437500
-57.4400000000,-0.0051093750
-57.4000000000,-0.0054687500
-57.3600000000,-0.0048750000
-57.3200000000,-0.0045937500
-57.2800000000,-0.0062656250
-57.2400000000,-0.0066718750
-57.2000000000,-0.0051718750
-57.1600000000,-0.0044375000
-57.1200000000,-0.0039375000
-57.0800000000,-0.0053906250
-57.0400000000,-0.0064843750
-57.0000000000,-0.0050468750
-56.9600000000,-0.0032968750
-56.9200000000,-0.0030937500
-56.8800000000,-0.0061875000
-56.8400000000,-0.0088437500
-56.8000000000,-0.0075312500
-56.7600000000,-0.0048125000
-56.7200000000,-0.0019375000
-56.6800000000,-0.0033593750
-56.6400000000,-0.0066718750
-56.6000000000,-0.0069843750
-56.5600000000,-0.0043750000
-56.5200000000,-0.0017656250
-56.4800000000,-0.0035312500
-56.4400000000,-0.0078125000
-56.4000000000,-0.0085156250
-56.3600000000,-0.0077500000
-56.3200000000,-0.0042343750
-56.2800000000,-0.0028125000
-56.2400000000,-0.0052343750
-56.2000000000,-0.0064843750
-56.1600000000,-0.0060000000
-56.1200000000,-0.0039687500
-56.0800000000,-0.0033281250
-56.0400000000,-0.0053437500
-56.0000000000,-0.0075468750
-55.9600000000,-0.0080625000
-55.9200000000,-0.0049062500
-55.8800000000,-0.0032656250
-55.8400000000,-0.0050937500
-55.8000000000,-0.0065937500
-55.7600000000,-0.0064687500
-55.7200000000,-0.0042812500
-55.6800000000,-0.0025625000
-55.6400000000,-0.0037656250
-55.6000000000,-0.0064218750
-55.5600000000,-0.0070156250
-55.5200000000,-0.0060937500
-55.4800000000,-0.0056875000
-55.4400000000,-0.0039843750
-55.4000000000,-0.0058281250
-55.3600000000,-0.0056250000
-55.3200000000,-0.0053437500
-55.2800000000,-0.0051093750
-55.2400000000,-0.0039062500
-55.2000000000,-0.0040468750
-55.1600000000,-0.0053593750
-55.1200000000,-0.0068281250
-55.0800000000,-0.0061250000
-55.0400000000,-0.0056250000
-55.0000000000,-0.0042500000
-54.9600000000,-0.0056250000
-54.9200000000,-0.0067968750
-54.8800000000,-0.0060000000
-54.8400000000,-0.0046875000
-54.8000000000,-0.0021718750
-54.7600000000,-0.0033906250
-54.7200000000,-0.0070312500
-54.6800000000,-0.0079218750
-54.6400000000,-0.0071875000
-54.6000000000,-0.0045468750
-54.5600000000,-0.0032500000
-54.5200000000,-0.0047343750
-54.4800000000,-0.0062343750
-54.4400000000,-0.0055312500
-54.4000000000,-0.0027500000
-54.3600000000,-0.0023593750
-54.3200000000,-0.0061875000
-54.2800000000,-0.0091875000
-54.2400000000,-0.0090781250
-54.2000000000,-0.0050625000
-54.1600000000,-0.0020937500
-54.1200000000,-0.0037500000
-54.0800000000,-0.0067031250
-54.0400000000,-0.0077031250
-54.0000000000,-0.0051250000
-53.9600000000,-0.0031250000
-53.9200000000,-0.0038125000
-53.8800000000,-0.0070000000
-53.8400000000,-0.0079062500
-53.8000000000,-0.0066406250
-53.7600000000,-0.0035937500
-53.7200000000,-0.0025000000
-53.6800000000,-0.0044375000
-53.6400000000,-0.0062812500
-53.6000000000,-0.0064531250
-53.5600000000,-0.0048437500
-53.5200000000,-0.0029687500
-53.4800000000,-0.0040625000
-53.4400000000,-0.0065625000
-53.4000000000,-0.0070000000
-53.3600000000,-0.0045156250
-53.3200000000,-0.0027500000
-53.2800000000,-0.0044531250
-53.2400000000,-0.0062031250
-53.2000000000,-0.0069375000
-53.1600000000,-0.0050156250
-53.1200000000,-0.0032968750
-53.0800000000,-0.0039843750
-53.0400000000,-0.0059843750
-53.0000000000,-0.0069843750
-52.9600000000,-0.0061875000
-52.9200000000,-0.0044218750
-52.8800000000,-0.0028906250
-52.8400000000,-0.0049375000
-52.8000000000,-0.0069687500
-52.7600000000,-0.0078125000
-52.7200000000,-0.0052187500
-52.6800000000,-0.0032812500
-52.6400000000,-0.0044531250
-52.6000000000,-0.0072187500
-52.5600000000,-0.0080625000
-52.5200000000,-0.0071718750
-52.4800000000,-0.0035625000
-52.4400000000,-0.0016718750
-52.4000000000,-0.0037031250
-52.3600000000,-0.0072031250
-52.3200000000,-0.0077500000
-52.2800000000,-0.0059687500
-52.2400000000,-0.0033750000
-52.2000000000,-0.0037968750
-52.1600000000,-0.0058125000
-52.1200000000,-0.0062812500
-52.0800000000,-0.0058593750
-52.0400000000,-0.0048906250
-52.0000000000,-0.0038750000
-51.9600000000,-0.0047187500
-51.9200000000,-0.0048437500
-51.8800000000,-0.0048281250
-51.8400000000,-0.0052656250
-51.8000000000,-0.0053437500
-51.7600000000,-0.0055781250
-51.7200000000,-0.0054843750
-51.6800000000,-0.0045000000
-51.6400000000,-0.0055000000
-51.6000000000,-0.0060625000
-51.5600000000,-0.0055781250
-51.5200000000,-0.0041250000
-51.4800000000,-0.0024218750
-51.4400000000,-0.0043281250
-51.4000000000,-0.0073125000
-51.3600000000,-0.0085625000
-51.3200000000,-0.0061875000
-51.2800000000,-0.0036562500
-51.2400000000,-0.0037812500
-51.2000000000,-0.0067187500
-51.1600000000,-0.0062343750
-51.1200000000,-0.0049218750
-51.0800000000,-0.0025625000
-51.0400000000,-0.0036718750
-51.0000000000,-0.0055156250
-50.9600000000,-0.0068750000
-50.9200000000,-0.0062812500
-50.8800000000,-0.0057031250
-50.8400000000,-0.0062656250
-50.8000000000,-0.0065000000
-50.7600000000,-0.0043593750
-50.7200000000,-0.0022500000
-50.6800000000,-0.0007656250
-50.6400000000,-0.0037656250
-50.6000000000,-0.0064843750
-50.5600000000,-0.0072031250
-50.5200000000,-0.0068750000
-50.4800000000,-0.0047656250
-50.4400000000,-0.0051718750
-50.4000000000,-0.0057500000
-50.3600000000,-0.0058125000
-50.3200000000,-0.0045312500
-50.2800000000,-0.0028906250
-50.2400000000,-0.0018437500
-50.2000000000,-0.0041093750
-50.1600000000,-0.0067500000
-50.1200000000,-0.0082500000
-50.0800000000,-0.0079062500
-50.0400000000,-0.0049375000
-50.0000000000,-0.0041250000
-49.9600000000,-0.0050000000
-49.9200000000,-0.0065468750
-49.8800000000,-0.0035000000
-49.8400000000,-0.0025156250
-49.8000000000,-0.0012031250
-49.7600000000,-0.0035781250
-49.7200000000,-0.0076093750
-49.6800000000,-0.0068437500
-49.6400000000,-0.0046718750
-49.6000000000,-0.0039843750
-49.5600000000,-0.0043125000
-49.5200000000,-0.0078281250
-49.4800000000,-0.0063750000
-49.4400000000,-0.0039218750
-49.4000000000,-0.0026406250
-49.3600000000,-0.0032500000
-49.3200000000,-0.0065000000
-49.2800000000,-0.0068593750
-49.2400000000,-0.0051406250
-49.2000000000,-0.0041718750
-49.1600000000,-0.0047500000
-49.1200000000,-0.0066406250
-49.0800000000,-0.0079531250
-49.0400000000,-0.0061562500
-49.0000000000,-0.0036250000
-48.9600000000,-0.0024531250
-48.9200000000,-0.0044531250
-48.8800000000,-0.0061718750
-48.8400000000,-0.0059062500
-48.8000000000,-0.0049687500
-48.7600000000,-0.0052031250
-48.7200000000,-0.0068437500
-48.6800000000,-0.0082343750
-48.6400000000,-0.0061562500
-48.6000000000,-0.0032031250
-48.5600000000,-0.0028281250
-48.5200000000,-0.0045781250
-48.4800000000,-0.0068750000
-48.4400000000,-0.0050156250
-48.4000000000,-0.0031406250
-48.3600000000,-0.0040781250
-48.3200000000,-0.0077812500
-48.2800000000,-0.0101406250
-48.2400000000,-0.0072500000
-48.2000000000,-0.0029531250
-48.1600000000,-0.0003906250
-48.1200000000,-0.0036875000
-48.0800000000,-0.0072343750
-48.0400000000,-0.0071406250
-48.0000000000,-0.0040312500
-47.9600000000,-0.0020312500
-47.9200000000,-0.0047187500
-47.8800000000,-0.0097968750
-47.8400000000,-0.0096406250
-47.8000000000,-0.0054375000
-47.7600000000,-0.0011250000
-47.7200000000,-0.0005625000
-47.6800000000,-0.0044843750
-47.6400000000,-0.0075468750
-47.6000000000,-0.0057031250
-47.5600000000,-0.0046875000
-47.5200000000,-0.0047656250
-47.4800000000,-0.0064218750
-47.4400000000,-0.0092343750
-47.4000000000,-0.0080156250
-47.3600000000,-0.0048593750
-47.3200000000,-0.0006250000
-47.2800000000,-0.0000468750
-47.2400000000,-0.0046718750
-47.2000000000,-0.0074375000
-47.1600000000,-0.0084375000
-47.1200000000,-0.0057187500
-47.0800000000,-0.0037031250
-47.0400000000,-0.0050625000
-47.0000000000,-0.0071718750
-46.9600000000,-0.0076093750
-46.9200000000,-0.0043125000
-46.8800000000,-0.0019375000
-46.8400000000,-0.0026406250
-46.8000000000,-0.0050156250
-46.7600000000,-0.0082343750
-46.7200000000,-0.0064218750
-46.6800000000,-0.0047343750
-46.6400000000,-0.0045781250
-46.6000000000,-0.0059375000
-46.5600000000,-0.0070000000
-46.5200000000,-0.0066875000
-46.4800000000,-0.0040156250
-46.4400000000,-0.0020312500
-46.4000000000,-0.0036875000
-46.3600000000,-0.0063906250
-46.3200000000,-0.0077656250
-46.2800000000,-0.0059687500
-46.2400000000,-0.0037812500
-46.2000000000,-0.0047031250
-46.1600000000,-0.0063593750
-46.1200000000,-0.0072343750
-46.0800000000,-0.0048281250
-46.0400000000,-0.0030468750
-46.0000000000,-0.0045781250
-45.9600000000,-0.0055000000
-45.9200000000,-0.0057500000
-45.8800000000,-0.0040937500
-45.8400000000,-0.0044218750
-45.8000000000,-0.0066093750
-45.7600000000,-0.0081250000
-45.7200000000,-0.0066250000
-45.6800000000,-0.0025625000
-45.6400000000,-0.0015781250
-45.6000000000,-0.0049218750
-45.5600000000,-0.0077031250
-45.5200000000,-0.0065625000
-45.4800000000,-0.0039687500
-45.4400000000,-0.0025312500
-45.4000000000,-0.0054062500
-45.3600000000,-0.0082031250
-45.3200000000,-0.0077500000
-45.2800000000,-0.0052031250
-45.2400000000,-0.0022812500
-45.2000000000,-0.0028750000
-45.1600000000,-0.0053593750
-45.1200000000,-0.0074531250
-45.0800000000,-0.0070625000
-45.0400000000,-0.0050312500
-45.0000000000,-0.0053125000
-44.9600000000,-0.0076093750
-44.9200000000,-0.0078281250
-44.8800000000,-0.0051562500
-44.8400000000,-0.0032500000
-44.8000000000,-0.0033906250
-44.7600000000,-0.0053593750
-44.7200000000,-0.0063281250
-44.6800000000,-0.0055468750
-44.6400000000,-0.0042031250
-44.6000000000,-0.0046406250
-44.5600000000,-0.0064375000
-44.5200000000,-0.0074531250
-44.4800000000,-0.0065625000
-44.4400000000,-0.0045625000
-44.4000000000,-0.0034375000
-44.3600000000,-0.0034375000
-44.3200000000,-0.0051250000
-44.2800000000,-0.0054531250
-44.2400000000,-0.0061093750
-44.2000000000,-0.0056406250
-44.1600000000,-0.0043750000
-44.1200000000,-0.0061406250
-44.0800000000,-0.0065625000
-44.0400000000,-0.0055156250
-44.0000000000,-0.0036875000
-43.9600000000,-0.0027812500
-43.9200000000,-0.0045625000
-43.8800000000,-0.0068281250
-43.8400000000,-0.0070156250
-43.8000000000,-0.0053906250
-43.7600000000,-0.0037187500
-43.7200000000,-0.0054375000
-43.6800000000,-0.0083437500
-43.6400000000,-0.0075156250
-43.6000000000,-0.0044531250
-43.5600000000,-0.0014687500
-43.5200000000,-0.0029218750
-43.4800000000,-0.0068437500
-43.4400000000,-0.0079843750
-43.4000000000,-0.0063906250
-43.3600000000,-0.0026406250
-43.3200000000,-0.0024531250
-43.2800000000,-0.0061093750
-43.2400000000,-0.0089218750
-43.2000000000,-0.0070468750
-43.1600000000,-0.0034375000
-43.1200000000,-0.0004218750
-43.0800000000,-0.0027500000
-43.0400000000,-0.0078281250
-43.0000000000,-0.0079375000
-42.9600000000,-0.0067343750
-42.9200000000,-0.0046562500
-42.8800000000,-0.0043125000
-42.8400000000,-0.0055156250
-42.8000000000,-0.0052968750
-42.7600000000,-0.0043437500
-42.7200000000,-0.0045000000
-42.6800000000,-0.0041718750
-42.6400000000,-0.0047500000
-42.6000000000,-0.0052812500
-42.5600000000,-0.0049843750
-42.5200000000,-0.0065000000
-42.4800000000,-0.0066093750
-42.4400000000,-0.0041093750
-42.4000000000,-0.0039375000
-42.3600000000,-0.0037187500
-42.3200000000,-0.0054375000
-42.2800000000,-0.0072656250
-42.2400000000,-0.0062187500
-42.2000000000,-0.0043125000
-42.1600000000,-0.0041406250
-42.1200000000,-0.0045312500
-42.0800000000,-0.0073281250
-42.0400000000,-0.0076093750
-42.0000000000,-0.0062187500
-41.9600000000,-0.0040312500
-41.9200000000,-0.0036718750
-41.8800000000,-0.0062968750
-41.8400000000,-0.0074687500
-41.8000000000,-0.0067656250
-41.7600000000,-0.0040937500
-41.7200000000,-0.0029062500
-41.6800000000,-0.0040781250
-41.6400000000,-0.0060625000
-41.6000000000,-0.0060781250
-41.5600000000,-0.0041718750
-41.5200000000,-0.0043125000
-41.4800000000,-0.0037968750
-41.4400000000,-0.0061406250
-41.4000000000,-0.0063437500
-41.3600000000,-0.0053906250
-41.3200000000,-0.0051093750
-41.2800000000,-0.0034218750
-41.2400000000,-0.0034218750
-41.2000000000,-0.0044218750
-41.1600000000,-0.0053281250
-41.1200000000,-0.0051406250
-41.0800000000,-0.0053750000
-41.0400000000,-0.0048125000
-41.0000000000,-0.0056718750
-40.9600000000,-0.0069375000
-40.9200000000,-0.0043906250
-40.8800000000,-0.0037187500
-40.8400000000,-0.0039375000
-40.8000000000,-0.0057343750
-40.7600000000,-0.0068281250
-40.7200000000,-0.0041875000
-40.6800000000,-0.0034687500
-40.6400000000,-0.0038906250
-40.6000000000,-0.0071875000
-40.5600000000,-0.0083593750
-40.5200000000,-0.0061250000
-40.4800000000,-0.0024843750
-40.4400000000,-0.0023593750
-40.4000000000,-0.0042968750
-40.3600000000,-0.0068281250
-40.3200000000,-0.0068750000
-40.2800000000,-0.0057968750
-40.2400000000,-0.0049218750
-40.2000000000,-0.0052812500
-40.1600000000,-0.0056562500
-40.1200000000,-0.0061093750
-40.0800000000,-0.0062343750
-40.0400000000,-0.0051093750
-40.0000000000,-0.0033906250
-39.9600000000,-0.0035156250
-39.9200000000,-0.0047968750
-39.8800000000,-0.0068281250
-39.8400000000,-0.0087187500
-39.8000000000,-0.0061562500
-39.7600000000,-0.0036875000
-39.7200000000,-0.0030625000
-39.6800000000,-0.0042031250
-39.6400000000,-0.0057812500
-39.6000000000,-0.0059218750
-39.5600000000,-0.0055468750
-39.5200000000,-0.0042812500
-39.4800000000,-0.0050781250
-39.4400000000,-0.0067187500
-39.4000000000,-0.0078125000
-39.3600000000,-0.0062812500
-39.3200000000,-0.0045937500
-39.2800000000,-0.0017187500
-39.2400000000,-0.0028437500
-39.2000000000,-0.0070468750
-39.1600000000,-0.0086562500
-39.1200000000,-0.0071562500
-39.0800000000,-0.0035000000
-39.0400000000,-0.0023437500
-39.0000000000,-0.0056406250
-38.9600000000,-0.0077343750
-38.9200000000,-0.0067343750
-38.8800000000,-0.0027656250
-38.8400000000,-0.0019375000
-38.8000000000,-0.0050312500
-38.7600000000,-0.0077812500
-38.7200000000,-0.0070000000
-38.6800000000,-0.0044375000
-38.6400000000,-0.0028906250
-38.6000000000,-0.0047968750
-38.5600000000,-0.0070937500
-38.5200000000,-0.0081093750
-38.4800000000,-0.0058437500
-38.4400000000,-0.0036875000
-38.4000000000,-0.0035625000
-38.3600000000,-0.0049375000
-38.3200000000,-0.0069062500
-38.2800000000,-0.0054843750
-38.2400000000,-0.0035468750
-38.2000000000,-0.0030312500
-38.1600000000,-0.0061093750
-38.1200000000,-0.0089687500
-38.0800000000,-0.0081718750
-38.0400000000,-0.0046093750
-38.0000000000,-0.0018125000
-37.9600000000,-0.0041093750
-37.9200000000,-0.0058281250
-37.8800000000,-0.0056718750
-37.8400000000,-0.0038125000
-37.8000000000,-0.0023593750
-37.7600000000,-0.0051562500
-37.7200000000,-0.0077343750
-37.6800000000,-0.0085468750
-37.6400000000,-0.0062656250
-37.6000000000,-0.0032343750
-37.5600000000,-0.0041562500
-37.5200000000,-0.0052343750
-37.4800000000,-0.0066562500
-37.4400000000,-0.0052968750
-37.4000000000,-0.0037812500
-37.3600000000,-0.0031406250
-37.3200000000,-0.0061875000
-37.2800000000,-0.0093281250
-37.2400000000,-0.0090937500
-37.2000000000,-0.0060625000
-37.1600000000,-0.0037187500
-37.1200000000,-0.0040937500
-37.0800000000,-0.0057968750
-37.0400000000,-0.0060468750
-37.0000000000,-0.0036250000
-36.9600000000,-0.0016718750
-36.9200000000,-0.0028906250
-36.8800000000,-0.0070625000
-36.8400000000,-0.0091875000
-36.8000000000,-0.0080312500
-36.7600000000,-0.0047656250
-36.7200000000,-0.0025937500
-36.6800000000,-0.0025312500
-36.6400000000,-0.0043125000
-36.6000000000,-0.0043281250
-36.5600000000,-0.0054218750
-36.5200000000,-0.0044218750
-36.4800000000,-0.0051250000
-36.4400000000,-0.0055312500
-36.4000000000,-0.0061718750
-36.3600000000,-0.0075625000
-36.3200000000,-0.0057343750
-36.2800000000,-0.0040156250
-36.2400000000,-0.0033750000
-36.2000000000,-0.0033593750
-36.1600000000,-0.0054062500
-36.1200000000,-0.0063281250
-36.0800000000,-0.0051250000
-36.0400000000,-0.0055000000
-36.0000000000,-0.0060000000
-35.9600000000,-0.0064375000
-35.9200000000,-0.0072343750
-35.8800000000,-0.0062031250
-35.8400000000,-0.0054843750
-35.8000000000,-0.0050468750
-35.7600000000,-0.0046406250
-35.7200000000,-0.0047968750
-35.6800000000,-0.0045312500
-35.6400000000,-0.0041718750
-35.6000000000,-0.0044375000
-35.5600000000,-0.0058281250
-35.5200000000,-0.0076406250
-35.4800000000,-0.0088281250
-35.4400000000,-0.0076406250
-35.4000000000,-0.0042968750
-35.3600000000,-0.0011562500
-35.3200000000,-0.0022343750
-35.2800000000,-0.0058906250
-35.2400000000,-0.0070781250
-35.2000000000,-0.0057187500
-35.1600000000,-0.0019062500
-35.1200000000,-0.0032656250
-35.0800000000,-0.0078281250
-35.0400000000,-0.0096093750
-35.0000000000,-0.0081718750
-34.9600000000,-0.0031562500
-34.9200000000,-0.0006250000
-34.8800000000,-0.0032343750
-34.8400000000,-0.0060156250
-34.8000000000,-0.0061718750
-34.7600000000,-0.0047500000
-34.7200000000,-0.0036250000
-34.6800000000,-0.0056406250
-34.6400000000,-0.0083906250
-34.6000000000,-0.0092031250
-34.5600000000,-0.0062187500
-34.5200000000,-0.0043281250
-34.4800000000,-0.0029687500
-34.4400000000,-0.0050468750
-34.4000000000,-0.0054531250
-34.3600000000,-0.0037500000
-34.3200000000,-0.0025312500
-34.2800000000,-0.0037031250
-34.2400000000,-0.0067187500
-34.2000000000,-0.0087968750
-34.1600000000,-0.0070625000
-34.1200000000,-0.0050312500
-34.0800000000,-0.0037812500
-34.0400000000,-0.0050625000
-34.0000000000,-0.0052656250
-33.9600000000,-0.0036562500
-33.9200000000,-0.0021875000
-33.8800000000,-0.0035468750
-33.8400000000,-0.0062656250
-33.8000000000,-0.0085156250
-33.7600000000,-0.0068125000
-33.7200000000,-0.0045312500
-33.6800000000,-0.0041406250
-33.6400000000,-0.0060937500
-33.6000000000,-0.0069687500
-33.5600000000,-0.0058281250
-33.5200000000,-0.0034531250
-33.4800000000,-0.0039062500
-33.4400000000,-0.0058437500
-33.4000000000,-0.0076406250
-33.3600000000,-0.0060937500
-33.3200000000,-0.0043437500
-33.2800000000,-0.0050937500
-33.2400000000,-0.0069218750
-33.2000000000,-0.0076875000
-33.1600000000,-0.0052031250
-33.1200000000,-0.0035000000
-33.0800000000,-0.0044375000
-33.0400000000,-0.0054843750
-33.0000000000,-0.0062343750
-32.9600000000,-0.0044687500
-32.9200000000,-0.0035312500
-32.8800000000,-0.0054062500
-32.8400000000,-0.0070625000
-32.8000000000,-0.0065468750
-32.7600000000,-0.0046562500
-32.7200000000,-0.0030625000
-32.6800000000,-0.0043281250
-32.6400000000,-0.0062812500
-32.6000000000,-0.0066718750
-32.5600000000,-0.0051250000
-32.5200000000,-0.0037812500
-32.4800000000,-0.0044218750
-32.4400000000,-0.0071093750
-32.4000000000,-0.0085156250
-32.3600000000,-0.0072500000
-32.3200000000,-0.0031250000
-32.2800000000,-0.0012656250
-32.2400000000,-0.0031250000
-32.2000000000,-0.0056875000
-32.1600000000,-0.0079531250
-32.1200000000,-0.0052968750
-32.0800000000,-0.0029843750
-32.0400000000,-0.0046406250
-32.0000000000,-0.0072500000
-31.9600000000,-0.0079687500
-31.9200000000,-0.0040312500
-31.8800000000,-0.0005000000
-31.8400000000,-0.0017968750
-31.8000000000,-0.0054687500
-31.7600000000,-0.0080781250
-31.7200000000,-0.0069062500
-31.6800000000,-0.0035781250
-31.6400000000,-0.0037656250
-31.6000000000,-0.0055156250
-31.5600000000,-0.0073750000
-31.5200000000,-0.0065312500
-31.4800000000,-0.0030000000
-31.4400000000,-0.0016875000
-31.4000000000,-0.0040937500
-31.3600000000,-0.0072500000
-31.3200000000,-0.0085000000
-31.2800000000,-0.0062812500
-31.2400000000,-0.0033593750
-31.2000000000,-0.0033750000
-31.1600000000,-0.0056875000
-31.1200000000,-0.0072343750
-31.0800000000,-0.0061250000
-31.0400000000,-0.0037656250
-31.0000000000,-0.0024375000
-30.9600000000,-0.0041875000
-30.9200000000,-0.0069375000
-30.8800000000,-0.0079843750
-30.8400000000,-0.0059843750
-30.8000000000,-0.0035468750
-30.7600000000,-0.0034843750
-30.7200000000,-0.0056406250
-30.6800000000,-0.0072812500
-30.6400000000,-0.0055937500
-30.6000000000,-0.0050312500
-30.5600000000,-0.0048437500
-30.5200000000,-0.0056406250
-30.4800000000,-0.0066093750
-30.4400000000,-0.0048906250
-30.4000000000,-0.0051250000
-30.3600000000,-0.0054687500
-30.3200000000,-0.0056250000
-30.2800000000,-0.0052500000
-30.2400000000,-0.0045781250
-30.2000000000,-0.0042500000
-30.1600000000,-0.0060312500
-30.1200000000,-0.0061250000
-30.0800000000,-0.0051250000
-30.0400000000,-0.0045468750
-30.0000000000,-0.0039531250
-29.9600000000,-0.0052812500
-29.9200000000,-0.0051562500
-29.8800000000,-0.0042812500
-29.8400000000,-0.0035625000
-29.8000000000,-0.0044687500
-29.7600000000,-0.0052500000
-29.7200000000,-0.0067031250
-29.6800000000,-0.0065312500
-29.6400000000,-0.0048906250
-29.6000000000,-0.0040312500
-29.5600000000,-0.0050000000
-29.5200000000,-0.0055937500
-29.4800000000,-0.0062968750
-29.4400000000,-0.0050156250
-29.4000000000,-0.0037812500
-29.3600000000,-0.0043281250
-29.3200000000,-0.0061718750
-29.2800000000,-0.0065468750
-29.2400000000,-0.0067968750
-29.2000000000,-0.0045000000
-29.1600000000,-0.0046406250
-29.1200000000,-0.0057031250
-29.0800000000,-0.0072656250
-29.0400000000,-0.0074843750
-29.0000000000,-0.0052812500
-28.9600000000,-0.0028593750
-28.9200000000,-0.0028750000
-28.8800000000,-0.0040937500
-28.8400000000,-0.0065156250
-28.8000000000,-0.0077500000
-28.7600000000,-0.0058125000
-28.7200000000,-0.0036875000
-28.6800000000,-0.0032031250
-28.6400000000,-0.0051250000
-28.6000000000,-0.0078593750
-28.5600000000,-0.0063281250
-28.5200000000,-0.0040937500
-28.4800000000,-0.0027812500
-28.4400000000,-0.0041718750
-28.4000000000,-0.0066875000
-28.3600000000,-0.0079531250
-28.3200000000,-0.0065781250
-28.2800000000,-0.0041875000
-28.2400000000,-0.0030000000
-28.2000000000,-0.0051093750
-28.1600000000,-0.0077187500
-28.1200000000,-0.0069062500
-28.0800000000,-0.0050937500
-28.0400000000,-0.0036718750
-28.0000000000,-0.0046718750
-27.9600000000,-0.0061562500
-27.9200000000,-0.0074218750
-27.8800000000,-0.0060781250
-27.8400000000,-0.0040312500
-27.8000000000,-0.0039843750
-27.7600000000,-0.0061250000
-27.7200000000,-0.0085468750
-27.6800000000,-0.0070781250
-27.6400000000,-0.0034843750
-27.6000000000,-0.0018593750
-27.5600000000,-0.0053593750
-27.5200000000,-0.0084062500
-27.4800000000,-0.0082968750
-27.4400000000,-0.0039843750
-27.4000000000,-0.0008593750
-27.3600000000,-0.0027343750
-27.3200000000,-0.0054218750
-27.2800000000,-0.0074531250
-27.2400000000,-0.0063593750
-27.2000000000,-0.0033906250
-27.1600000000,-0.0037812500
-27.1200000000,-0.0047187500
-27.0800000000,-0.0067812500
-27.0400000000,-0.0061093750
-27.0000000000,-0.0047968750
-26.9600000000,-0.0034843750
-26.9200000000,-0.0035468750
-26.8800000000,-0.0052343750
-26.8400000000,-0.0064531250
-26.8000000000,-0.0064531250
-26.7600000000,-0.0050312500
-26.7200000000,-0.0036406250
-26.6800000000,-0.0044687500
-26.6400000000,-0.0081562500
-26.6000000000,-0.0084843750
-26.5600000000,-0.0065156250
-26.5200000000,-0.0025312500
-26.4800000000,-0.0029531250
-26.4400000000,-0.0058750000
-26.4000000000,-0.0081093750
-26.3600000000,-0.0066093750
-26.3200000000,-0.0032812500
-26.2800000000,-0.0030468750
-26.2400000000,-0.0062031250
-26.2000000000,-0.0083125000
-26.1600000000,-0.0070781250
-26.1200000000,-0.0036250000
-26.0800000000,-0.0019687500
-26.0400000000,-0.0047656250
-26.0000000000,-0.0071093750
-25.9600000000,-0.0081250000
-25.9200000000,-0.0041093750
-25.8800000000,-0.0022343750
-25.8400000000,-0.0039531250
-25.8000000000,-0.0068125000
-25.7600000000,-0.0086093750
-25.7200000000,-0.0059375000
-25.6800000000,-0.0032656250
-25.6400000000,-0.0041093750
-25.6000000000,-0.0069062500
-25.5600000000,-0.0070468750
-25.5200000000,-0.0064687500
-25.4800000000,-0.0035156250
-25.4400000000,-0.0032500000
-25.4000000000,-0.0041875000
-25.3600000000,-0.0051093750
-25.3200000000,-0.0063750000
-25.2800000000,-0.0056718750
-25.2400000000,-0.0055625000
-25.2000000000,-0.0062500000
-25.1600000000,-0.0058437500
-25.1200000000,-0.0061093750
-25.0800000000,-0.0060312500
-25.0400000000,-0.0039062500
-25.0000000000,-0.0036875000
-24.9600000000,-0.0041875000
-24.9200000000,-0.0053906250
-24.8800000000,-0.0062656250
-24.8400000000,-0.0046093750
-24.8000000000,-0.0042500000
-24.7600000000,-0.0052343750
-24.7200000000,-0.0058906250
-24.6800000000,-0.0066250000
-24.6400000000,-0.0042500000
-24.6000000000,-0.0037812500
-24.5600000000,-0.0038281250
-24.5200000000,-0.0053593750
-24.4800000000,-0.0060781250
-24.4400000000,-0.0043750000
-24.4000000000,-0.0028906250
-24.3600000000,-0.0034843750
-24.3200000000,-0.0061562500
-24.2800000000,-0.0075937500
-24.2400000000,-0.0072187500
-24.2000000000,-0.0046093750
-24.1600000000,-0.0035468750
-24.1200000000,-0.0046562500
-24.0800000000,-0.0053281250
-24.0400000000,-0.0066093750
-24.0000000000,-0.0052812500
-23.9600000000,-0.0044375000
-23.9200000000,-0.0042812500
-23.8800000000,-0.0042343750
-23.8400000000,-0.0052187500
-23.8000000000,-0.0055156250
-23.7600000000,-0.0066093750
-23.7200000000,-0.0057187500
-23.6800000000,-0.0049218750
-23.6400000000,-0.0043125000
-23.6000000000,-0.0038593750
-23.5600000000,-0.0055000000
-23.5200000000,-0.0057343750
-23.4800000000,-0.0051875000
-23.4400000000,-0.0045156250
-23.4000000000,-0.0044375000
-23.3600000000,-0.0055937500
-23.3200000000,-0.0069375000
-23.2800000000,-0.0061250000
-23.2400000000,-0.0046406250
-23.2000000000,-0.0048750000
-23.1600000000,-0.0060156250
-23.1200000000,-0.0065312500
-23.0800000000,-0.0065625000
-23.0400000000,-0.0042343750
-23.0000000000,-0.0028593750
-22.9600000000,-0.0043593750
-22.9200000000,-0.0056875000
-22.8800000000,-0.0065468750
-22.8400000000,-0.0057343750
-22.8000000000,-0.0042656250
-22.7600000000,-0.0049843750
-22.7200000000,-0.0056562500
-22.6800000000,-0.0052968750
-22.6400000000,-0.0055781250
-22.6000000000,-0.0047031250
-22.5600000000,-0.0042343750
-22.5200000000,-0.0052812500
-22.4800000000,-0.0046093750
-22.4400000000,-0.0053125000
-22.4000000000,-0.0053906250
-22.3600000000,-0.0048437500
-22.3200000000,-0.0049843750
-22.2800000000,-0.0051562500
-22.2400000000,-0.0060000000
-22.2000000000,-0.0064687500
-22.1600000000,-0.0058593750
-22.1200000000,-0.0049375000
-22.0800000000,-0.0044218750
-22.0400000000,-0.0048593750
-22.0000000000,-0.0052187500
-21.9600000000,-0.0057968750
-21.9200000000,-0.0060468750
-21.8800000000,-0.0050000000
-21.8400000000,-0.0043437500
-21.8000000000,-0.0053593750
-21.7600000000,-0.0073750000
-21.7200000000,-0.0074062500
-21.6800000000,-0.0064687500
-21.6400000000,-0.0031875000
-21.6000000000,-0.0020937500
-21.5600000000,-0.0050312500
-21.5200000000,-0.0073281250
-21.4800000000,-0.0074843750
-21.4400000000,-0.0042187500
-21.4000000000,-0.0031562500
-21.3600000000,-0.0060781250
-21.3200000000,-0.0088750000
-21.2800000000,-0.0082812500
-21.2400000000,-0.0051875000
-21.2000000000,-0.0028125000
-21.1600000000,-0.0034218750
-21.1200000000,-0.0054375000
-21.0800000000,-0.0063593750
-21.0400000000,-0.0052031250
-21.0000000000,-0.0050625000
-20.9600000000,-0.0059531250
-20.9200000000,-0.0069375000
-20.8800000000,-0.0063906250
-20.8400000000,-0.0044843750
-20.8000000000,-0.0039062500
-20.7600000000,-0.0047343750
-20.7200000000,-0.0060156250
-20.6800000000,-0.0062343750
-20.6400000000,-0.0051875000
-20.6000000000,-0.0052968750
-20.5600000000,-0.0060156250
-20.5200000000,-0.0066406250
-20.4800000000,-0.0064375000
-20.4400000000,-0.0054531250
-20.4000000000,-0.0049843750
-20.3600000000,-0.0049531250
-20.3200000000,-0.0047031250
-20.2800000000,-0.0050781250
-20.2400000000,-0.0056718750
-20.2000000000,-0.0058281250
-20.1600000000,-0.0055000000
-20.1200000000,-0.0049531250
-20.0800000000,-0.0056875000
-20.0400000000,-0.0066093750
-20.0000000000,-0.0074375000
-19.9600000000,-0.0046875000
-19.9200000000,-0.0023593750
-19.8800000000,-0.0022656250
-19.8400000000,-0.0042343750
-19.8000000000,-0.0060156250
-19.7600000000,-0.0057187500
-19.7200000000,-0.0042343750
-19.6800000000,-0.0050156250
-19.6400000000,-0.0065156250
-19.6000000000,-0.0070156250
-19.5600000000,-0.0053125000
-19.5200000000,-0.0033125000
-19.4800000000,-0.0036250000
-19.4400000000,-0.0042031250
-19.4000000000,-0.0059062500
-19.3600000000,-0.0062500000
-19.3200000000,-0.0057187500
-19.2800000000,-0.0055156250
-19.2400000000,-0.0060000000
-19.2000000000,-0.0070781250
-19.1600000000,-0.0069843750
-19.1200000000,-0.0059531250
-19.0800000000,-0.0047343750
-19.0400000000,-0.0031875000
-19.0000000000,-0.0037500000
-18.9600000000,-0.0052187500
-18.9200000000,-0.0058281250
-18.8800000000,-0.0054687500
-18.8400000000,-0.0049687500
-18.8000000000,-0.0062031250
-18.7600000000,-0.0073437500
-18.7200000000,-0.0063437500
-18.6800000000,-0.0051406250
-18.6400000000,-0.0035781250
-18.6000000000,-0.0041406250
-18.5600000000,-0.0055468750
-18.5200000000,-0.0057812500
-18.4800000000,-0.0049375000
-18.4400000000,-0.0047343750
-18.4000000000,-0.0056093750
-18.3600000000,-0.0075625000
-18.3200000000,-0.0070937500
-18.2800000000,-0.0055625000
-18.2400000000,-0.0043750000
-18.2000000000,-0.0038906250
-18.1600000000,-0.0053125000
-18.1200000000,-0.0062656250
-18.0800000000,-0.0060781250
-18.0400000000,-0.0051562500
-18.0000000000,-0.0046406250
-17.9600000000,-0.0052656250
-17.9200000000,-0.0066093750
-17.8800000000,-0.0061562500
-17.8400000000,-0.0050156250
-17.8000000000,-0.0047656250
-17.7600000000,-0.0057968750
-17.7200000000,-0.0061406250
-17.6800000000,-0.0052500000
-17.6400000000,-0.0040000000
-17.6000000000,-0.0041093750
-17.5600000000,-0.0055156250
-17.5200000000,-0.0054687500
-17.4800000000,-0.0061250000
-17.4400000000,-0.0043437500
-17.4000000000,-0.0045000000
-17.3600000000,-0.0051875000
-17.3200000000,-0.0053437500
-17.2800000000,-0.0055156250
-17.2400000000,-0.0056875000
-17.2000000000,-0.0057500000
-17.1600000000,-0.0055156250
-17.1200000000,-0.0046250000
-17.0800000000,-0.0047031250
-17.0400000000,-0.0048281250
-17.0000000000,-0.0051718750
-16.9600000000,-0.0062343750
-16.9200000000,-0.0061562500
-16.8800000000,-0.0048906250
-16.8400000000,-0.0037812500
-16.8000000000,-0.0037187500
-16.7600000000,-0.0053437500
-16.7200000000,-0.0067968750
-16.6800000000,-0.0066718750
-16.6400000000,-0.0059843750
-16.6000000000,-0.0049375000
-16.5600000000,-0.0042500000
-16.5200000000,-0.0057187500
-16.4800000000,-0.0053125000
-16.4400000000,-0.0043750000
-16.4000000000,-0.0039843750
-16.3600000000,-0.0058125000
-16.3200000000,-0.0068437500
-16.2800000000,-0.0065000000
-16.2400000000,-0.0053125000
-16.2000000000,-0.0051250000
-16.1600000000,-0.0065156250
-16.1200000000,-0.0075781250
-16.0800000000,-0.0055468750
-16.0400000000,-0.0028125000
-16.0000000000,-0.0018906250
-15.9600000000,-0.0044218750
-15.9200000000,-0.0072031250
-15.8800000000,-0.0073750000
-15.8400000000,-0.0045625000
-15.8000000000,-0.0040468750
-15.7600000000,-0.0052812500
-15.7200000000,-0.0072812500
-15.6800000000,-0.0063906250
-15.6400000000,-0.0043750000
-15.6000000000,-0.0030000000
-15.5600000000,-0.0043281250
-15.5200000000,-0.0064375000
-15.4800000000,-0.0063906250
-15.4400000000,-0.0050625000
-15.4000000000,-0.0040781250
-15.3600000000,-0.0049531250
-15.3200000000,-0.0071250000
-15.2800000000,-0.0076875000
-15.2400000000,-0.0062031250
-15.2000000000,-0.0041875000
-15.1600000000,-0.0039375000
-15.1200000000,-0.0057968750
-15.0800000000,-0.0072343750
-15.0400000000,-0.0071093750
-15.0000000000,-0.0049843750
-14.9600000000,-0.0038593750
-14.9200000000,-0.0035937500
-14.8800000000,-0.0045156250
-14.8400000000,-0.0055937500
-14.8000000000,-0.0061562500
-14.7600000000,-0.0054218750
-14.7200000000,-0.0037656250
-14.6800000000,-0.0042187500
-14.6400000000,-0.0050312500
-14.6000000000,-0.0059531250
-14.5600000000,-0.0068125000
-14.5200000000,-0.0045468750
-14.4800000000,-0.0035468750
-14.4400000000,-0.0038281250
-14.4000000000,-0.0051562500
-14.3600000000,-0.0076875000
-14.3200000000,-0.0060312500
-14.2800000000,-0.0051875000
-14.2400000000,-0.0046718750
-14.2000000000,-0.0055781250
-14.1600000000,-0.0068906250
-14.1200000000,-0.0071562500
-14.0800000000,-0.0050468750
-14.0400000000,-0.0031875000
-14.0000000000,-0.0034843750
-13.9600000000,-0.0054687500
-13.9200000000,-0.0072187500
-13.8800000000,-0.0065000000
-13.8400000000,-0.0046718750
-13.8000000000,-0.0031093750
-13.7600000000,-0.0047812500
-13.7200000000,-0.0081093750
-13.6800000000,-0.0088593750
-13.6400000000,-0.0066250000
-13.6000000000,-0.0031406250
-13.5600000000,-0.0018750000
-13.5200000000,-0.0044687500
-13.4800000000,-0.0076562500
-13.4400000000,-0.0061562500
-13.4000000000,-0.0038125000
-13.3600000000,-0.0013750000
-13.3200000000,-0.0045625000
-13.2800000000,-0.0090468750
-13.2400000000,-0.0094531250
-13.2000000000,-0.0053750000
-13.1600000000,-0.0007656250
-13.1200000000,-0.0019218750
-13.0800000000,-0.0056562500
-13.0400000000,-0.0078750000
-13.0000000000,-0.0055625000
-12.9600000000,-0.0025156250
-12.9200000000,-0.0038281250
-12.8800000000,-0.0065937500
-12.8400000000,-0.0089375000
-12.8000000000,-0.0072343750
-12.7600000000,-0.0047343750
-12.7200000000,-0.0037031250
-12.6800000000,-0.0048750000
-12.6400000000,-0.0061406250
-12.6000000000,-0.0055781250
-12.5600000000,-0.0043593750
-12.5200000000,-0.0041875000
-12.4800000000,-0.0054375000
-12.4400000000,-0.0077812500
-12.4000000000,-0.0071250000
-12.3600000000,-0.0051250000
-12.3200000000,-0.0038281250
-12.2800000000,-0.0056093750
-12.2400000000,-0.0071093750
-12.2000000000,-0.0075937500
-12.1600000000,-0.0045468750
-12.1200000000,-0.0024062500
-12.0800000000,-0.0042343750
-12.0400000000,-0.0068125000
-12.0000000000,-0.0078750000
-11.9600000000,-0.0046093750
-11.9200000000,-0.0017656250
-11.8800000000,-0.0025781250
-11.8400000000,-0.0055468750
-11.8000000000,-0.0079531250
-11.7600000000,-0.0048437500
-11.7200000000,-0.0029375000
-11.6800000000,-0.0040000000
-11.6400000000,-0.0062812500
-11.6000000000,-0.0076562500
-11.5600000000,-0.0061562500
-11.5200000000,-0.0036093750
-11.4800000000,-0.0036093750
-11.4400000000,-0.0041875000
-11.4000000000,-0.0058906250
-11.3600000000,-0.0067968750
-11.3200000000,-0.0054375000
-11.2800000000,-0.0050937500
-11.2400000000,-0.0052812500
-11.2000000000,-0.0067656250
-11.1600000000,-0.0079062500
-11.1200000000,-0.0061406250
-11.0800000000,-0.0029531250
-11.0400000000,-0.0017343750
-11.0000000000,-0.0039062500
-10.9600000000,-0.0059531250
-10.9200000000,-0.0058593750
-10.8800000000,-0.0047968750
-10.8400000000,-0.0052187500
-10.8000000000,-0.0069218750
-10.7600000000,-0.0073906250
-10.7200000000,-0.0064687500
-10.6800000000,-0.0043750000
-10.6400000000,-0.0032500000
-10.6000000000,-0.0040156250
-10.5600000000,-0.0051562500
-10.5200000000,-0.0051875000
-10.4800000000,-0.0036875000
-10.4400000000,-0.0039531250
-10.4000000000,-0.0067187500
-10.3600000000,-0.0078281250
-10.3200000000,-0.0082812500
-10.2800000000,-0.0061562500
-10.2400000000,-0.0034062500
-10.2000000000,-0.0027968750
-10.1600000000,-0.0042343750
-10.1200000000,-0.0055312500
-10.0800000000,-0.0057343750
-10.0400000000,-0.0049062500
-10.0000000000,-0.0048125000
-9.9600000000,-0.0053593750
-9.9200000000,-0.0072187500
-9.8800000000,-0.0070000000
-9.8400000000,-0.0053593750
-9.8000000000,-0.0033593750
-9.7600000000,-0.0035781250
-9.7200000000,-0.0056875000
-9.6800000000,-0.0068750000
-9.6400000000,-0.0059843750
-9.6000000000,-0.0046718750
-9.5600000000,-0.0049687500
-9.5200000000,-0.0054218750
-9.4800000000,-0.0058906250
-9.4400000000,-0.0042343750
-9.4000000000,-0.0044062500
-9.3600000000,-0.0057343750
-9.3200000000,-0.0066875000
-9.2800000000,-0.0065937500
-9.2400000000,-0.0039218750
-9.2000000000,-0.0040781250
-9.1600000000,-0.0061250000
-9.1200000000,-0.0069062500
-9.0800000000,-0.0062500000
-9.0400000000,-0.0035156250
-9.0000000000,-0.0040156250
-8.9600000000,-0.0059531250
-8.9200000000,-0.0072031250
-8.8800000000,-0.0056718750
-8.8400000000,-0.0044531250
-8.8000000000,-0.0050156250
-8.7600000000,-0.0059687500
-8.7200000000,-0.0059687500
-8.6800000000,-0.0047812500
-8.6400000000,-0.0041250000
-8.6000000000,-0.0056093750
-8.5600000000,-0.0060937500
-8.5200000000,-0.0049687500
-8.4800000000,-0.0032031250
-8.4400000000,-0.0040781250
-8.4000000000,-0.0062031250
-8.3600000000,-0.0062031250
-8.3200000000,-0.0054062500
-8.2800000000,-0.0043281250
-8.2400000000,-0.0052656250
-8.2000000000,-0.0068125000
-8.1600000000,-0.0060156250
-8.1200000000,-0.0046250000
-8.0800000000,-0.0032500000
-8.0400000000,-0.0046250000
-8.0000000000,-0.0061718750
-7.9600000000,-0.0063750000
-7.9200000000,-0.0046562500
-7.8800000000,-0.0044375000
-7.8400000000,-0.0053437500
-7.8000000000,-0.0062968750
-7.7600000000,-0.0068437500
-7.7200000000,-0.0058906250
-7.6800000000,-0.0055625000
-7.6400000000,-0.0050156250
-7.6000000000,-0.0045937500
-7.5600000000,-0.0041718750
-7.5200000000,-0.0040312500
-7.4800000000,-0.0047343750
-7.4400000000,-0.0068281250
-7.4000000000,-0.0075312500
-7.3600000000,-0.0072656250
-7.3200000000,-0.0051875000
-7.2800000000,-0.0046875000
-7.2400000000,-0.0061562500
-7.2000000000,-0.0067812500
-7.1600000000,-0.0063750000
-7.1200000000,-0.0029375000
-7.0800000000,-0.0005937500
-7.0400000000,-0.0032031250
-7.0000000000,-0.0073906250
-6.9600000000,-0.0085468750
-6.9200000000,-0.0064843750
-6.8800000000,-0.0034843750
-6.8400000000,-0.0038437500
-6.8000000000,-0.0065468750
-6.7600000000,-0.0072500000
-6.7200000000,-0.0053125000
-6.6800000000,-0.0018125000
-6.6400000000,-0.0009218750
-6.6000000000,-0.0047968750
-6.5600000000,-0.0089843750
-6.5200000000,-0.0089218750
-6.4800000000,-0.0051718750
-6.4400000000,-0.0019843750
-6.4000000000,-0.0040625000
-6.3600000000,-0.0080625000
-6.3200000000,-0.0079218750
-6.2800000000,-0.0051718750
-6.2400000000,-0.0023593750
-6.2000000000,-0.0035937500
-6.1600000000,-0.0061718750
-6.1200000000,-0.0066718750
-6.0800000000,-0.0058750000
-6.0400000000,-0.0049375000
-6.0000000000,-0.0059062500
-5.9600000000,-0.0072031250
-5.9200000000,-0.0057656250
-5.8800000000,-0.0044687500
-5.8400000000,-0.0043906250
-5.8000000000,-0.0048906250
-5.7600000000,-0.0065156250
-5.7200000000,-0.0044687500
-5.6800000000,-0.0034375000
-5.6400000000,-0.0041406250
-5.6000000000,-0.0052500000
-5.5600000000,-0.0081875000
-5.5200000000,-0.0078593750
-5.4800000000,-0.0058593750
-5.4400000000,-0.0038750000
-5.4000000000,-0.0037031250
-5.3600000000,-0.0048593750
-5.3200000000,-0.0064843750
-5.2800000000,-0.0055937500
-5.2400000000,-0.0044531250
-5.2000000000,-0.0031406250
-5.1600000000,-0.0055000000
-5.1200000000,-0.0079843750
-5.0800000000,-0.0081406250
-5.0400000000,-0.0062031250
-5.0000000000,-0.0039062500
-4.9600000000,-0.0042031250
-4.9200000000,-0.0052187500
-4.8800000000,-0.0059531250
-4.8400000000,-0.0046875000
-4.8000000000,-0.0033906250
-4.7600000000,-0.0045156250
-4.7200000000,-0.0058906250
-4.6800000000,-0.0074843750
-4.6400000000,-0.0073593750
-4.6000000000,-0.0066562500
-4.5600000000,-0.0055781250
-4.5200000000,-0.0056093750
-4.4800000000,-0.0043750000
-4.4400000000,-0.0034687500
-4.4000000000,-0.0029843750
-4.3600000000,-0.0040000000
-4.3200000000,-0.0061406250
-4.2800000000,-0.0077968750
-4.2400000000,-0.0068437500
-4.2000000000,-0.0040781250
-4.1600000000,-0.0037031250
-4.1200000000,-0.0053281250
-4.0800000000,-0.0065937500
-4.0400000000,-0.0047500000
-4.0000000000,-0.0031875000
-3.9600000000,-0.0026250000
-3.9200000000,-0.0041406250
-3.8800000000,-0.0075937500
-3.8400000000,-0.0082656250
-3.8000000000,-0.0068125000
-3.7600000000,-0.0048750000
-3.7200000000,-0.0042031250
-3.6800000000,-0.0051250000
-3.6400000000,-0.0062343750
-3.6000000000,-0.0054062500
-3.5600000000,-0.0043281250
-3.5200000000,-0.0038125000
-3.4800000000,-0.0054062500
-3.4400000000,-0.0075937500
-3.4000000000,-0.0073593750
-3.3600000000,-0.0044218750
-3.3200000000,-0.0027343750
-3.2800000000,-0.0046562500
-3.2400000000,-0.0072031250
-3.2000000000,-0.0074375000
-3.1600000000,-0.0037187500
-3.1200000000,-0.0007656250
-3.0800000000,-0.0035312500
-3.0400000000,-0.0073281250
-3.0000000000,-0.0092343750
-2.9600000000,-0.0056406250
-2.9200000000,-0.0025000000
-2.8800000000,-0.0023437500
-2.8400000000,-0.0056406250
-2.8000000000,-0.0074062500
-2.7600000000,-0.0068281250
-2.7200000000,-0.0040468750
-2.6800000000,-0.0034531250
-2.6400000000,-0.0050625000
-2.6000000000,-0.0080625000
-2.5600000000,-0.0082187500
-2.5200000000,-0.0046406250
-2.4800000000,-0.0028437500
-2.4400000000,-0.0047187500
-2.4000000000,-0.0070000000
-2.3600000000,-0.0072343750
-2.3200000000,-0.0040781250
-2.2800000000,-0.0029218750
-2.2400000000,-0.0050156250
-2.2000000000,-0.0076875000
-2.1600000000,-0.0075156250
-2.1200000000,-0.0046718750
-2.0800000000,-0.0032031250
-2.0400000000,-0.0047656250
-2.0000000000,-0.0070312500
-1.9600000000,-0.0068750000
-1.9200000000,-0.0046875000
-1.8800000000,-0.0037187500
-1.8400000000,-0.0045312500
-1.8000000000,-0.0068906250
-1.7600000000,-0.0070625000
-1.7200000000,-0.0059531250
-1.6800000000,-0.0042031250
-1.6400000000,-0.0047031250
-1.6000000000,-0.0065000000
-1.5600000000,-0.0068437500
-1.5200000000,-0.0055156250
-1.4800000000,-0.0043125000
-1.4400000000,-0.0038593750
-1.4000000000,-0.0061093750
-1.3600000000,-0.0070625000
-1.3200000000,-0.0060156250
-1.2800000000,-0.0053281250
-1.2400000000,-0.0052343750
-1.2000000000,-0.0062500000
-1.1600000000,-0.0069843750
-1.1200000000,-0.0041406250
-1.0800000000,-0.0029218750
-1.0400000000,-0.0045156250
-1.0000000000,-0.0063437500
-0.9600000000,-0.0067812500
-0.9200000000,-0.0046093750
-0.8800000000,-0.0037500000
-0.8400000000,-0.0053750000
-0.8000000000,-0.0076406250
-0.7600000000,-0.0074843750
-0.7200000000,-0.0051562500
-0.6800000000,-0.0030000000
-0.6400000000,-0.0034687500
-0.6000000000,-0.0039531250
-0.5600000000,-0.0052343750
-0.5200000000,-0.0061250000
-0.4800000000,-0.0059843750
-0.4400000000,-0.0068281250
-0.4000000000,-0.0050312500
-0.3600000000,-0.0043437500
-0.3200000000,-0.0047343750
-0.2800000000,-0.0044687500
-0.2400000000,-0.0048125000
-0.2000000000,-0.0042968750
-0.1600000000,-0.0048593750
-0.1200000000,-0.0062656250
-0.0800000000,-0.0062500000
-0.0400000000,-0.0062343750
0.0000000000,0.0090625000
0.0400000000,-0.0073281250
0.0800000000,0.0011406250
0.1200000000,0.0519843750
0.1600000000,-0.0119218750
0.2000000000,-0.0920468750
0.2400000000,-0.0456875000
0.2800000000,0.0123750000
0.3200000000,-0.0293281250
0.3600000000,-0.0404062500
0.4000000000,0.0239687500
0.4400000000,0.0412500000
0.4800000000,0.0334531250
0.5200000000,0.0134062500
0.5600000000,-0.0088437500
0.6000000000,-0.0184062500
0.6400000000,-0.0425937500
0.6800000000,-0.0404687500
0.7200000000,-0.0175000000
0.7600000000,0.0229375000
0.8000000000,0.0172500000
0.8400000000,-0.0016406250
0.8800000000,0.0080781250
0.9200000000,0.0141562500
0.9600000000,-0.0042968750
1.0000000000,-0.0278281250
1.0400000000,-0.0313906250
1.0800000000,-0.0196718750
1.1200000000,-0.0010781250
1.1600000000,0.0067031250
1.2000000000,0.0082656250
1.2400000000,0.0083750000
1.2800000000,0.0049375000
1.3200000000,-0.0103593750
1.3600000000,-0.0247031250
1.4000000000,-0.0190468750
1.4400000000,-0.0147500000
1.4800000000,-0.0272656250
1.5200000000,-0.0290156250
1.5600000000,-0.0112812500
1.6000000000,-0.0018125000
1.6400000000,-0.0165312500
1.6800000000,-0.0383906250
1.7200000000,-0.0487187500
1.7600000000,-0.0411718750
1.8000000000,-0.0357812500
1.8400000000,-0.0463750000
1.8800000000,-0.0580625000
1.9200000000,-0.0521093750
1.9600000000,-0.0428125000
2.0000000000,-0.0514531250
2.0400000000,-0.0683437500
2.0800000000,-0.0762656250
2.1200000000,-0.0779843750
2.1600000000,-0.0833125000
2.2000000000,-0.0839843750
2.2400000000,-0.0813281250
2.2800000000,-0.0747031250
2.3200000000,-0.0675468750
2.3600000000,-0.0670937500
2.4000000000,-0.0682812500
2.4400000000,-0.0643750000
2.4800000000,-0.0607500000
2.5200000000,-0.0609843750
2.5600000000,-0.0560937500
2.6000000000,-0.0415312500
2.6400000000,-0.0244375000
2.6800000000,-0.0165781250
2.7200000000,-0.0101406250
2.7600000000,-0.0012812500
2.8000000000,0.0099062500
2.8400000000,0.0202343750
2.8800000000,0.0281875000
2.9200000000,0.0364531250
2.9600000000,0.0532500000
3.0000000000,0.0754218750
3.0400000000,0.0941406250
3.0800000000,0.1070156250
3.1200000000,0.1175000000
3.1600000000,0.1248906250
3.2000000000,0.1307187500
3.2400000000,0.1381562500
3.2800000000,0.1489375000
3.3200000000,0.1566406250
3.3600000000,0.1631093750
3.4000000000,0.1719531250
3.4400000000,0.1814218750
3.4800000000,0.1884531250
3.5200000000,0.1900937500
3.5600000000,0.1857656250
3.6000000000,0.1826250000
3.6400000000,0.1833281250
3.6800000000,0.1847656250
3.7200000000,0.1812656250
3.7600000000,0.1764687500
3.8000000000,0.1744218750
3.8400000000,0.1738437500
3.8800000000,0.1700625000
3.9200000000,0.1615937500
3.9600000000,0.1499687500
4.0000000000,0.1406250000
4.0400000000,0.1361093750
4.0800000000,0.1311093750
4.1200000000,0.1233281250
4.1600000000,0.1133281250
4.2000000000,0.1014375000
4.2400000000,0.0902812500
4.2800000000,0.0789687500
4.3200000000,0.0683593750
4.3600000000,0.0556406250
4.4000000000,0.0438593750
4.4400000000,0.0340937500
4.4800000000,0.0239218750
4.5200000000,0.0113281250
4.5600000000,-0.0021875000
4.6000000000,-0.0144687500
4.6400000000,-0.0253437500
4.6800000000,-0.0361718750
4.7200000000,-0.0484843750
4.7600000000,-0.0613750000
4.8000000000,-0.0740156250
4.8400000000,-0.0834218750
4.8800000000,-0.0929375000
4.9200000000,-0.1050156250
4.9600000000,-0.1189531250
5.0000000000,-0.1325312500
5.0400000000,-0.1448750000
5.0800000000,-0.1557031250
5.1200000000,-0.1673281250
5.1600000000,-0.1801562500
5.2000000000,-0.1919843750
5.2400000000,-0.2032343750
5.2800000000,-0.2154218750
5.3200000000,-0.2305937500
5.3600000000,-0.2424687500
5.4000000000,-0.2530312500
5.4400000000,-0.2627812500
5.4800000000,-0.2692968750
5.5200000000,-0.2784687500
5.5600000000,-0.2870937500
5.6000000000,-0.2937343750
5.6400000000,-0.2998593750
5.6800000000,-0.3006093750
5.7200000000,-0.3027343750
5.7600000000,-0.3047812500
5.8000000000,-0.3063281250
5.8400000000,-0.3076562500
5.8800000000,-0.3052656250
5.9200000000,-0.3040312500
5.9600000000,-0.3041718750
6.0000000000,-0.3023906250
6.0400000000,-0.2978593750
6.0800000000,-0.2908281250
6.1200000000,-0.2814218750
6.1600000000,-0.2705000000
6.2000000000,-0.2581875000
6.2400000000,-0.2438281250
6.2800000000,-0.2298437500
6.3200000000,-0.2157187500
6.3600000000,-0.1991875000
6.4000000000,-0.1804843750
6.4400000000,-0.1578125000
6.4800000000,-0.1361875000
6.5200000000,-0.1168437500
6.5600000000,-0.0955468750
6.6000000000,-0.0748906250
6.6400000000,-0.0540000000
6.6800000000,-0.0324062500
6.7200000000,-0.0119687500
6.7600000000,0.0087968750
6.8000000000,0.0283281250
6.8400000000,0.0482500000
6.8800000000,0.0674218750
6.9200000000,0.0852500000
6.9600000000,0.1052968750
7.0000000000,0.1240625000
7.0400000000,0.1391562500
7.0800000000,0.1506250000
7.1200000000,0.1623593750
7.1600000000,0.1759062500
7.2000000000,0.1893593750
7.2400000000,0.1981250000
7.2800000000,0.2040000000
7.3200000000,0.2084375000
7.3600000000,0.2165468750
7.4000000000,0.2264218750
7.4400000000,0.2327343750
7.4800000000,0.2348437500
7.5200000000,0.2352031250
7.5600000000,0.2383281250
7.6000000000,0.2423906250
7.6400000000,0.2434531250
7.6800000000,0.2410000000
7.7200000000,0.2392343750
7.7600000000,0.2405468750
7.8000000000,0.2404531250
7.8400000000,0.2399843750
7.8800000000,0.2370625000
7.9200000000,0.2373906250
7.9600000000,0.2357812500
8.0000000000,0.2342656250
8.0400000000,0.2291875000
8.0800000000,0.2251406250
8.1200000000,0.2231406250
8.1600000000,0.2204843750
8.2000000000,0.2166562500
8.2400000000,0.2100781250
8.2800000000,0.2057031250
8.3200000000,0.2039375000
8.3600000000,0.2017187500
8.4000000000,0.1951562500
8.4400000000,0.1857968750
8.4800000000,0.1783437500
8.5200000000,0.1750156250
8.5600000000,0.1717500000
8.6000000000,0.1652812500
8.6400000000,0.1550468750
8.6800000000,0.1447812500
8.7200000000,0.1375000000
8.7600000000,0.1311093750
8.8000000000,0.1230781250
8.8400000000,0.1120625000
8.8800000000,0.1000937500
8.9200000000,0.0888906250
8.9600000000,0.0792656250
9.0000000000,0.0690000000
9.0400000000,0.0563906250
9.0800000000,0.0418593750
9.1200000000,0.0275937500
9.1600000000,0.0133437500
9.2000000000,0.0010312500
9.2400000000,-0.0130156250
9.2800000000,-0.0263750000
9.3200000000,-0.0407031250
9.3600000000,-0.0538125000
9.4000000000,-0.0641093750
9.4400000000,-0.0745781250
9.4800000000,-0.0855468750
9.5200000000,-0.0965156250
9.5600000000,-0.1064218750
9.6000000000,-0.1163750000
9.6400000000,-0.1230312500
9.6800000000,-0.1299218750
9.7200000000,-0.1378906250
9.7600000000,-0.1445156250
9.8000000000,-0.1487968750
9.8400000000,-0.1512187500
9.8800000000,-0.1524531250
9.9200000000,-0.1557812500
9.9600000000,-0.1574062500
10.0000000000,-0.1575781250
10.0400000000,-0.1576875000
10.0800000000,-0.1567812500
10.1200000000,-0.1567343750
10.1600000000,-0.1547343750
10.2000000000,-0.1511562500
10.2400000000,-0.1462656250
10.2800000000,-0.1427656250
10.3200000000,-0.1382500000
10.3600000000,-0.1335625000
10.4000000000,-0.1275781250
10.4400000000,-0.1227500000
10.4800000000,-0.1195156250
10.5200000000,-0.1142812500
10.5600000000,-0.1068125000
10.6000000000,-0.0979687500
10.6400000000,-0.0909218750
10.6800000000,-0.0850937500
10.7200000000,-0.0802187500
10.7600000000,-0.0736093750
10.8000000000,-0.0660312500
10.8400000000,-0.0599062500
10.8800000000,-0.0560937500
10.9200000000,-0.0526875000
10.9600000000,-0.0469218750
11.0000000000,-0.0407500000
11.0400000000,-0.0334218750
11.0800000000,-0.0290625000
11.1200000000,-0.0268906250
11.1600000000,-0.0233437500
11.2000000000,-0.0190468750
11.2400000000,-0.0142031250
11.2800000000,-0.0102500000
11.3200000000,-0.0085625000
11.3600000000,-0.0052031250
11.4000000000,-0.0013750000
11.4400000000,0.0010625000
11.4800000000,0.0028593750
11.5200000000,0.0026562500
11.5600000000,0.0067968750
11.6000000000,0.0121562500
11.6400000000,0.0155468750
11.6800000000,0.0159218750
11.7200000000,0.0159062500
11.7600000000,0.0193125000
11.8000000000,0.0229062500
11.8400000000,0.0248281250
11.8800000000,0.0242968750
11.9200000000,0.0249531250
11.9600000000,0.0282656250
12.0000000000,0.0328281250
12.0400000000,0.0335781250
12.0800000000,0.0317343750
12.1200000000,0.0300156250
12.1600000000,0.0291718750
12.2000000000,0.0308437500
12.2400000000,0.0292031250
12.2800000000,0.0254218750
12.3200000000,0.0203281250
12.3600000000,0.0158281250
12.4000000000,0.0145156250
12.4400000000,0.0125937500
12.4800000000,0.0071875000
12.5200000000,-0.0008906250
12.5600000000,-0.0083125000
12.6000000000,-0.0128906250
12.6400000000,-0.0160000000
12.6800000000,-0.0222031250
12.7200000000,-0.0317031250
12.7600000000,-0.0389218750
12.8000000000,-0.0436250000
12.8400000000,-0.0453125000
12.8800000000,-0.0490000000
12.9200000000,-0.0567187500
12.9600000000,-0.0626562500
13.0000000000,-0.0679843750
13.0400000000,-0.0705312500
13.0800000000,-0.0731718750
13.1200000000,-0.0780312500
13.1600000000,-0.0813437500
13.2000000000,-0.0827656250
13.2400000000,-0.0826718750
13.2800000000,-0.0824843750
13.3200000000,-0.0840781250
13.3600000000,-0.0872031250
13.4000000000,-0.0879531250
13.4400000000,-0.0876406250
13.4800000000,-0.0855000000
13.5200000000,-0.0836562500
13.5600000000,-0.0835156250
13.6000000000,-0.0807343750
13.6400000000,-0.0757656250
13.6800000000,-0.0692812500
13.7200000000,-0.0658437500
13.7600000000,-0.0654687500
13.8000000000,-0.0657343750
13.8400000000,-0.0635156250
13.8800000000,-0.0582812500
13.9200000000,-0.0520937500
13.9600000000,-0.0493906250
14.0000000000,-0.0467500000
14.0400000000,-0.0426250000
14.0800000000,-0.0378750000
14.1200000000,-0.0330937500
14.1600000000,-0.0322500000
14.2000000000,-0.0316406250
14.2400000000,-0.0292500000
14.2800000000,-0.0270937500
14.3200000000,-0.0217812500
14.3600000000,-0.0185156250
14.4000000000,-0.0157812500
14.4400000000,-0.0120937500
14.4800000000,-0.0097187500
14.5200000000,-0.0070937500
14.5600000000,-0.0062187500
14.6000000000,-0.0055781250
14.6400000000,-0.0049687500
14.6800000000,-0.0009687500
14.7200000000,0.0029843750
14.7600000000,0.0063906250
14.8000000000,0.0084843750
14.8400000000,0.0075937500
14.8800000000,0.0099218750
14.9200000000,0.0126406250
14.9600000000,0.0151718750
15.0000000000,0.0149687500
15.0400000000,0.0134531250
15.0800000000,0.0155312500
15.1200000000,0.0193593750
15.1600000000,0.0244375000
15.2000000000,0.0266718750
15.2400000000,0.0272031250
15.2800000000,0.0281718750
15.3200000000,0.0320312500
15.3600000000,0.0363906250
15.4000000000,0.0387968750
15.4400000000,0.0400468750
15.4800000000,0.0416093750
15.5200000000,0.0454843750
15.5600000000,0.0487812500
15.6000000000,0.0524062500
15.6400000000,0.0557968750
15.6800000000,0.0600937500
15.7200000000,0.0620156250
15.7600000000,0.0628906250
15.8000000000,0.0644687500
15.8400000000,0.0668437500
15.8800000000,0.0701562500
15.9200000000,0.0721093750
15.9600000000,0.0729218750
16.0000000000,0.0745000000
16.0400000000,0.0760312500
16.0800000000,0.0767812500
16.1200000000,0.0774687500
16.1600000000,0.0778281250
16.2000000000,0.0798281250
16.2400000000,0.0811875000
16.2800000000,0.0811718750
16.3200000000,0.0805156250
16.3600000000,0.0810468750
16.4000000000,0.0822187500
16.4400000000,0.0818750000
16.4800000000,0.0789218750
16.5200000000,0.0753281250
16.5600000000,0.0747187500
16.6000000000,0.0746718750
16.6400000000,0.0734218750
16.6800000000,0.0696250000
16.7200000000,0.0662812500
16.7600000000,0.0623593750
16.8000000000,0.0602187500
16.8400000000,0.0577343750
16.8800000000,0.0547656250
16.9200000000,0.0503593750
16.9600000000,0.0448437500
17.0000000000,0.0395000000
17.0400000000,0.0343437500
17.0800000000,0.0321718750
17.1200000000,0.0305312500
17.1600000000,0.0265000000
17.2000000000,0.0221093750
17.2400000000,0.0181250000
17.2800000000,0.0146406250
17.3200000000,0.0122031250
17.3600000000,0.0090937500
17.4000000000,0.0046406250
17.4400000000,-0.0008281250
17.4800000000,-0.0042812500
17.5200000000,-0.0041875000
17.5600000000,-0.0033281250
17.6000000000,-0.0038281250
17.6400000000,-0.0080468750
17.6800000000,-0.0121406250
17.7200000000,-0.0134531250
17.7600000000,-0.0134531250
17.8000000000,-0.0156875000
17.8400000000,-0.0196406250
17.8800000000,-0.0223593750
17.9200000000,-0.0235000000
17.9600000000,-0.0233125000
18.0000000000,-0.0245000000
18.0400000000,-0.0283437500
18.0800000000,-0.0297031250
18.1200000000,-0.0306093750
18.1600000000,-0.0331875000
18.2000000000,-0.0367343750
18.2400000000,-0.0380625000
18.2800000000,-0.0371562500
18.3200000000,-0.0353593750
18.3600000000,-0.0358125000
18.4000000000,-0.0392343750
18.4400000000,-0.0400468750
18.4800000000,-0.0383437500
18.5200000000,-0.0354062500
18.5600000000,-0.0348750000
18.6000000000,-0.0352656250
18.6400000000,-0.0335937500
18.6800000000,-0.0300156250
18.7200000000,-0.0271250000
18.7600000000,-0.0247656250
18.8000000000,-0.0219062500
18.8400000000,-0.0198125000
18.8800000000,-0.0161250000
18.9200000000,-0.0143593750
18.9600000000,-0.0115625000
19.0000000000,-0.0084218750
19.0400000000,-0.0052812500
19.0800000000,-0.0025468750
19.1200000000,-0.0016562500
19.1600000000,0.0008281250
19.2000000000,0.0058437500
19.2400000000,0.0096406250
19.2800000000,0.0112812500
19.3200000000,0.0099531250
19.3600000000,0.0098125000
19.4000000000,0.0127031250
19.4400000000,0.0156562500
19.4800000000,0.0156875000
19.5200000000,0.0133437500
19.5600000000,0.0115000000
19.6000000000,0.0124531250
19.6400000000,0.0148593750
19.6800000000,0.0147500000
19.7200000000,0.0112187500
19.7600000000,0.0071093750
19.8000000000,0.0035312500
19.8400000000,0.0021093750
19.8800000000,0.0014843750
19.9200000000,-0.0011875000
19.9600000000,-0.0059218750
20.0000000000,-0.0113750000
20.0400000000,-0.0140468750
20.0800000000,-0.0160000000
20.1200000000,-0.0177031250
20.1600000000,-0.0230312500
20.2000000000,-0.0287031250
20.2400000000,-0.0328593750
20.2800000000,-0.0343750000
20.3200000000,-0.0365312500
20.3600000000,-0.0410312500
20.4000000000,-0.0456718750
20.4400000000,-0.0489531250
20.4800000000,-0.0494062500
20.5200000000,-0.0494843750
20.5600000000,-0.0494375000
20.6000000000,-0.0512187500
20.6400000000,-0.0515781250
20.6800000000,-0.0529375000
20.7200000000,-0.0529843750
20.7600000000,-0.0536562500
20.8000000000,-0.0546250000
20.8400000000,-0.0534843750
20.8800000000,-0.0532968750
20.9200000000,-0.0529843750
20.9600000000,-0.0529062500
21.0000000000,-0.0525312500
21.0400000000,-0.0511406250
21.0800000000,-0.0490312500
21.1200000000,-0.0493593750
21.1600000000,-0.0487812500
21.2000000000,-0.0482031250
21.2400000000,-0.0453593750
21.2800000000,-0.0431562500
21.3200000000,-0.0417968750
21.3600000000,-0.0410156250
21.4000000000,-0.0390781250
21.4400000000,-0.0364375000
21.4800000000,-0.0361406250
21.5200000000,-0.0370781250
21.5600000000,-0.0383593750
21.6000000000,-0.0362031250
21.6400000000,-0.0325468750
21.6800000000,-0.0313281250
21.7200000000,-0.0317656250
21.7600000000,-0.0321718750
21.8000000000,-0.0314531250
21.8400000000,-0.0291093750
21.8800000000,-0.0281718750
21.9200000000,-0.0297968750
21.9600000000,-0.0314062500
22.0000000000,-0.0333125000
22.0400000000,-0.0317656250
22.0800000000,-0.0298750000
22.1200000000,-0.0299843750
22.1600000000,-0.0311562500
22.2000000000,-0.0339375000
22.2400000000,-0.0353437500
22.2800000000,-0.0343281250
22.3200000000,-0.0352031250
22.3600000000,-0.0377968750
22.4000000000,-0.0409218750
22.4400000000,-0.0416562500
22.4800000000,-0.0396718750
22.5200000000,-0.0406875000
22.5600000000,-0.0423281250
22.6000000000,-0.0432500000
22.6400000000,-0.0420781250
22.6800000000,-0.0386562500
22.7200000000,-0.0398906250
22.7600000000,-0.0432343750
22.8000000000,-0.0436562500
22.8400000000,-0.0435312500
22.8800000000,-0.0416718750
22.9200000000,-0.0423437500
22.9600000000,-0.0445000000
23.0000000000,-0.0434687500
23.0400000000,-0.0422031250
23.0800000000,-0.0399531250
23.1200000000,-0.0390625000
23.1600000000,-0.0403906250
23.2000000000,-0.0401562500
23.2400000000,-0.0399062500
23.2800000000,-0.0377968750
23.3200000000,-0.0372500000
23.3600000000,-0.0370625000
23.4000000000,-0.0361406250
23.4400000000,-0.0331250000
23.4800000000,-0.0297656250
23.5200000000,-0.0278437500
23.5600000000,-0.0269375000
23.6000000000,-0.0263437500
23.6400000000,-0.0232812500
23.6800000000,-0.0185937500
23.7200000000,-0.0137812500
23.7600000000,-0.0102656250
23.8000000000,-0.0090312500
23.8400000000,-0.0072187500
23.8800000000,-0.0028281250
23.9200000000,0.0017968750
23.9600000000,0.0073906250
24.0000000000,0.0113906250
24.0400000000,0.0144062500
24.0800000000,0.0180625000
24.1200000000,0.0219375000
24.1600000000,0.0272343750
24.2000000000,0.0322656250
24.2400000000,0.0359843750
24.2800000000,0.0403281250
24.3200000000,0.0442968750
24.3600000000,0.0478437500
24.4000000000,0.0511406250
24.4400000000,0.0547812500
24.4800000000,0.0579062500
24.5200000000,0.0609375000
24.5600000000,0.0615781250
24.6000000000,0.0618281250
24.6400000000,0.0634375000
24.6800000000,0.0665000000
24.7200000000,0.0685937500
24.7600000000,0.0690000000
24.8000000000,0.0676250000
24.8400000000,0.0676093750
24.8800000000,0.0702187500
24.9200000000,0.0723125000
24.9600000000,0.0726093750
25.0000000000,0.0711718750
25.0400000000,0.0708437500
25.0800000000,0.0729687500
25.1200000000,0.0769375000
25.1600000000,0.0779218750
25.2000000000,0.0767968750
25.2400000000,0.0762031250
25.2800000000,0.0751875000
25.3200000000,0.0756406250
25.3600000000,0.0752656250
25.4000000000,0.0733125000
25.4400000000,0.0728593750
25.4800000000,0.0721093750
25.5200000000,0.0724375000
25.5600000000,0.0734531250
25.6000000000,0.0716562500
25.6400000000,0.0707500000
25.6800000000,0.0681406250
25.7200000000,0.0643281250
25.7600000000,0.0612968750
25.8000000000,0.0577812500
25.8400000000,0.0559218750
25.8800000000,0.0543593750
25.9200000000,0.0535000000
25.9600000000,0.0520312500
26.0000000000,0.0513125000
26.0400000000,0.0510468750
26.0800000000,0.0502343750
26.1200000000,0.0472500000
26.1600000000,0.0433437500
26.2000000000,0.0398125000
26.2400000000,0.0388125000
26.2800000000,0.0405000000
26.3200000000,0.0411562500
26.3600000000,0.0398125000
26.4000000000,0.0376718750
26.4400000000,0.0365312500
26.4800000000,0.0358281250
26.5200000000,0.0345156250
26.5600000000,0.0314062500
26.6000000000,0.0266093750
26.6400000000,0.0241562500
26.6800000000,0.0228437500
26.7200000000,0.0218750000
26.7600000000,0.0192187500
26.8000000000,0.0149687500
26.8400000000,0.0110312500
26.8800000000,0.0063281250
26.9200000000,0.0030000000
26.9600000000,0.0005625000
27.0000000000,-0.0034062500
27.0400000000,-0.0078125000
27.0800000000,-0.0127656250
27.1200000000,-0.0173593750
27.1600000000,-0.0198906250
27.2000000000,-0.0221093750
27.2400000000,-0.0263437500
27.2800000000,-0.0304687500
27.3200000000,-0.0351875000
27.3600000000,-0.0372031250
27.4000000000,-0.0377812500
27.4400000000,-0.0399531250
27.4800000000,-0.0440000000
27.5200000000,-0.0475000000
27.5600000000,-0.0503750000
27.6000000000,-0.0528906250
27.6400000000,-0.0564843750
27.6800000000,-0.0609218750
27.7200000000,-0.0625000000
27.7600000000,-0.0632656250
27.8000000000,-0.0636718750
27.8400000000,-0.0672031250
27.8800000000,-0.0704531250
27.9200000000,-0.0736250000
27.9600000000,-0.0753750000
28.0000000000,-0.0771093750
28.0400000000,-0.0792031250
28.0800000000,-0.0815781250
28.1200000000,-0.0828281250
28.1600000000,-0.0825156250
28.2000000000,-0.0833281250
28.2400000000,-0.0813750000
28.2800000000,-0.0821093750
28.3200000000,-0.0822656250
28.3600000000,-0.0803906250
28.4000000000,-0.0793593750
28.4400000000,-0.0794531250
28.4800000000,-0.0768125000
28.5200000000,-0.0766250000
28.5600000000,-0.0727343750
28.6000000000,-0.0685781250
28.6400000000,-0.0649375000
28.6800000000,-0.0622343750
28.7200000000,-0.0602343750
28.7600000000,-0.0582812500
28.8000000000,-0.0547812500
28.8400000000,-0.0522343750
28.8800000000,-0.0508750000
28.9200000000,-0.0494843750
28.9600000000,-0.0473437500
29.0000000000,-0.0423281250
29.0400000000,-0.0386250000
29.0800000000,-0.0369843750
29.1200000000,-0.0376562500
29.1600000000,-0.0380312500
29.2000000000,-0.0361562500
29.2400000000,-0.0347656250
29.2800000000,-0.0338125000
29.3200000000,-0.0345468750
29.3600000000,-0.0330625000
29.4000000000,-0.0314218750
29.4400000000,-0.0284687500
29.4800000000,-0.0285625000
29.5200000000,-0.0296406250
29.5600000000,-0.0303593750
29.6000000000,-0.0275625000
29.6400000000,-0.0245156250
29.6800000000,-0.0233281250
29.7200000000,-0.0238593750
29.7600000000,-0.0242968750
29.8000000000,-0.0231250000
29.8400000000,-0.0202031250
29.8800000000,-0.0179843750
29.9200000000,-0.0175781250
29.9600000000,-0.0174375000
30.0000000000,-0.0176562500
30.0400000000,-0.0160000000
30.0800000000,-0.0165312500
30.1200000000,-0.0170937500
30.1600000000,-0.0174843750
30.2000000000,-0.0183750000
30.2400000000,-0.0160625000
30.2800000000,-0.0144531250
30.3200000000,-0.0156718750
30.3600000000,-0.0172031250
30.4000000000,-0.0164843750
30.4400000000,-0.0151406250
30.4800000000,-0.0108125000
30.5200000000,-0.0099687500
30.5600000000,-0.0105312500
30.6000000000,-0.0095625000
30.6400000000,-0.0072343750
30.6800000000,-0.0016718750
30.7200000000,0.0010937500
30.7600000000,0.0010781250
30.8000000000,0.0031875000
30.8400000000,0.0050781250
30.8800000000,0.0102968750
30.9200000000,0.0132500000
30.9600000000,0.0133750000
31.0000000000,0.0130625000
31.0400000000,0.0149531250
31.0800000000,0.0182343750
31.1200000000,0.0210312500
31.1600000000,0.0215625000
31.2000000000,0.0207968750
31.2400000000,0.0221093750
31.2800000000,0.0248906250
31.3200000000,0.0268281250
31.3600000000,0.0271406250
31.4000000000,0.0268906250
31.4400000000,0.0276562500
31.4800000000,0.0303906250
31.5200000000,0.0329218750
31.5600000000,0.0333593750
31.6000000000,0.0338593750
31.6400000000,0.0365625000
31.6800000000,0.0405000000
31.7200000000,0.0429062500
31.7600000000,0.0419062500
31.8000000000,0.0420781250
31.8400000000,0.0448593750
31.8800000000,0.0497500000
31.9200000000,0.0534843750
31.9600000000,0.0522500000
32.0000000000,0.0513906250
32.0400000000,0.0518281250
32.0800000000,0.0560625000
32.1200000000,0.0588750000
32.1600000000,0.0575468750
32.2000000000,0.0540781250
32.2400000000,0.0522031250
32.2800000000,0.0537187500
32.3200000000,0.0551718750
32.3600000000,0.0534843750
32.4000000000,0.0499062500
32.4400000000,0.0474218750
32.4800000000,0.0455000000
32.5200000000,0.0437968750
32.5600000000,0.0396875000
32.6000000000,0.0341406250
32.6400000000,0.0292343750
32.6800000000,0.0255937500
32.7200000000,0.0216406250
32.7600000000,0.0165468750
32.8000000000,0.0099062500
32.8400000000,0.0043750000
32.8800000000,0.0006562500
32.9200000000,-0.0028593750
32.9600000000,-0.0087500000
33.0000000000,-0.0168281250
33.0400000000,-0.0243125000
33.0800000000,-0.0281093750
33.1200000000,-0.0293750000
33.1600000000,-0.0334218750
33.2000000000,-0.0407343750
33.2400000000,-0.0470000000
33.2800000000,-0.0511562500
33.3200000000,-0.0521875000
33.3600000000,-0.0552187500
33.4000000000,-0.0605312500
33.4400000000,-0.0653750000
33.4800000000,-0.0679375000
33.5200000000,-0.0682968750
33.5600000000,-0.0684687500
33.6000000000,-0.0706250000
33.6400000000,-0.0734843750
33.6800000000,-0.0732343750
33.7200000000,-0.0725625000
33.7600000000,-0.0722968750
33.8000000000,-0.0725156250
33.8400000000,-0.0730000000
33.8800000000,-0.0705468750
33.9200000000,-0.0684375000
33.9600000000,-0.0657031250
34.0000000000,-0.0620000000
34.0400000000,-0.0593593750
34.0800000000,-0.0552968750
34.1200000000,-0.0521562500
34.1600000000,-0.0495937500
34.2000000000,-0.0454218750
34.2400000000,-0.0414218750
34.2800000000,-0.0383750000
34.3200000000,-0.0357343750
34.3600000000,-0.0311875000
34.4000000000,-0.0244218750
34.4400000000,-0.0168281250
34.4800000000,-0.0144062500
34.5200000000,-0.0119218750
34.5600000000,-0.0087812500
34.6000000000,-0.0026875000
34.6400000000,0.0031093750
34.6800000000,0.0036250000
34.7200000000,0.0039687500
34.7600000000,0.0061875000
34.8000000000,0.0126250000
34.8400000000,0.0186875000
34.8800000000,0.0221718750
34.9200000000,0.0248906250
34.9600000000,0.0278750000
35.0000000000,0.0309531250
35.0400000000,0.0338125000
35.0800000000,0.0353750000
35.1200000000,0.0372968750
35.1600000000,0.0402968750
35.2000000000,0.0427187500
35.2400000000,0.0451718750
35.2800000000,0.0475468750
35.3200000000,0.0506718750
35.3600000000,0.0548750000
35.4000000000,0.0565468750
35.4400000000,0.0569062500
35.4800000000,0.0580937500
35.5200000000,0.0585781250
35.5600000000,0.0621562500
35.6000000000,0.0641718750
35.6400000000,0.0645000000
35.6800000000,0.0640781250
35.7200000000,0.0662656250
35.7600000000,0.0707500000
35.8000000000,0.0729843750
35.8400000000,0.0707187500
35.8800000000,0.0671562500
35.9200000000,0.0664062500
35.9600000000,0.0692656250
36.0000000000,0.0691093750
36.0400000000,0.0631562500
36.0800000000,0.0575937500
36.1200000000,0.0564531250
36.1600000000,0.0606250000
36.2000000000,0.0606406250
36.2400000000,0.0527500000
36.2800000000,0.0429062500
36.3200000000,0.0381093750
36.3600000000,0.0387812500
36.4000000000,0.0391093750
36.4400000000,0.0311406250
36.4800000000,0.0179531250
36.5200000000,0.0118437500
36.5600000000,0.0110468750
36.6000000000,0.0142812500
36.6400000000,0.0102656250
36.6800000000,-0.0004062500
36.7200000000,-0.0097031250
36.7600000000,-0.0140468750
36.8000000000,-0.0143437500
36.8400000000,-0.0165312500
36.8800000000,-0.0249062500
36.9200000000,-0.0328281250
36.9600000000,-0.0366093750
37.0000000000,-0.0362187500
37.0400000000,-0.0364843750
37.0800000000,-0.0406562500
37.1200000000,-0.0474062500
37.1600000000,-0.0528125000
37.2000000000,-0.0537343750
37.2400000000,-0.0540625000
37.2800000000,-0.0558906250
37.3200000000,-0.0600312500
37.3600000000,-0.0640468750
37.4000000000,-0.0639843750
37.4400000000,-0.0623125000
37.4800000000,-0.0609687500
37.5200000000,-0.0626093750
37.5600000000,-0.0662343750
37.6000000000,-0.0681250000
37.6400000000,-0.0680468750
37.6800000000,-0.0675625000
37.7200000000,-0.0693125000
37.7600000000,-0.0709843750
37.8000000000,-0.0717187500
37.8400000000,-0.0715937500
37.8800000000,-0.0695000000
37.9200000000,-0.0697343750
37.9600000000,-0.0694687500
38.0000000000,-0.0704375000
38.0400000000,-0.0727500000
38.0800000000,-0.0726406250
38.1200000000,-0.0727187500
38.1600000000,-0.0720937500
38.2000000000,-0.0703125000
38.2400000000,-0.0694218750
38.2800000000,-0.0684531250
38.3200000000,-0.0652031250
38.3600000000,-0.0616562500
38.4000000000,-0.0590468750
38.4400000000,-0.0584062500
38.4800000000,-0.0560468750
38.5200000000,-0.0538593750
38.5600000000,-0.0488906250
38.6000000000,-0.0439218750
38.6400000000,-0.0404531250
38.6800000000,-0.0353906250
38.7200000000,-0.0324843750
38.7600000000,-0.0266250000
38.8000000000,-0.0210781250
38.8400000000,-0.0168125000
38.8800000000,-0.0116718750
38.9200000000,-0.0087968750
38.9600000000,-0.0058593750
39.0000000000,-0.0007968750
39.0400000000,0.0024375000
39.0800000000,0.0066250000
39.1200000000,0.0112031250
39.1600000000,0.0137812500
39.2000000000,0.0182968750
39.2400000000,0.0214687500
39.2800000000,0.0244687500
39.3200000000,0.0276875000
39.3600000000,0.0299687500
39.4000000000,0.0320937500
39.4400000000,0.0336718750
39.4800000000,0.0349375000
39.5200000000,0.0353593750
39.5600000000,0.0358593750
39.6000000000,0.0364843750
39.6400000000,0.0370000000
39.6800000000,0.0378125000
39.7200000000,0.0373437500
39.7600000000,0.0360937500
39.8000000000,0.0359843750
39.8400000000,0.0368593750
39.8800000000,0.0377656250
39.9200000000,0.0367500000
39.9600000000,0.0346250000
40.0000000000,0.0328750000
40.0400000000,0.0322187500
40.0800000000,0.0327031250
40.1200000000,0.0331718750
40.1600000000,0.0308281250
40.2000000000,0.0282031250
40.2400000000,0.0265781250
40.2800000000,0.0277656250
40.3200000000,0.0283125000
40.3600000000,0.0247187500
40.4000000000,0.0182968750
40.4400000000,0.0141093750
40.4800000000,0.0135937500
40.5200000000,0.0162500000
40.5600000000,0.0146406250
40.6000000000,0.0075937500
40.6400000000,0.0011718750
40.6800000000,-0.0003750000
40.7200000000,0.0017187500
40.7600000000,0.0017031250
40.8000000000,-0.0045000000
40.8400000000,-0.0114218750
40.8800000000,-0.0144687500
40.9200000000,-0.0142031250
40.9600000000,-0.0139375000
41.0000000000,-0.0193750000
41.0400000000,-0.0251406250
41.0800000000,-0.0266718750
41.1200000000,-0.0245312500
41.1600000000,-0.0227343750
41.2000000000,-0.0247031250
41.2400000000,-0.0278437500
41.2800000000,-0.0291093750
41.3200000000,-0.0269218750
41.3600000000,-0.0262031250
41.4000000000,-0.0280625000
41.4400000000,-0.0300156250
41.4800000000,-0.0296406250
41.5200000000,-0.0264687500
41.5600000000,-0.0240312500
41.6000000000,-0.0231093750
41.6400000000,-0.0233281250
41.6800000000,-0.0230000000
41.7200000000,-0.0213906250
41.7600000000,-0.0216406250
41.8000000000,-0.0213906250
41.8400000000,-0.0197656250
41.8800000000,-0.0179687500
41.9200000000,-0.0164062500
41.9600000000,-0.0143125000
42.0000000000,-0.0131562500
42.0400000000,-0.0112343750
42.0800000000,-0.0115468750
42.1200000000,-0.0111875000
42.1600000000,-0.0097500000
42.2000000000,-0.0080156250
42.2400000000,-0.0060156250
42.2800000000,-0.0063437500
42.3200000000,-0.0056406250
42.3600000000,-0.0036875000
42.4000000000,-0.0000312500
42.4400000000,0.0028593750
42.4800000000,0.0044375000
42.5200000000,0.0069687500
42.5600000000,0.0082031250
42.6000000000,0.0102187500
42.6400000000,0.0117187500
42.6800000000,0.0152656250
42.7200000000,0.0189531250
42.7600000000,0.0211250000
42.8000000000,0.0217031250
42.8400000000,0.0231250000
42.8800000000,0.0244062500
42.9200000000,0.0285000000
42.9600000000,0.0305937500
43.0000000000,0.0292812500
43.0400000000,0.0280625000
43.0800000000,0.0288750000
43.1200000000,0.0321875000
43.1600000000,0.0339531250
43.2000000000,0.0323750000
43.2400000000,0.0302812500
43.2800000000,0.0303593750
43.3200000000,0.0304687500
43.3600000000,0.0288281250
43.4000000000,0.0259062500
43.4400000000,0.0237187500
43.4800000000,0.0231718750
43.5200000000,0.0231875000
43.5600000000,0.0204531250
43.6000000000,0.0166093750
43.6400000000,0.0150625000
43.6800000000,0.0148750000
43.7200000000,0.0147656250
43.7600000000,0.0130000000
43.8000000000,0.0088281250
43.8400000000,0.0070625000
43.8800000000,0.0056406250
43.9200000000,0.0048281250
43.9600000000,0.0031406250
44.0000000000,-0.0009062500
44.0400000000,-0.0045468750
44.0800000000,-0.0060937500
44.1200000000,-0.0067500000
44.1600000000,-0.0073593750
44.2000000000,-0.0096093750
44.2400000000,-0.0151406250
44.2800000000,-0.0189062500
44.3200000000,-0.0200625000
44.3600000000,-0.0203125000
44.4000000000,-0.0221406250
44.4400000000,-0.0257968750
44.4800000000,-0.0287500000
44.5200000000,-0.0281406250
44.5600000000,-0.0264062500
44.6000000000,-0.0273281250
44.6400000000,-0.0313437500
44.6800000000,-0.0352500000
44.7200000000,-0.0350000000
44.7600000000,-0.0342968750
44.8000000000,-0.0337812500
44.8400000000,-0.0375625000
44.8800000000,-0.0407031250
44.9200000000,-0.0419531250
44.9600000000,-0.0403906250
45.0000000000,-0.0394375000
45.0400000000,-0.0410468750
45.0800000000,-0.0433906250
45.1200000000,-0.0458593750
45.1600000000,-0.0461718750
45.2000000000,-0.0458281250
45.2400000000,-0.0446562500
45.2800000000,-0.0453437500
45.3200000000,-0.0487968750
45.3600000000,-0.0497968750
45.4000000000,-0.0480000000
45.4400000000,-0.0443281250
45.4800000000,-0.0414531250
45.5200000000,-0.0438593750
45.5600000000,-0.0470312500
45.6000000000,-0.0463750000
45.6400000000,-0.0416718750
45.6800000000,-0.0381562500
45.7200000000,-0.0395312500
45.7600000000,-0.0420937500
45.8000000000,-0.0398437500
45.8400000000,-0.0334843750
45.8800000000,-0.0257968750
45.9200000000,-0.0249843750
45.9600000000,-0.0281875000
46.0000000000,-0.0300312500
46.0400000000,-0.0272812500
46.0800000000,-0.0215000000
46.1200000000,-0.0194375000
46.1600000000,-0.0201562500
46.2000000000,-0.0204843750
46.2400000000,-0.0170156250
46.2800000000,-0.0105625000
46.3200000000,-0.0056718750
46.3600000000,-0.0050625000
46.4000000000,-0.0068281250
46.4400000000,-0.0061250000
46.4800000000,-0.0030000000
46.5200000000,0.0019375000
46.5600000000,0.0055781250
46.6000000000,0.0074062500
46.6400000000,0.0087343750
46.6800000000,0.0125625000
46.7200000000,0.0170937500
46.7600000000,0.0218437500
46.8000000000,0.0236250000
46.8400000000,0.0236250000
46.8800000000,0.0241093750
46.9200000000,0.0262343750
46.9600000000,0.0287500000
47.0000000000,0.0314218750
47.0400000000,0.0337343750
47.0800000000,0.0352343750
47.1200000000,0.0359843750
47.1600000000,0.0369843750
47.2000000000,0.0372031250
47.2400000000,0.0378125000
47.2800000000,0.0360625000
47.3200000000,0.0332812500
47.3600000000,0.0312968750
47.4000000000,0.0314843750
47.4400000000,0.0324531250
47.4800000000,0.0322656250
47.5200000000,0.0306093750
47.5600000000,0.0280937500
47.6000000000,0.0272812500
47.6400000000,0.0263593750
47.6800000000,0.0247343750
47.7200000000,0.0217968750
47.7600000000,0.0194843750
47.8000000000,0.0185468750
47.8400000000,0.0180156250
47.8800000000,0.0167968750
47.9200000000,0.0149843750
47.9600000000,0.0121093750
48.0000000000,0.0109218750
48.0400000000,0.0102187500
48.0800000000,0.0102812500
48.1200000000,0.0091718750
48.1600000000,0.0061250000
48.2000000000,0.0037812500
48.2400000000,0.0022500000
48.2800000000,0.0016562500
48.3200000000,0.0019062500
48.3600000000,-0.0004375000
48.4000000000,-0.0063750000
48.4400000000,-0.0081250000
48.4800000000,-0.0082812500
48.5200000000,-0.0059062500
48.5600000000,-0.0068125000
48.6000000000,-0.0119375000
48.6400000000,-0.0147343750
48.6800000000,-0.0167968750
48.7200000000,-0.0155937500
48.7600000000,-0.0162812500
48.8000000000,-0.0195937500
48.8400000000,-0.0202812500
48.8800000000,-0.0191250000
48.9200000000,-0.0165781250
48.9600000000,-0.0152031250
49.0000000000,-0.0172187500
49.0400000000,-0.0203593750
49.0800000000,-0.0184375000
49.1200000000,-0.0149375000
49.1600000000,-0.0127656250
49.2000000000,-0.0130625000
49.2400000000,-0.0148437500
49.2800000000,-0.0153437500
49.3200000000,-0.0119062500
49.3600000000,-0.0076250000
49.4000000000,-0.0061406250
49.4400000000,-0.0082187500
49.4800000000,-0.0097187500
49.5200000000,-0.0094531250
49.5600000000,-0.0079218750
49.6000000000,-0.0069218750
49.6400000000,-0.0075000000
49.6800000000,-0.0070625000
49.7200000000,-0.0048125000
49.7600000000,-0.0034375000
49.8000000000,-0.0038906250
49.8400000000,-0.0045156250
49.8800000000,-0.0054375000
49.9200000000,-0.0038906250
49.9600000000,-0.0052968750
50.0000000000,-0.0071875000
50.0400000000,-0.0075781250
50.0800000000,-0.0067968750
50.1200000000,-0.0032812500
50.1600000000,-0.0029218750
50.2000000000,-0.0039843750
50.2400000000,-0.0072656250
50.2800000000,-0.0089687500
50.3200000000,-0.0089687500
50.3600000000,-0.0061562500
50.4000000000,-0.0049062500
50.4400000000,-0.0070781250
50.4800000000,-0.0085625000
50.5200000000,-0.0092968750
50.5600000000,-0.0062968750
50.6000000000,-0.0039375000
50.6400000000,-0.0061250000
50.6800000000,-0.0092031250
50.7200000000,-0.0110937500
50.7600000000,-0.0088906250
50.8000000000,-0.0050000000
50.8400000000,-0.0045781250
50.8800000000,-0.0074218750
50.9200000000,-0.0092812500
50.9600000000,-0.0071406250
51.0000000000,-0.0034843750
51.0400000000,-0.0025156250
51.0800000000,-0.0061562500
51.1200000000,-0.0090781250
51.1600000000,-0.0081406250
51.2000000000,-0.0028125000
51.2400000000,-0.0002031250
51.2800000000,-0.0028906250
51.3200000000,-0.0054218750
51.3600000000,-0.0063437500
51.4000000000,-0.0042343750
51.4400000000,-0.0034531250
51.4800000000,-0.0061875000
51.5200000000,-0.0079375000
51.5600000000,-0.0075156250
51.6000000000,-0.0071406250
51.6400000000,-0.0083906250
51.6800000000,-0.0101406250
51.7200000000,-0.0099531250
51.7600000000,-0.0087343750
51.8000000000,-0.0097968750
51.8400000000,-0.0139218750
51.8800000000,-0.0175156250
51.9200000000,-0.0179531250
51.9600000000,-0.0165937500
52.0000000000,-0.0161562500
52.0400000000,-0.0164687500
52.0800000000,-0.0197812500
52.1200000000,-0.0200937500
52.1600000000,-0.0201250000
52.2000000000,-0.0190781250
52.2400000000,-0.0190000000
52.2800000000,-0.0185468750
52.3200000000,-0.0197656250
52.3600000000,-0.0210781250
52.4000000000,-0.0200468750
52.4400000000,-0.0184531250
52.4800000000,-0.0172968750
52.5200000000,-0.0186562500
52.5600000000,-0.0197343750
52.6000000000,-0.0190468750
52.6400000000,-0.0172968750
52.6800000000,-0.0171562500
52.7200000000,-0.0175468750
52.7600000000,-0.0185937500
52.8000000000,-0.0173437500
52.8400000000,-0.0169375000
52.8800000000,-0.0184375000
52.9200000000,-0.0192812500
52.9600000000,-0.0174531250
53.0000000000,-0.0136875000
53.0400000000,-0.0094218750
53.0800000000,-0.0089218750
53.1200000000,-0.0099218750
53.1600000000,-0.0086562500
53.2000000000,-0.0058593750
53.2400000000,-0.0030781250
53.2800000000,-0.0027187500
53.3200000000,-0.0021406250
53.3600000000,0.0000625000
53.4000000000,0.0036718750
53.4400000000,0.0067968750
53.4800000000,0.0062500000
53.5200000000,0.0054218750
53.5600000000,0.0064687500
53.6000000000,0.0098750000
53.6400000000,0.0105468750
53.6800000000,0.0074687500
53.7200000000,0.0038750000
53.7600000000,0.0051875000
53.8000000000,0.0086562500
53.8400000000,0.0102500000
53.8800000000,0.0066562500
53.9200000000,0.0012500000
53.9600000000,-0.0005937500
54.0000000000,0.0014687500
54.0400000000,0.0022812500
54.0800000000,0.0006250000
54.1200000000,-0.0036093750
54.1600000000,-0.0056562500
54.2000000000,-0.0036875000
54.2400000000,-0.0010937500
54.2800000000,0.0003125000
54.3200000000,-0.0024062500
54.3600000000,-0.0059531250
54.4000000000,-0.0064218750
54.4400000000,-0.0024062500
54.4800000000,0.0013437500
54.5200000000,-0.0004062500
54.5600000000,-0.0048593750
54.6000000000,-0.0068437500
54.6400000000,-0.0031406250
54.6800000000,0.0009531250
54.7200000000,0.0003125000
54.7600000000,-0.0029531250
54.8000000000,-0.0059375000
54.8400000000,-0.0046093750
54.8800000000,-0.0020937500
54.9200000000,-0.0028906250
54.9600000000,-0.0050781250
55.0000000000,-0.0074531250
55.0400000000,-0.0084531250
55.0800000000,-0.0080468750
55.1200000000,-0.0091875000
55.1600000000,-0.0102031250
55.2000000000,-0.0115625000
55.2400000000,-0.0138750000
55.2800000000,-0.0142343750
55.3200000000,-0.0144687500
55.3600000000,-0.0135625000
55.4000000000,-0.0157968750
55.4400000000,-0.0192500000
55.4800000000,-0.0215937500
55.5200000000,-0.0211718750
55.5600000000,-0.0200625000
55.6000000000,-0.0206406250
55.6400000000,-0.0230000000
55.6800000000,-0.0241093750
55.7200000000,-0.0224843750
55.7600000000,-0.0211562500
55.8000000000,-0.0224062500
55.8400000000,-0.0251875000
55.8800000000,-0.0269687500
55.9200000000,-0.0271406250
55.9600000000,-0.0265468750
56.0000000000,-0.0267187500
56.0400000000,-0.0269375000
56.0800000000,-0.0265312500
56.1200000000,-0.0261562500
56.1600000000,-0.0235312500
56.2000000000,-0.0209218750
56.2400000000,-0.0215468750
56.2800000000,-0.0232656250
56.3200000000,-0.0255781250
56.3600000000,-0.0258750000
56.4000000000,-0.0216718750
56.4400000000,-0.0198125000
56.4800000000,-0.0218593750
56.5200000000,-0.0240468750
56.5600000000,-0.0231875000
56.6000000000,-0.0178906250
56.6400000000,-0.0137812500
56.6800000000,-0.0143281250
56.7200000000,-0.0159375000
56.7600000000,-0.0154375000
56.8000000000,-0.0102968750
56.8400000000,-0.0040625000
56.8800000000,-0.0033125000
56.9200000000,-0.0040000000
56.9600000000,-0.0026718750
57.0000000000,0.0024843750
57.0400000000,0.0095625000
57.0800000000,0.0108281250
57.1200000000,0.0094687500
57.1600000000,0.0099062500
57.2000000000,0.0128125000
57.2400000000,0.0207656250
57.2800000000,0.0251406250
57.3200000000,0.0252500000
57.3600000000,0.0239531250
57.4000000000,0.0241718750
57.4400000000,0.0297968750
57.4800000000,0.0348593750
57.5200000000,0.0364843750
57.5600000000,0.0360625000
57.6000000000,0.0359375000
57.6400000000,0.0401875000
57.6800000000,0.0452812500
57.7200000000,0.0478906250
57.7600000000,0.0478281250
57.8000000000,0.0462656250
57.8400000000,0.0473906250
57.8800000000,0.0490000000
57.9200000000,0.0496250000
57.9600000000,0.0476718750
58.0000000000,0.0464062500
58.0400000000,0.0478750000
58.0800000000,0.0495156250
58.1200000000,0.0481875000
58.1600000000,0.0457812500
58.2000000000,0.0432968750
58.2400000000,0.0434375000
58.2800000000,0.0442968750
58.3200000000,0.0428125000
58.3600000000,0.0400781250
58.4000000000,0.0375781250
58.4400000000,0.0366093750
58.4800000000,0.0363125000
58.5200000000,0.0329687500
58.5600000000,0.0285468750
58.6000000000,0.0252187500
58.6400000000,0.0232656250
58.6800000000,0.0233906250
58.7200000000,0.0212187500
58.7600000000,0.0172656250
58.8000000000,0.0139375000
58.8400000000,0.0127187500
58.8800000000,0.0121250000
58.9200000000,0.0081718750
58.9600000000,0.0034687500
59.0000000000,-0.0005000000
59.0400000000,-0.0027812500
59.0800000000,-0.0027343750
59.1200000000,-0.0040312500
59.1600000000,-0.0069531250
59.2000000000,-0.0097812500
59.2400000000,-0.0128906250
59.2800000000,-0.0153125000
59.3200000000,-0.0181093750
59.3600000000,-0.0224375000
59.4000000000,-0.0263437500
59.4400000000,-0.0295156250
59.4800000000,-0.0324531250
59.5200000000,-0.0322343750
59.5600000000,-0.0328906250
59.6000000000,-0.0347500000
59.6400000000,-0.0387187500
59.6800000000,-0.0426250000
59.7200000000,-0.0440937500
59.7600000000,-0.0448437500
59.8000000000,-0.0476093750
59.8400000000,-0.0515937500
59.8800000000,-0.0539687500
59.9200000000,-0.0540781250
59.9600000000,-0.0520937500
60.0000000000,-0.0510156250
60.0400000000,-0.0519218750
60.0800000000,-0.0525625000
60.1200000000,-0.0519062500
60.1600000000,-0.0503437500
60.2000000000,-0.0505000000
60.2400000000,-0.0492343750
60.2800000000,-0.0488906250
60.3200000000,-0.0458906250
60.3600000000,-0.0430781250
60.4000000000,-0.0410625000
60.4400000000,-0.0380156250
60.4800000000,-0.0364375000
60.5200000000,-0.0342187500
60.5600000000,-0.0330000000
60.6000000000,-0.0322968750
60.6400000000,-0.0297031250
60.6800000000,-0.0279687500
60.7200000000,-0.0255156250
60.7600000000,-0.0248750000
60.8000000000,-0.0244375000
60.8400000000,-0.0218437500
60.8800000000,-0.0202968750
60.9200000000,-0.0198593750
60.9600000000,-0.0204062500
61.0000000000,-0.0199375000
61.0400000000,-0.0169687500
61.0800000000,-0.0157968750
61.1200000000,-0.0156562500
61.1600000000,-0.0167187500
61.2000000000,-0.0167968750
61.2400000000,-0.0153437500
61.2800000000,-0.0152187500
61.3200000000,-0.0146250000
61.3600000000,-0.0147343750
61.4000000000,-0.0135468750
61.4400000000,-0.0129843750
61.4800000000,-0.0117500000
61.5200000000,-0.0106250000
61.5600000000,-0.0098437500
61.6000000000,-0.0102968750
61.6400000000,-0.0127812500
61.6800000000,-0.0129843750
61.7200000000,-0.0124062500
61.7600000000,-0.0116875000
61.8000000000,-0.0132812500
61.8400000000,-0.0157812500
61.8800000000,-0.0147968750
61.9200000000,-0.0135781250
61.9600000000,-0.0126875000
62.0000000000,-0.0145000000
62.0400000000,-0.0186875000
62.0800000000,-0.0194843750
62.1200000000,-0.0170781250
62.1600000000,-0.0144062500
62.2000000000,-0.0154062500
62.2400000000,-0.0176406250
62.2800000000,-0.0161406250
62.3200000000,-0.0114375000
62.3600000000,-0.0073593750
62.4000000000,-0.0094531250
62.4400000000,-0.0152812500
62.4800000000,-0.0176406250
62.5200000000,-0.0149062500
62.5600000000,-0.0088437500
62.6000000000,-0.0064687500
62.6400000000,-0.0087500000
62.6800000000,-0.0095781250
62.7200000000,-0.0065156250
62.7600000000,-0.0003281250
62.8000000000,0.0011406250
62.8400000000,-0.0020468750
62.8800000000,-0.0059375000
62.9200000000,-0.0055312500
62.9600000000,-0.0006250000
63.0000000000,0.0035781250
63.0400000000,0.0029062500
63.0800000000,-0.0008593750
63.1200000000,-0.0033750000
63.1600000000,-0.0015156250
63.2000000000,0.0034375000
63.2400000000,0.0030156250
63.2800000000,-0.0022343750
63.3200000000,-0.0076406250
63.3600000000,-0.0086406250
63.4000000000,-0.0029843750
63.4400000000,0.0000312500
63.4800000000,-0.0022500000
63.5200000000,-0.0064531250
63.5600000000,-0.0069062500
63.6000000000,-0.0025625000
63.6400000000,0.0001406250
63.6800000000,-0.0024218750
63.7200000000,-0.0061406250
63.7600000000,-0.0062812500
63.8000000000,-0.0025468750
63.8400000000,0.0019375000
63.8800000000,0.0023906250
63.9200000000,0.0006093750
63.9600000000,0.0017031250
64.0000000000,0.0038125000
64.0400000000,0.0059687500
64.0800000000,0.0070312500
64.1200000000,0.0067968750
64.1600000000,0.0082656250
64.2000000000,0.0082656250
64.2400000000,0.0092343750
64.2800000000,0.0088281250
64.3200000000,0.0095625000
64.3600000000,0.0100000000
64.4000000000,0.0107187500
64.4400000000,0.0113437500
64.4800000000,0.0125312500
64.5200000000,0.0118281250
64.5600000000,0.0124687500
64.6000000000,0.0123750000
64.6400000000,0.0118437500
64.6800000000,0.0130156250
64.7200000000,0.0137656250
64.7600000000,0.0140000000
64.8000000000,0.0153125000
64.8400000000,0.0159375000
64.8800000000,0.0157343750
64.9200000000,0.0159062500
64.9600000000,0.0153906250
65.0000000000,0.0167968750
65.0400000000,0.0164375000
65.0800000000,0.0153593750
65.1200000000,0.0140468750
65.1600000000,0.0147500000
65.2000000000,0.0169218750
65.2400000000,0.0177812500
65.2800000000,0.0166562500
65.3200000000,0.0175312500
65.3600000000,0.0181250000
65.4000000000,0.0191562500
65.4400000000,0.0162187500
65.4800000000,0.0125781250
65.5200000000,0.0121406250
65.5600000000,0.0154218750
65.6000000000,0.0189218750
65.6400000000,0.0162187500
65.6800000000,0.0122656250
65.7200000000,0.0113281250
65.7600000000,0.0139843750
65.8000000000,0.0165937500
65.8400000000,0.0130625000
65.8800000000,0.0077656250
65.9200000000,0.0041875000
65.9600000000,0.0067812500
66.0000000000,0.0102343750
66.0400000000,0.0086875000
66.0800000000,0.0051875000
66.1200000000,0.0027343750
66.1600000000,0.0046718750
66.2000000000,0.0077656250
66.2400000000,0.0067812500
66.2800000000,0.0028593750
66.3200000000,-0.0021718750
66.3600000000,-0.0042031250
66.4000000000,-0.0034062500
66.4400000000,-0.0037656250
66.4800000000,-0.0069531250
66.5200000000,-0.0106406250
66.5600000000,-0.0128437500
66.6000000000,-0.0126875000
66.6400000000,-0.0130781250
66.6800000000,-0.0155937500
66.7200000000,-0.0189062500
66.7600000000,-0.0211875000
66.8000000000,-0.0212656250
66.8400000000,-0.0212500000
66.8800000000,-0.0207812500
66.9200000000,-0.0212968750
66.9600000000,-0.0236718750
67.0000000000,-0.0240312500
67.0400000000,-0.0232968750
67.0800000000,-0.0208593750
67.1200000000,-0.0199531250
67.1600000000,-0.0225937500
67.2000000000,-0.0264062500
67.2400000000,-0.0263593750
67.2800000000,-0.0243437500
67.3200000000,-0.0224531250
67.3600000000,-0.0241093750
67.4000000000,-0.0276718750
67.4400000000,-0.0266250000
67.4800000000,-0.0238125000
67.5200000000,-0.0217343750
67.5600000000,-0.0250625000
67.6000000000,-0.0285312500
67.6400000000,-0.0286875000
67.6800000000,-0.0257656250
67.7200000000,-0.0239531250
67.7600000000,-0.0265937500
67.8000000000,-0.0299687500
67.8400000000,-0.0301562500
67.8800000000,-0.0266718750
67.9200000000,-0.0241562500
67.9600000000,-0.0248281250
68.0000000000,-0.0255000000
68.0400000000,-0.0260468750
68.0800000000,-0.0238593750
68.1200000000,-0.0222343750
68.1600000000,-0.0187500000
68.2000000000,-0.0170000000
68.2400000000,-0.0172187500
68.2800000000,-0.0172031250
68.3200000000,-0.0164687500
68.3600000000,-0.0146250000
68.4000000000,-0.0124687500
68.4400000000,-0.0125312500
68.4800000000,-0.0121875000
68.5200000000,-0.0101718750
68.5600000000,-0.0079531250
68.6000000000,-0.0032656250
68.6400000000,-0.0034687500
68.6800000000,-0.0034843750
68.7200000000,-0.0025156250
68.7600000000,-0.0008750000
68.8000000000,0.0032968750
68.8400000000,0.0055000000
68.8800000000,0.0063437500
68.9200000000,0.0075937500
68.9600000000,0.0092031250
69.0000000000,0.0109218750
69.0400000000,0.0125468750
69.0800000000,0.0135312500
69.1200000000,0.0149843750
69.1600000000,0.0153437500
69.2000000000,0.0154531250
69.2400000000,0.0160468750
69.2800000000,0.0180156250
69.3200000000,0.0200312500
69.3600000000,0.0212343750
69.4000000000,0.0202031250
69.4400000000,0.0188437500
69.4800000000,0.0171250000
69.5200000000,0.0179687500
69.5600000000,0.0186718750
69.6000000000,0.0185468750
69.6400000000,0.0180156250
69.6800000000,0.0159375000
69.7200000000,0.0154687500
69.7600000000,0.0153281250
69.8000000000,0.0156093750
69.8400000000,0.0157343750
69.8800000000,0.0130000000
69.9200000000,0.0115625000
69.9600000000,0.0112968750
70.0000000000,0.0105312500
70.0400000000,0.0104687500
70.0800000000,0.0105781250
70.1200000000,0.0087968750
70.1600000000,0.0095156250
70.2000000000,0.0073281250
70.2400000000,0.0065000000
70.2800000000,0.0059062500
70.3200000000,0.0051093750
70.3600000000,0.0052031250
70.4000000000,0.0022656250
70.4400000000,0.0003906250
70.4800000000,-0.0006093750
70.5200000000,-0.0003750000
70.5600000000,0.0002656250
70.6000000000,-0.0012812500
70.6400000000,-0.0020468750
70.6800000000,-0.0030156250
70.7200000000,-0.0038750000
70.7600000000,-0.0043125000
70.8000000000,-0.0059843750
70.8400000000,-0.0073281250
70.8800000000,-0.0100312500
70.9200000000,-0.0139843750
70.9600000000,-0.0165156250
71.0000000000,-0.0171562500
71.0400000000,-0.0174687500
71.0800000000,-0.0194687500
71.1200000000,-0.0236718750
71.1600000000,-0.0261406250
71.2000000000,-0.0265468750
71.2400000000,-0.0266875000
71.2800000000,-0.0278437500
71.3200000000,-0.0309531250
71.3600000000,-0.0329843750
71.4000000000,-0.0349843750
71.4400000000,-0.0358437500
71.4800000000,-0.0366562500
71.5200000000,-0.0353281250
71.5600000000,-0.0351718750
71.6000000000,-0.0356562500
71.6400000000,-0.0367500000
71.6800000000,-0.0368437500
71.7200000000,-0.0366875000
71.7600000000,-0.0364687500
71.8000000000,-0.0376093750
71.8400000000,-0.0390312500
71.8800000000,-0.0383125000
71.9200000000,-0.0370312500
71.9600000000,-0.0333593750
72.0000000000,-0.0325312500
72.0400000000,-0.0335312500
72.0800000000,-0.0342500000
72.1200000000,-0.0335156250
72.1600000000,-0.0304218750
72.2000000000,-0.0294687500
72.2400000000,-0.0306875000
72.2800000000,-0.0330625000
72.3200000000,-0.0315000000
72.3600000000,-0.0278593750
72.4000000000,-0.0241250000
72.4400000000,-0.0240000000
72.4800000000,-0.0264062500
72.5200000000,-0.0253593750
72.5600000000,-0.0222031250
72.6000000000,-0.0188906250
72.6400000000,-0.0191093750
72.6800000000,-0.0209843750
72.7200000000,-0.0204062500
72.7600000000,-0.0155312500
72.8000000000,-0.0107968750
72.8400000000,-0.0100937500
72.8800000000,-0.0125312500
72.9200000000,-0.0131093750
72.9600000000,-0.0093125000
73.0000000000,-0.0040937500
73.0400000000,-0.0026093750
73.0800000000,-0.0044531250
73.1200000000,-0.0058750000
73.1600000000,-0.0047656250
73.2000000000,0.0002812500
73.2400000000,0.0033281250
73.2800000000,0.0029062500
73.3200000000,0.0011718750
73.3600000000,0.0023906250
73.4000000000,0.0054843750
73.4400000000,0.0083281250
73.4800000000,0.0066406250
73.5200000000,0.0028281250
73.5600000000,0.0018906250
73.6000000000,0.0050781250
73.6400000000,0.0105937500
73.6800000000,0.0119843750
73.7200000000,0.0093906250
73.7600000000,0.0079687500
73.8000000000,0.0097343750
73.8400000000,0.0139843750
73.8800000000,0.0155000000
73.9200000000,0.0135000000
73.9600000000,0.0113750000
74.0000000000,0.0114062500
74.0400000000,0.0137656250
74.0800000000,0.0159687500
74.1200000000,0.0165781250
74.1600000000,0.0158125000
74.2000000000,0.0153750000
74.2400000000,0.0146718750
74.2800000000,0.0147812500
74.3200000000,0.0147968750
74.3600000000,0.0152031250
74.4000000000,0.0129531250
74.4400000000,0.0107031250
74.4800000000,0.0112812500
74.5200000000,0.0125312500
74.5600000000,0.0139375000
74.6000000000,0.0130468750
74.6400000000,0.0113593750
74.6800000000,0.0110781250
74.7200000000,0.0127500000
74.7600000000,0.0126875000
74.8000000000,0.0102500000
74.8400000000,0.0066562500
74.8800000000,0.0055312500
74.9200000000,0.0072187500
74.9600000000,0.0084062500
75.0000000000,0.0061562500
75.0400000000,0.0029687500
75.0800000000,0.0022968750
75.1200000000,0.0027031250
75.1600000000,0.0028281250
75.2000000000,0.0014843750
75.2400000000,-0.0026875000
75.2800000000,-0.0051875000
75.3200000000,-0.0047812500
75.3600000000,-0.0045468750
75.4000000000,-0.0051875000
75.4400000000,-0.0075156250
75.4800000000,-0.0097812500
75.5200000000,-0.0089531250
75.5600000000,-0.0095468750
75.6000000000,-0.0108750000
75.6400000000,-0.0115468750
75.6800000000,-0.0122968750
75.7200000000,-0.0114375000
75.7600000000,-0.0114843750
75.8000000000,-0.0132968750
75.8400000000,-0.0120312500
75.8800000000,-0.0101718750
75.9200000000,-0.0082500000
75.9600000000,-0.0089375000
76.0000000000,-0.0111406250
76.0400000000,-0.0106093750
76.0800000000,-0.0087500000
76.1200000000,-0.0058593750
76.1600000000,-0.0079062500
76.2000000000,-0.0109375000
76.2400000000,-0.0123906250
76.2800000000,-0.0099062500
76.3200000000,-0.0080781250
76.3600000000,-0.0082343750
76.4000000000,-0.0108906250
76.4400000000,-0.0125156250
76.4800000000,-0.0104375000
76.5200000000,-0.0085000000
76.5600000000,-0.0079531250
76.6000000000,-0.0106562500
76.6400000000,-0.0106718750
76.6800000000,-0.0098437500
76.7200000000,-0.0066406250
76.7600000000,-0.0053750000
76.8000000000,-0.0056093750
76.8400000000,-0.0054375000
76.8800000000,-0.0033750000
76.9200000000,-0.0006093750
76.9600000000,0.0004687500
77.0000000000,0.0013437500
77.0400000000,0.0010000000
77.0800000000,0.0021718750
77.1200000000,0.0024062500
77.1600000000,0.0034843750
77.2000000000,0.0043593750
77.2400000000,0.0054843750
77.2800000000,0.0061250000
77.3200000000,0.0060156250
77.3600000000,0.0056718750
77.4000000000,0.0055156250
77.4400000000,0.0048750000
77.4800000000,0.0035781250
77.5200000000,0.0027031250
77.5600000000,0.0027187500
77.6000000000,0.0030625000
77.6400000000,0.0027968750
77.6800000000,0.0025937500
77.7200000000,0.0026718750
77.7600000000,0.0027031250
77.8000000000,0.0010156250
77.8400000000,-0.0003125000
77.8800000000,-0.0004218750
77.9200000000,0.0002656250
77.9600000000,-0.0001875000
78.0000000000,-0.0013750000
78.0400000000,-0.0038125000
78.0800000000,-0.0019375000
78.1200000000,0.0006875000
78.1600000000,0.0018750000
78.2000000000,0.0003750000
78.2400000000,-0.0021093750
78.2800000000,-0.0021250000
78.3200000000,-0.0017656250
78.3600000000,-0.0019687500
78.4000000000,-0.0030625000
78.4400000000,-0.0057500000
78.4800000000,-0.0057187500
78.5200000000,-0.0045156250
78.5600000000,-0.0048437500
78.6000000000,-0.0056875000
78.6400000000,-0.0054218750
78.6800000000,-0.0059375000
78.7200000000,-0.0069375000
78.7600000000,-0.0090000000
78.8000000000,-0.0102031250
78.8400000000,-0.0114218750
78.8800000000,-0.0105625000
78.9200000000,-0.0103437500
78.9600000000,-0.0108125000
79.0000000000,-0.0110937500
79.0400000000,-0.0106562500
79.0800000000,-0.0092343750
79.1200000000,-0.0084687500
79.1600000000,-0.0091093750
79.2000000000,-0.0097656250
79.2400000000,-0.0099843750
79.2800000000,-0.0087968750
79.3200000000,-0.0085468750
79.3600000000,-0.0088906250
79.4000000000,-0.0080625000
79.4400000000,-0.0069687500
79.4800000000,-0.0061718750
79.5200000000,-0.0058750000
79.5600000000,-0.0070625000
79.6000000000,-0.0082656250
79.6400000000,-0.0091093750
79.6800000000,-0.0090000000
79.7200000000,-0.0081406250
79.7600000000,-0.0075156250
79.8000000000,-0.0076718750
79.8400000000,-0.0080156250
79.8800000000,-0.0069687500
79.9200000000,-0.0060625000
79.9600000000,-0.0053593750
80.0000000000,-0.0057187500
80.0400000000,-0.0073281250
80.0800000000,-0.0076875000
80.1200000000,-0.0068906250
80.1600000000,-0.0049062500
80.2000000000,-0.0040625000
80.2400000000,-0.0057031250
80.2800000000,-0.0064843750
80.3200000000,-0.0058125000
80.3600000000,-0.0052031250
80.4000000000,-0.0055312500
80.4400000000,-0.0069375000
80.4800000000,-0.0087500000
80.5200000000,-0.0072343750
80.5600000000,-0.0047343750
80.6000000000,-0.0030312500
80.6400000000,-0.0038593750
80.6800000000,-0.0045000000
80.7200000000,-0.0045000000
80.7600000000,-0.0020625000
80.8000000000,-0.0009843750
80.8400000000,-0.0027343750
80.8800000000,-0.0052343750
80.9200000000,-0.0056875000
80.9600000000,-0.0050000000
81.0000000000,-0.0039687500
81.0400000000,-0.0054531250
81.0800000000,-0.0080625000
81.1200000000,-0.0078906250
81.1600000000,-0.0071562500
81.2000000000,-0.0058750000
81.2400000000,-0.0076093750
81.2800000000,-0.0104375000
81.3200000000,-0.0118437500
81.3600000000,-0.0116562500
81.4000000000,-0.0125312500
81.4400000000,-0.0146875000
81.4800000000,-0.0150937500
81.5200000000,-0.0151562500
81.5600000000,-0.0135156250
81.6000000000,-0.0128750000
81.6400000000,-0.0147656250
81.6800000000,-0.0156718750
81.7200000000,-0.0173125000
81.7600000000,-0.0174218750
81.8000000000,-0.0182187500
81.8400000000,-0.0194843750
81.8800000000,-0.0196093750
81.9200000000,-0.0198281250
81.9600000000,-0.0186093750
82.0000000000,-0.0174843750
82.0400000000,-0.0175156250
82.0800000000,-0.0168437500
82.1200000000,-0.0182187500
82.1600000000,-0.0189375000
82.2000000000,-0.0183750000
82.2400000000,-0.0190625000
82.2800000000,-0.0200468750
82.3200000000,-0.0217343750
82.3600000000,-0.0214375000
82.4000000000,-0.0187500000
82.4400000000,-0.0167500000
82.4800000000,-0.0172031250
82.5200000000,-0.0194062500
82.5600000000,-0.0203906250
82.6000000000,-0.0177812500
82.6400000000,-0.0172812500
82.6800000000,-0.0187968750
82.7200000000,-0.0213750000
82.7600000000,-0.0220000000
82.8000000000,-0.0199687500
82.8400000000,-0.0178281250
82.8800000000,-0.0170312500
82.9200000000,-0.0179218750
82.9600000000,-0.0190625000
83.0000000000,-0.0172656250
83.0400000000,-0.0171093750
83.0800000000,-0.0160312500
83.1200000000,-0.0166250000
83.1600000000,-0.0168437500
83.2000000000,-0.0157500000
83.2400000000,-0.0142500000
83.2800000000,-0.0138750000
83.3200000000,-0.0120312500
83.3600000000,-0.0103593750
83.4000000000,-0.0103437500
83.4400000000,-0.0106875000
83.4800000000,-0.0120312500
83.5200000000,-0.0109687500
83.5600000000,-0.0094062500
83.6000000000,-0.0090937500
83.6400000000,-0.0090781250
83.6800000000,-0.0093906250
83.7200000000,-0.0066250000
83.7600000000,-0.0031875000
83.8000000000,-0.0014062500
83.8400000000,-0.0019843750
83.8800000000,-0.0015937500
83.9200000000,0.0001093750
83.9600000000,0.0009218750
84.0000000000,0.0000000000
84.0400000000,-0.0013593750
84.0800000000,-0.0010468750
84.1200000000,0.0024375000
84.1600000000,0.0034843750
84.2000000000,0.0024218750
84.2400000000,0.0024687500
84.2800000000,0.0028437500
84.3200000000,0.0055781250
84.3600000000,0.0064218750
84.4000000000,0.0052187500
84.4400000000,0.0027343750
84.4800000000,0.0017500000
84.5200000000,0.0055000000
84.5600000000,0.0078593750
84.6000000000,0.0102031250
84.6400000000,0.0091562500
84.6800000000,0.0087968750
84.7200000000,0.0100625000
84.7600000000,0.0116875000
84.8000000000,0.0132968750
84.8400000000,0.0120000000
84.8800000000,0.0096562500
84.9200000000,0.0088281250
84.9600000000,0.0112031250
85.0000000000,0.0142812500
85.0400000000,0.0166406250
85.0800000000,0.0158125000
85.1200000000,0.0146093750
85.1600000000,0.0162656250
85.2000000000,0.0197031250
85.2400000000,0.0212031250
85.2800000000,0.0197031250
85.3200000000,0.0177812500
85.3600000000,0.0175937500
85.4000000000,0.0205781250
85.4400000000,0.0226406250
85.4800000000,0.0228593750
85.5200000000,0.0211406250
85.5600000000,0.0213281250
85.6000000000,0.0229375000
85.6400000000,0.0249531250
85.6800000000,0.0244843750
85.7200000000,0.0216250000
85.7600000000,0.0196875000
85.8000000000,0.0193437500
85.8400000000,0.0207500000
85.8800000000,0.0197031250
85.9200000000,0.0178750000
85.9600000000,0.0153125000
86.0000000000,0.0146875000
86.0400000000,0.0151718750
86.0800000000,0.0134687500
86.1200000000,0.0128437500
86.1600000000,0.0106406250
86.2000000000,0.0085000000
86.2400000000,0.0074375000
86.2800000000,0.0063437500
86.3200000000,0.0051718750
86.3600000000,0.0033593750
86.4000000000,0.0003125000
86.4400000000,-0.0006093750
86.4800000000,-0.0022968750
86.5200000000,-0.0040312500
86.5600000000,-0.0050937500
86.6000000000,-0.0078750000
86.6400000000,-0.0100625000
86.6800000000,-0.0116875000
86.7200000000,-0.0137031250
86.7600000000,-0.0140625000
86.8000000000,-0.0154218750
86.8400000000,-0.0170000000
86.8800000000,-0.0180156250
86.9200000000,-0.0197031250
86.9600000000,-0.0204062500
87.0000000000,-0.0212812500
87.0400000000,-0.0221562500
87.0800000000,-0.0234218750
87.1200000000,-0.0241250000
87.1600000000,-0.0228437500
87.2000000000,-0.0221875000
87.2400000000,-0.0243750000
87.2800000000,-0.0276718750
87.3200000000,-0.0284843750
87.3600000000,-0.0270781250
87.4000000000,-0.0247031250
87.4400000000,-0.0256875000
87.4800000000,-0.0291093750
87.5200000000,-0.0293281250
87.5600000000,-0.0285625000
87.6000000000,-0.0266875000
87.6400000000,-0.0275937500
87.6800000000,-0.0303906250
87.7200000000,-0.0290937500
87.7600000000,-0.0274843750
87.8000000000,-0.0270781250
87.8400000000,-0.0273906250
87.8800000000,-0.0283750000
87.9200000000,-0.0271718750
87.9600000000,-0.0250000000
88.0000000000,-0.0262343750
88.0400000000,-0.0275312500
88.0800000000,-0.0278437500
88.1200000000,-0.0247187500
88.1600000000,-0.0216406250
88.2000000000,-0.0221250000
88.2400000000,-0.0239687500
88.2800000000,-0.0237343750
88.3200000000,-0.0206250000
88.3600000000,-0.0171093750
88.4000000000,-0.0159218750
88.4400000000,-0.0166562500
88.4800000000,-0.0177656250
88.5200000000,-0.0160937500
88.5600000000,-0.0128281250
88.6000000000,-0.0091093750
88.6400000000,-0.0060781250
88.6800000000,-0.0067187500
88.7200000000,-0.0072656250
88.7600000000,-0.0059531250
88.8000000000,-0.0030312500
88.8400000000,-0.0005468750
88.8800000000,-0.0008906250
88.9200000000,-0.0033281250
88.9600000000,-0.0022656250
89.0000000000,0.0012031250
89.0400000000,0.0063125000
89.0800000000,0.0080000000
89.1200000000,0.0056250000
89.1600000000,0.0037968750
89.2000000000,0.0051250000
89.2400000000,0.0091093750
89.2800000000,0.0110937500
89.3200000000,0.0083750000
89.3600000000,0.0047500000
89.4000000000,0.0054687500
89.4400000000,0.0100937500
89.4800000000,0.0143437500
89.5200000000,0.0139531250
89.5600000000,0.0103593750
89.6000000000,0.0089218750
89.6400000000,0.0106250000
89.6800000000,0.0128750000
89.7200000000,0.0124687500
89.7600000000,0.0093281250
89.8000000000,0.0088593750
89.8400000000,0.0105000000
89.8800000000,0.0135156250
89.9200000000,0.0132343750
89.9600000000,0.0101562500
90.0000000000,0.0072343750
90.0400000000,0.0070937500
90.0800000000,0.0092187500
90.1200000000,0.0085000000
90.1600000000,0.0060468750
90.2000000000,0.0035312500
90.2400000000,0.0037031250
90.2800000000,0.0062343750
90.3200000000,0.0057968750
90.3600000000,0.0020625000
90.4000000000,-0.0021718750
90.4400000000,-0.0040781250
90.4800000000,-0.0024218750
90.5200000000,-0.0018906250
90.5600000000,-0.0036875000
90.6000000000,-0.0069531250
90.6400000000,-0.0090937500
90.6800000000,-0.0076250000
90.7200000000,-0.0070625000
90.7600000000,-0.0093750000
90.8000000000,-0.0127343750
90.8400000000,-0.0144687500
90.8800000000,-0.0140000000
90.9200000000,-0.0139218750
90.9600000000,-0.0142500000
91.0000000000,-0.0162812500
91.0400000000,-0.0164062500
91.0800000000,-0.0167031250
91.1200000000,-0.0176093750
91.1600000000,-0.0180781250
91.2000000000,-0.0198281250
91.2400000000,-0.0204687500
91.2800000000,-0.0215156250
91.3200000000,-0.0228437500
91.3600000000,-0.0226875000
91.4000000000,-0.0237656250
91.4400000000,-0.0233593750
91.4800000000,-0.0239062500
91.5200000000,-0.0252812500
91.5600000000,-0.0253593750
91.6000000000,-0.0262968750
91.6400000000,-0.0276250000
91.6800000000,-0.0289375000
91.7200000000,-0.0293906250
91.7600000000,-0.0290625000
91.8000000000,-0.0294843750
91.8400000000,-0.0301250000
91.8800000000,-0.0297656250
91.9200000000,-0.0297500000
91.9600000000,-0.0296562500
92.0000000000,-0.0304687500
92.0400000000,-0.0305625000
92.0800000000,-0.0279843750
92.1200000000,-0.0256250000
92.1600000000,-0.0253281250
92.2000000000,-0.0259062500
92.2400000000,-0.0242031250
92.2800000000,-0.0202187500
92.3200000000,-0.0175781250
92.3600000000,-0.0169375000
92.4000000000,-0.0170468750
92.4400000000,-0.0150156250
92.4800000000,-0.0101093750
92.5200000000,-0.0060000000
92.5600000000,-0.0041093750
92.6000000000,-0.0035000000
92.6400000000,-0.0024218750
92.6800000000,0.0007656250
92.7200000000,0.0049218750
92.7600000000,0.0065781250
92.8000000000,0.0069062500
92.8400000000,0.0076718750
92.8800000000,0.0103750000
92.9200000000,0.0141406250
92.9600000000,0.0157187500
93.0000000000,0.0150468750
93.0400000000,0.0151875000
93.0800000000,0.0170468750
93.1200000000,0.0203281250
93.1600000000,0.0225468750
93.2000000000,0.0200468750
93.2400000000,0.0192031250
93.2800000000,0.0202968750
93.3200000000,0.0246718750
93.3600000000,0.0275156250
93.4000000000,0.0254375000
93.4400000000,0.0213593750
93.4800000000,0.0212187500
93.5200000000,0.0250000000
93.5600000000,0.0285000000
93.6000000000,0.0259375000
93.6400000000,0.0212343750
93.6800000000,0.0188281250
93.7200000000,0.0220937500
93.7600000000,0.0253593750
93.8000000000,0.0234843750
93.8400000000,0.0181406250
93.8800000000,0.0132500000
93.9200000000,0.0151250000
93.9600000000,0.0175000000
94.0000000000,0.0172187500
94.0400000000,0.0140937500
94.0800000000,0.0087812500
94.1200000000,0.0075312500
94.1600000000,0.0077656250
94.2000000000,0.0074218750
94.2400000000,0.0040312500
94.2800000000,-0.0001875000
94.3200000000,-0.0037968750
94.3600000000,-0.0028125000
94.4000000000,-0.0019687500
94.4400000000,-0.0031562500
94.4800000000,-0.0069843750
94.5200000000,-0.0107343750
94.5600000000,-0.0116250000
94.6000000000,-0.0129531250
94.6400000000,-0.0155000000
94.6800000000,-0.0185156250
94.7200000000,-0.0201093750
94.7600000000,-0.0196718750
94.8000000000,-0.0190937500
94.8400000000,-0.0203437500
94.8800000000,-0.0220468750
94.9200000000,-0.0222031250
94.9600000000,-0.0212968750
95.0000000000,-0.0215000000
95.0400000000,-0.0245625000
95.0800000000,-0.0270781250
95.1200000000,-0.0253750000
95.1600000000,-0.0230000000
95.2000000000,-0.0217812500
95.2400000000,-0.0231093750
95.2800000000,-0.0244218750
95.3200000000,-0.0242187500
95.3600000000,-0.0229375000
95.4000000000,-0.0220781250
95.4400000000,-0.0235000000
95.4800000000,-0.0247656250
95.5200000000,-0.0250312500
95.5600000000,-0.0232343750
95.6000000000,-0.0204531250
95.6400000000,-0.0192500000
95.6800000000,-0.0194375000
95.7200000000,-0.0207656250
95.7600000000,-0.0211406250
95.8000000000,-0.0196718750
95.8400000000,-0.0171718750
95.8800000000,-0.0161875000
95.9200000000,-0.0169687500
95.9600000000,-0.0168281250
96.0000000000,-0.0148125000
96.0400000000,-0.0112031250
96.0800000000,-0.0094218750
96.1200000000,-0.0108750000
96.1600000000,-0.0120156250
96.2000000000,-0.0117500000
96.2400000000,-0.0075781250
96.2800000000,-0.0042656250
96.3200000000,-0.0052187500
96.3600000000,-0.0063593750
96.4000000000,-0.0059062500
96.4400000000,-0.0026250000
96.4800000000,0.0006718750
96.5200000000,-0.0007968750
96.5600000000,-0.0033437500
96.6000000000,-0.0025625000
96.6400000000,0.0002968750
96.6800000000,0.0035312500
96.7200000000,0.0028125000
96.7600000000,0.0002968750
96.8000000000,0.0014218750
96.8400000000,0.0045937500
96.8800000000,0.0069531250
96.9200000000,0.0049218750
96.9600000000,0.0015312500
97.0000000000,0.0003437500
97.0400000000,0.0042656250
97.0800000000,0.0087656250
97.1200000000,0.0092031250
97.1600000000,0.0054531250
97.2000000000,0.0027968750
97.2400000000,0.0044843750
97.2800000000,0.0085156250
97.3200000000,0.0090468750
97.3600000000,0.0042031250
97.4000000000,0.0007812500
97.4400000000,0.0016718750
97.4800000000,0.0052656250
97.5200000000,0.0072500000
97.5600000000,0.0038750000
97.6000000000,0.0017500000
97.6400000000,0.0009218750
97.6800000000,0.0029843750
97.7200000000,0.0019843750
97.7600000000,-0.0005625000
97.8000000000,-0.0046562500
97.8400000000,-0.0047343750
97.8800000000,-0.0035468750
97.9200000000,-0.0049843750
97.9600000000,-0.0061875000
98.0000000000,-0.0083750000
98.0400000000,-0.0072343750
98.0800000000,-0.0062812500
98.1200000000,-0.0078750000
98.1600000000,-0.0094062500
98.2000000000,-0.0112500000
98.2400000000,-0.0102812500
98.2800000000,-0.0081718750
98.3200000000,-0.0076875000
98.3600000000,-0.0089687500
98.4000000000,-0.0098750000
98.4400000000,-0.0087500000
98.4800000000,-0.0057500000
98.5200000000,-0.0039375000
98.5600000000,-0.0051875000
98.6000000000,-0.0065625000
98.6400000000,-0.0056562500
98.6800000000,-0.0038437500
98.7200000000,-0.0020468750
98.7600000000,-0.0021875000
98.8000000000,-0.0027187500
98.8400000000,-0.0024531250
98.8800000000,-0.0014531250
98.9200000000,-0.0011718750
98.9600000000,-0.0009843750
99.0000000000,-0.0021093750
99.0400000000,-0.0032031250
99.0800000000,-0.0036718750
99.1200000000,-0.0045625000
99.1600000000,-0.0045937500
99.2000000000,-0.0055781250
99.2400000000,-0.0063593750
99.2800000000,-0.0055000000
99.3200000000,-0.0059062500
99.3600000000,-0.0074843750
99.4000000000,-0.0095468750
99.4400000000,-0.0121093750
99.4800000000,-0.0115156250
99.5200000000,-0.0094218750
99.5600000000,-0.0094843750
99.6000000000,-0.0125625000
99.6400000000,-0.0131718750
99.6800000000,-0.0135000000
99.7200000000,-0.0115625000
99.7600000000,-0.0119062500
99.8000000000,-0.0156250000
99.8400000000,-0.0169843750
99.8800000000,-0.0169843750
99.9200000000,-0.0139062500
99.9600000000,-0.0121250000
100.0000000000,-0.0130156250
100.0400000000,-0.0144843750
100.0800000000,-0.0147812500
100.1200000000,-0.0124687500
100.1600000000,-0.0106718750
100.2000000000,-0.0117812500
100.2400000000,-0.0143750000
100.2800000000,-0.0142656250
100.3200000000,-0.0112500000
100.3600000000,-0.0075000000
100.4000000000,-0.0056875000
100.4400000000,-0.0064843750
100.4800000000,-0.0082187500
100.5200000000,-0.0065937500
100.5600000000,-0.0046406250
100.6000000000,-0.0049531250
100.6400000000,-0.0076250000
100.6800000000,-0.0086250000
100.7200000000,-0.0064062500
100.7600000000,-0.0028281250
100.8000000000,-0.0009843750
100.8400000000,-0.0032500000
100.8800000000,-0.0061093750
100.9200000000,-0.0068593750
100.9600000000,-0.0054062500
101.0000000000,-0.0044062500
101.0400000000,-0.0055625000
101.0800000000,-0.0073281250
101.1200000000,-0.0064687500
101.1600000000,-0.0032031250
101.2000000000,-0.0013593750
101.2400000000,-0.0019843750
101.2800000000,-0.0031718750
101.3200000000,-0.0042343750
101.3600000000,-0.0021562500
101.4000000000,-0.0011562500
101.4400000000,-0.0013125000
101.4800000000,-0.0010781250
101.5200000000,-0.0004062500
101.5600000000,0.0005312500
101.6000000000,0.0015000000
101.6400000000,0.0011718750
101.6800000000,0.0026093750
101.7200000000,0.0035312500
101.7600000000,0.0030312500
101.8000000000,0.0028125000
101.8400000000,0.0019687500
101.8800000000,0.0028593750
101.9200000000,0.0030468750
101.9600000000,0.0027343750
102.0000000000,0.0018125000
102.0400000000,0.0017968750
102.0800000000,0.0030156250
102.1200000000,0.0014218750
102.1600000000,0.0002031250
102.2000000000,-0.0007968750
102.2400000000,-0.0010156250
102.2800000000,-0.0013906250
102.3200000000,-0.0032968750
102.3600000000,-0.0038906250
102.4000000000,-0.0032031250
102.4400000000,-0.0014218750
102.4800000000,-0.0020781250
102.5200000000,-0.0036093750
102.5600000000,-0.0045468750
102.6000000000,-0.0033125000
102.6400000000,-0.0025625000
102.6800000000,-0.0040000000
102.7200000000,-0.0049218750
102.7600000000,-0.0047812500
102.8000000000,-0.0042343750
102.8400000000,-0.0034218750
102.8800000000,-0.0044062500
102.9200000000,-0.0036406250
102.9600000000,-0.0019531250
103.0000000000,-0.0019843750
103.0400000000,-0.0018437500
103.0800000000,-0.0039843750
103.1200000000,-0.0039687500
103.1600000000,-0.0018437500
103.2000000000,-0.0009843750
103.2400000000,-0.0014843750
103.2800000000,-0.0039218750
103.3200000000,-0.0055000000
103.3600000000,-0.0033125000
103.4000000000,-0.0012500000
103.4400000000,-0.0010312500
103.4800000000,-0.0038125000
103.5200000000,-0.0077656250
103.5600000000,-0.0073906250
103.6000000000,-0.0059062500
103.6400000000,-0.0051562500
103.6800000000,-0.0069218750
103.7200000000,-0.0099218750
103.7600000000,-0.0098750000
103.8000000000,-0.0079218750
103.8400000000,-0.0056406250
103.8800000000,-0.0081093750
103.9200000000,-0.0110468750
103.9600000000,-0.0111875000
104.0000000000,-0.0100156250
104.0400000000,-0.0070625000
104.0800000000,-0.0064843750
104.1200000000,-0.0080468750
104.1600000000,-0.0082187500
104.2000000000,-0.0066718750
104.2400000000,-0.0050156250
104.2800000000,-0.0060625000
104.3200000000,-0.0082500000
104.3600000000,-0.0093750000
104.4000000000,-0.0070000000
104.4400000000,-0.0045937500
104.4800000000,-0.0047500000
104.5200000000,-0.0068906250
104.5600000000,-0.0091093750
104.6000000000,-0.0093281250
104.6400000000,-0.0074218750
104.6800000000,-0.0059687500
104.7200000000,-0.0079375000
104.7600000000,-0.0098906250
104.8000000000,-0.0123437500
104.8400000000,-0.0105781250
104.8800000000,-0.0089843750
104.9200000000,-0.0089375000
104.9600000000,-0.0113750000
105.0000000000,-0.0140000000
105.0400000000,-0.0140312500
105.0800000000,-0.0119218750
105.1200000000,-0.0114375000
105.1600000000,-0.0148750000
105.2000000000,-0.0189375000
105.2400000000,-0.0185468750
105.2800000000,-0.0169843750
105.3200000000,-0.0155312500
105.3600000000,-0.0177187500
105.4000000000,-0.0207187500
105.4400000000,-0.0198750000
105.4800000000,-0.0172968750
105.5200000000,-0.0158281250
105.5600000000,-0.0155156250
105.6000000000,-0.0166718750
105.6400000000,-0.0170937500
105.6800000000,-0.0158437500
105.7200000000,-0.0147343750
105.7600000000,-0.0145312500
105.8000000000,-0.0127656250
105.8400000000,-0.0129843750
105.8800000000,-0.0121875000
105.9200000000,-0.0107656250
105.9600000000,-0.0094531250
106.0000000000,-0.0080937500
106.0400000000,-0.0077968750
106.0800000000,-0.0087812500
106.1200000000,-0.0067343750
106.1600000000,-0.0053125000
106.2000000000,-0.0035468750
106.2400000000,-0.0027656250
106.2800000000,-0.0034218750
106.3200000000,-0.0017343750
106.3600000000,0.0008437500
106.4000000000,0.0031406250
106.4400000000,0.0024843750
106.4800000000,0.0013125000
106.5200000000,0.0025156250
106.5600000000,0.0039375000
106.6000000000,0.0061562500
106.6400000000,0.0057343750
106.6800000000,0.0031875000
106.7200000000,0.0031718750
106.7600000000,0.0038593750
106.8000000000,0.0062343750
106.8400000000,0.0063750000
106.8800000000,0.0029062500
106.9200000000,0.0019843750
106.9600000000,0.0018750000
107.0000000000,0.0046250000
107.0400000000,0.0056093750
107.0800000000,0.0027187500
107.1200000000,-0.0007656250
107.1600000000,-0.0015156250
107.2000000000,-0.0001093750
107.2400000000,0.0007187500
107.2800000000,0.0000937500
107.3200000000,-0.0012500000
107.3600000000,-0.0034218750
107.4000000000,-0.0023750000
107.4400000000,-0.0026875000
107.4800000000,-0.0015156250
107.5200000000,-0.0023281250
107.5600000000,-0.0036562500
107.6000000000,-0.0037343750
107.6400000000,-0.0042500000
107.6800000000,-0.0027187500
107.7200000000,-0.0018750000
107.7600000000,-0.0023593750
107.8000000000,-0.0037500000
107.8400000000,-0.0032812500
107.8800000000,-0.0017812500
107.9200000000,0.0002343750
107.9600000000,0.0007187500
108.0000000000,-0.0002031250
108.0400000000,0.0001406250
108.0800000000,0.0023125000
108.1200000000,0.0028281250
108.1600000000,0.0028437500
108.2000000000,0.0010468750
108.2400000000,0.0001718750
108.2800000000,0.0005312500
108.3200000000,0.0018281250
108.3600000000,0.0022968750
108.4000000000,0.0020625000
108.4400000000,0.0017187500
108.4800000000,0.0020781250
108.5200000000,0.0015312500
108.5600000000,0.0023437500
108.6000000000,0.0029062500
108.6400000000,0.0035781250
108.6800000000,0.0033281250
108.7200000000,0.0020781250
108.7600000000,0.0014062500
108.8000000000,0.0029062500
108.8400000000,0.0050000000
108.8800000000,0.0045781250
108.9200000000,0.0004687500
108.9600000000,-0.0025468750
109.0000000000,-0.0014687500
109.0400000000,0.0012968750
109.0800000000,0.0029531250
109.1200000000,-0.0012968750
109.1600000000,-0.0064218750
109.2000000000,-0.0060312500
109.2400000000,-0.0037343750
109.2800000000,-0.0034375000
109.3200000000,-0.0087343750
109.3600000000,-0.0136562500
109.4000000000,-0.0142656250
109.4400000000,-0.0099843750
109.4800000000,-0.0072500000
109.5200000000,-0.0093125000
109.5600000000,-0.0135468750
109.6000000000,-0.0163906250
109.6400000000,-0.0140312500
109.6800000000,-0.0140468750
109.7200000000,-0.0160625000
109.7600000000,-0.0179687500
109.8000000000,-0.0202031250
109.8400000000,-0.0184218750
109.8800000000,-0.0162187500
109.9200000000,-0.0141093750
109.9600000000,-0.0156250000
110.0000000000,-0.0169687500
110.0400000000,-0.0172656250
110.0800000000,-0.0158125000
110.1200000000,-0.0146875000
110.1600000000,-0.0159687500
110.2000000000,-0.0173750000
110.2400000000,-0.0175781250
110.2800000000,-0.0138437500
110.3200000000,-0.0105156250
110.3600000000,-0.0100156250
110.4000000000,-0.0112343750
110.4400000000,-0.0124687500
110.4800000000,-0.0100625000
110.5200000000,-0.0071406250
110.5600000000,-0.0077500000
110.6000000000,-0.0104687500
110.6400000000,-0.0130312500
110.6800000000,-0.0107812500
110.7200000000,-0.0065312500
110.7600000000,-0.0045312500
110.8000000000,-0.0052812500
110.8400000000,-0.0075937500
110.8800000000,-0.0072656250
110.9200000000,-0.0055000000
110.9600000000,-0.0030937500
111.0000000000,-0.0030781250
111.0400000000,-0.0034531250
111.0800000000,-0.0033750000
111.1200000000,-0.0027031250
111.1600000000,-0.0002968750
111.2000000000,0.0009687500
111.2400000000,0.0006562500
111.2800000000,0.0005000000
111.3200000000,-0.0001718750
111.3600000000,0.0007343750
111.4000000000,0.0015781250
111.4400000000,0.0010781250
111.4800000000,-0.0001875000
111.5200000000,-0.0016093750
111.5600000000,-0.0016875000
111.6000000000,0.0002812500
111.6400000000,0.0023906250
111.6800000000,0.0027031250
111.7200000000,0.0014062500
111.7600000000,0.0008593750
111.8000000000,0.0012500000
111.8400000000,0.0025937500
111.8800000000,0.0018750000
111.9200000000,0.0002968750
111.9600000000,0.0001093750
112.0000000000,-0.0012656250
112.0400000000,0.0000000000
112.0800000000,0.0004062500
112.1200000000,0.0003125000
112.1600000000,0.0008906250
112.2000000000,0.0007343750
112.2400000000,-0.0001875000
112.2800000000,-0.0008125000
112.3200000000,-0.0025156250
112.3600000000,-0.0020781250
112.4000000000,-0.0002968750
112.4400000000,0.0002187500
112.4800000000,0.0008906250
112.5200000000,-0.0006093750
112.5600000000,-0.0005156250
112.6000000000,-0.0009531250
112.6400000000,-0.0002343750
112.6800000000,-0.0011875000
112.7200000000,-0.0029218750
112.7600000000,-0.0043906250
112.8000000000,-0.0048593750
112.8400000000,-0.0037968750
112.8800000000,-0.0043750000
112.9200000000,-0.0059375000
112.9600000000,-0.0068750000
113.0000000000,-0.0078906250
113.0400000000,-0.0073750000
113.0800000000,-0.0083437500
113.1200000000,-0.0094687500
113.1600000000,-0.0108437500
113.2000000000,-0.0124375000
113.2400000000,-0.0126250000
113.2800000000,-0.0132343750
113.3200000000,-0.0132812500
113.3600000000,-0.0140312500
113.4000000000,-0.0147500000
113.4400000000,-0.0160468750
113.4800000000,-0.0157031250
113.5200000000,-0.0148593750
113.5600000000,-0.0143906250
113.6000000000,-0.0139531250
113.6400000000,-0.0149062500
113.6800000000,-0.0149687500
113.7200000000,-0.0136406250
113.7600000000,-0.0135000000
113.8000000000,-0.0140312500
113.8400000000,-0.0147968750
113.8800000000,-0.0152968750
113.9200000000,-0.0140000000
113.9600000000,-0.0126875000
114.0000000000,-0.0103906250
114.0400000000,-0.0110625000
114.0800000000,-0.0110312500
114.1200000000,-0.0098750000
114.1600000000,-0.0106250000
114.2000000000,-0.0096875000
114.2400000000,-0.0115781250
114.2800000000,-0.0131718750
114.3200000000,-0.0132343750
114.3600000000,-0.0132656250
114.4000000000,-0.0110468750
114.4400000000,-0.0120156250
114.4800000000,-0.0135000000
114.5200000000,-0.0136718750
114.5600000000,-0.0139218750
114.6000000000,-0.0135625000
114.6400000000,-0.0147968750
114.6800000000,-0.0169843750
114.7200000000,-0.0174531250
114.7600000000,-0.0169375000
114.8000000000,-0.0156093750
114.8400000000,-0.0139218750
114.8800000000,-0.0124687500
114.9200000000,-0.0115312500
114.9600000000,-0.0112343750
115.0000000000,-0.0107656250
115.0400000000,-0.0104531250
115.0800000000,-0.0095937500
115.1200000000,-0.0083281250
115.1600000000,-0.0082031250
115.2000000000,-0.0079843750
115.2400000000,-0.0077656250
115.2800000000,-0.0062500000
115.3200000000,-0.0041718750
115.3600000000,-0.0030312500
115.4000000000,-0.0029687500
115.4400000000,-0.0040781250
115.4800000000,-0.0044218750
115.5200000000,-0.0038125000
115.5600000000,-0.0001875000
115.6000000000,0.0014218750
115.6400000000,-0.0004062500
115.6800000000,-0.0016406250
115.7200000000,-0.0019218750
115.7600000000,0.0004375000
115.8000000000,0.0020000000
115.8400000000,0.0000312500
115.8800000000,-0.0026093750
115.9200000000,-0.0034375000
115.9600000000,-0.0012500000
116.0000000000,0.0002656250
116.0400000000,-0.0005781250
116.0800000000,-0.0031875000
116.1200000000,-0.0040312500
116.1600000000,-0.0023281250
116.2000000000,-0.0020000000
116.2400000000,-0.0021562500
116.2800000000,-0.0051562500
116.3200000000,-0.0046562500
116.3600000000,-0.0037187500
116.4000000000,-0.0010781250
116.4400000000,-0.0013437500
116.4800000000,-0.0049531250
116.5200000000,-0.0066406250
116.5600000000,-0.0060781250
116.6000000000,-0.0028750000
116.6400000000,-0.0025937500
116.6800000000,-0.0060000000
116.7200000000,-0.0078906250
116.7600000000,-0.0067187500
116.8000000000,-0.0040625000
116.8400000000,-0.0040156250
116.8800000000,-0.0059843750
116.9200000000,-0.0067656250
116.9600000000,-0.0042187500
117.0000000000,-0.0025625000
117.0400000000,-0.0023750000
117.0800000000,-0.0032500000
117.1200000000,-0.0038125000
117.1600000000,-0.0016406250
117.2000000000,-0.0001718750
117.2400000000,-0.0011250000
117.2800000000,-0.0020312500
117.3200000000,-0.0029062500
117.3600000000,-0.0013906250
117.4000000000,0.0012812500
117.4400000000,0.0034218750
117.4800000000,0.0037031250
117.5200000000,0.0017812500
117.5600000000,0.0011093750
117.6000000000,0.0026406250
117.6400000000,0.0046093750
117.6800000000,0.0050156250
117.7200000000,0.0020625000
117.7600000000,-0.0011718750
117.8000000000,0.0016250000
117.8400000000,0.0052656250
117.8800000000,0.0080312500
117.9200000000,0.0066406250
117.9600000000,0.0033906250
118.0000000000,0.0046875000
118.0400000000,0.0074218750
118.0800000000,0.0089375000
118.1200000000,0.0078906250
118.1600000000,0.0074062500
118.2000000000,0.0089062500
118.2400000000,0.0118125000
118.2800000000,0.0140312500
118.3200000000,0.0140156250
118.3600000000,0.0142656250
118.4000000000,0.0151093750
118.4400000000,0.0163125000
118.4800000000,0.0171093750
118.5200000000,0.0167500000
118.5600000000,0.0157343750
118.6000000000,0.0162187500
118.6400000000,0.0160781250
118.6800000000,0.0159843750
118.7200000000,0.0156718750
118.7600000000,0.0144843750
118.8000000000,0.0146406250
118.8400000000,0.0151250000
118.8800000000,0.0147031250
118.9200000000,0.0124062500
118.9600000000,0.0092968750
119.0000000000,0.0072031250
119.0400000000,0.0062343750
119.0800000000,0.0068593750
119.1200000000,0.0054531250
119.1600000000,0.0024062500
119.2000000000,0.0005468750
119.2400000000,0.0001718750
119.2800000000,0.0015781250
119.3200000000,0.0012500000
119.3600000000,-0.0030781250
119.4000000000,-0.0082812500
119.4400000000,-0.0109218750
119.4800000000,-0.0101093750
119.5200000000,-0.0079687500
119.5600000000,-0.0090156250
119.6000000000,-0.0129062500
119.6400000000,-0.0154687500
119.6800000000,-0.0158437500
119.7200000000,-0.0137187500
119.7600000000,-0.0136875000
119.8000000000,-0.0170156250
119.8400000000,-0.0206406250
119.8800000000,-0.0226562500
119.9200000000,-0.0219531250
119.9600000000,-0.0219843750
120.0000000000,-0.0224062500
120.0400000000,-0.0244062500
120.0800000000,-0.0252343750
120.1200000000,-0.0260000000
120.1600000000,-0.0258437500
120.2000000000,-0.0271093750
120.2400000000,-0.0304062500
120.2800000000,-0.0318281250
120.3200000000,-0.0319843750
120.3600000000,-0.0305781250
120.4000000000,-0.0308281250
120.4400000000,-0.0322812500
120.4800000000,-0.0317656250
120.5200000000,-0.0305781250
120.5600000000,-0.0279843750
120.6000000000,-0.0282031250
120.6400000000,-0.0307031250
120.6800000000,-0.0311250000
120.7200000000,-0.0283750000
120.7600000000,-0.0255625000
120.8000000000,-0.0242031250
120.8400000000,-0.0254687500
120.8800000000,-0.0242500000
120.9200000000,-0.0215781250
120.9600000000,-0.0187500000
121.0000000000,-0.0168281250
121.0400000000,-0.0174375000
121.0800000000,-0.0177031250
121.1200000000,-0.0167343750
121.1600000000,-0.0145000000
121.2000000000,-0.0129375000
121.2400000000,-0.0127031250
121.2800000000,-0.0132968750
121.3200000000,-0.0121406250
121.3600000000,-0.0083125000
121.4000000000,-0.0050625000
121.4400000000,-0.0050937500
121.4800000000,-0.0086250000
121.5200000000,-0.0094218750
121.5600000000,-0.0070468750
121.6000000000,-0.0036406250
121.6400000000,-0.0038593750
121.6800000000,-0.0071250000
121.7200000000,-0.0075781250
121.7600000000,-0.0035312500
121.8000000000,0.0017031250
121.8400000000,0.0012656250
121.8800000000,-0.0025781250
121.9200000000,-0.0032812500
121.9600000000,-0.0005781250
122.0000000000,0.0030156250
122.0400000000,0.0008750000
122.0800000000,-0.0027187500
122.1200000000,-0.0037812500
122.1600000000,0.0013437500
122.2000000000,0.0057656250
122.2400000000,0.0042656250
122.2800000000,0.0013125000
122.3200000000,-0.0028125000
122.3600000000,-0.0006093750
122.4000000000,0.0024375000
122.4400000000,0.0014218750
122.4800000000,-0.0009218750
122.5200000000,-0.0030781250
122.5600000000,-0.0023125000
122.6000000000,-0.0006562500
122.6400000000,-0.0003281250
122.6800000000,-0.0023593750
122.7200000000,-0.0033125000
122.7600000000,-0.0032968750
122.8000000000,-0.0015625000
122.8400000000,-0.0013593750
122.8800000000,-0.0036250000
122.9200000000,-0.0051875000
122.9600000000,-0.0047187500
123.0000000000,-0.0032031250
123.0400000000,-0.0009062500
123.0800000000,-0.0018906250
123.1200000000,-0.0052656250
123.1600000000,-0.0056718750
123.2000000000,-0.0044843750
123.2400000000,-0.0020937500
123.2800000000,-0.0028750000
123.3200000000,-0.0056406250
123.3600000000,-0.0073593750
123.4000000000,-0.0078437500
123.4400000000,-0.0057500000
123.4800000000,-0.0051718750
123.5200000000,-0.0066406250
123.5600000000,-0.0082968750
123.6000000000,-0.0084062500
123.6400000000,-0.0076718750
123.6800000000,-0.0059218750
123.7200000000,-0.0053125000
123.7600000000,-0.0075312500
123.8000000000,-0.0097656250
123.8400000000,-0.0103750000
123.8800000000,-0.0098906250
123.9200000000,-0.0083750000
123.9600000000,-0.0092343750
124.0000000000,-0.0106093750
124.0400000000,-0.0117343750
124.0800000000,-0.0111093750
124.1200000000,-0.0096875000
124.1600000000,-0.0111875000
124.2000000000,-0.0134843750
124.2400000000,-0.0142343750
124.2800000000,-0.0113593750
124.3200000000,-0.0095625000
124.3600000000,-0.0077500000
124.4000000000,-0.0082343750
124.4400000000,-0.0082187500
124.4800000000,-0.0065937500
124.5200000000,-0.0059375000
124.5600000000,-0.0050625000
124.6000000000,-0.0059062500
124.6400000000,-0.0086250000
124.6800000000,-0.0074531250
124.7200000000,-0.0060625000
124.7600000000,-0.0023750000
124.8000000000,-0.0010625000
124.8400000000,-0.0025000000
124.8800000000,-0.0032500000
124.9200000000,-0.0023437500
124.9600000000,-0.0004218750
125.0000000000,-0.0002500000
125.0400000000,-0.0020156250
125.0800000000,-0.0041718750
125.1200000000,-0.0021562500
125.1600000000,0.0012187500
125.2000000000,0.0031250000
125.2400000000,0.0012343750
125.2800000000,-0.0006562500
125.3200000000,-0.0006875000
125.3600000000,0.0030937500
125.4000000000,0.0052500000
125.4400000000,0.0041718750
125.4800000000,0.0019375000
125.5200000000,0.0018281250
125.5600000000,0.0048437500
125.6000000000,0.0079375000
125.6400000000,0.0082500000
125.6800000000,0.0061093750
125.7200000000,0.0056875000
125.7600000000,0.0063593750
125.8000000000,0.0076406250
125.8400000000,0.0082812500
125.8800000000,0.0072187500
125.9200000000,0.0071562500
125.9600000000,0.0064218750
126.0000000000,0.0067656250
126.0400000000,0.0075781250
126.0800000000,0.0083437500
126.1200000000,0.0089531250
126.1600000000,0.0056093750
126.2000000000,0.0019531250
126.2400000000,0.0042031250
126.2800000000,0.0065937500
126.3200000000,0.0096250000
126.3600000000,0.0060000000
126.4000000000,0.0004687500
126.4400000000,0.0007968750
126.4800000000,0.0030781250
126.5200000000,0.0067031250
126.5600000000,0.0042812500
126.6000000000,-0.0011562500
126.6400000000,-0.0022187500
126.6800000000,-0.0000781250
126.7200000000,0.0038437500
126.7600000000,0.0038750000
126.8000000000,-0.0003906250
126.8400000000,-0.0027500000
126.8800000000,-0.0037968750
126.9200000000,-0.0005781250
126.9600000000,0.0007812500
127.0000000000,-0.0007812500
127.0400000000,-0.0039843750
127.0800000000,-0.0058281250
127.1200000000,-0.0047031250
127.1600000000,-0.0028125000
127.2000000000,-0.0045937500
127.2400000000,-0.0080625000
127.2800000000,-0.0115937500
127.3200000000,-0.0118281250
127.3600000000,-0.0098906250
127.4000000000,-0.0095781250
127.4400000000,-0.0100000000
127.4800000000,-0.0122500000
127.5200000000,-0.0139687500
127.5600000000,-0.0134062500
127.6000000000,-0.0132343750
127.6400000000,-0.0150625000
127.6800000000,-0.0153750000
127.7200000000,-0.0171093750
127.7600000000,-0.0154375000
127.8000000000,-0.0124062500
127.8400000000,-0.0118593750
127.8800000000,-0.0125468750
127.9200000000,-0.0147343750
127.9600000000,-0.0154687500
128.0000000000,-0.0131875000
128.0400000000,-0.0116093750
128.0800000000,-0.0125937500
128.1200000000,-0.0136250000
128.1600000000,-0.0132500000
128.2000000000,-0.0098281250
128.2400000000,-0.0066875000
128.2800000000,-0.0082343750
128.3200000000,-0.0105937500
128.3600000000,-0.0103906250
128.4000000000,-0.0083593750
128.4400000000,-0.0061250000
128.4800000000,-0.0070625000
128.5200000000,-0.0085312500
128.5600000000,-0.0077187500
128.6000000000,-0.0060625000
128.6400000000,-0.0051093750
128.6800000000,-0.0062187500
128.7200000000,-0.0084218750
128.7600000000,-0.0081093750
128.8000000000,-0.0073437500
128.8400000000,-0.0070468750
128.8800000000,-0.0074531250
128.9200000000,-0.0085468750
128.9600000000,-0.0074062500
129.0000000000,-0.0062656250
129.0400000000,-0.0061562500
129.0800000000,-0.0061093750
129.1200000000,-0.0062812500
129.1600000000,-0.0078437500
129.2000000000,-0.0070156250
129.2400000000,-0.0065468750
129.2800000000,-0.0063437500
129.3200000000,-0.0060312500
129.3600000000,-0.0065156250
129.4000000000,-0.0070937500
129.4400000000,-0.0064843750
129.4800000000,-0.0044687500
129.5200000000,-0.0030781250
129.5600000000,-0.0038437500
129.6000000000,-0.0049687500
129.6400000000,-0.0053437500
129.6800000000,-0.0039687500
129.7200000000,-0.0025468750
129.7600000000,-0.0025312500
129.8000000000,-0.0036250000
129.8400000000,-0.0052031250
129.8800000000,-0.0047343750
129.9200000000,-0.0018281250
129.9600000000,0.0009375000
130.0000000000,-0.0003125000
130.0400000000,-0.0017500000
130.0800000000,-0.0020625000
130.1200000000,-0.0000312500
130.1600000000,0.0026875000
130.2000000000,0.0018281250
130.2400000000,-0.0010468750
130.2800000000,-0.0018750000
130.3200000000,0.0013906250
130.3600000000,0.0050625000
130.4000000000,0.0046250000
130.4400000000,0.0004375000
130.4800000000,-0.0020468750
130.5200000000,-0.0010625000
130.5600000000,0.0035312500
130.6000000000,0.0049218750
130.6400000000,0.0004843750
130.6800000000,-0.0035781250
130.7200000000,-0.0037500000
130.7600000000,-0.0011406250
130.8000000000,0.0006875000
130.8400000000,-0.0024062500
130.8800000000,-0.0079218750
130.9200000000,-0.0095312500
130.9600000000,-0.0089843750
131.0000000000,-0.0068593750
131.0400000000,-0.0090000000
131.0800000000,-0.0133281250
131.1200000000,-0.0153750000
131.1600000000,-0.0162656250
131.2000000000,-0.0151406250
131.2400000000,-0.0162968750
131.2800000000,-0.0193906250
131.3200000000,-0.0223437500
131.3600000000,-0.0215000000
131.4000000000,-0.0185156250
131.4400000000,-0.0167812500
131.4800000000,-0.0191250000
131.5200000000,-0.0222656250
131.5600000000,-0.0230937500
131.6000000000,-0.0213593750
131.6400000000,-0.0187031250
131.6800000000,-0.0192031250
131.7200000000,-0.0211718750
131.7600000000,-0.0205625000
131.8000000000,-0.0185156250
131.8400000000,-0.0162031250
131.8800000000,-0.0177656250
131.9200000000,-0.0187343750
131.9600000000,-0.0167500000
132.0000000000,-0.0133750000
132.0400000000,-0.0120781250
132.0800000000,-0.0155000000
132.1200000000,-0.0166562500
132.1600000000,-0.0155781250
132.2000000000,-0.0114531250
132.2400000000,-0.0099218750
132.2800000000,-0.0130781250
132.3200000000,-0.0150625000
132.3600000000,-0.0136875000
132.4000000000,-0.0104687500
132.4400000000,-0.0096250000
132.4800000000,-0.0125937500
132.5200000000,-0.0122343750
132.5600000000,-0.0103593750
132.6000000000,-0.0077343750
132.6400000000,-0.0072187500
132.6800000000,-0.0102968750
132.7200000000,-0.0094531250
132.7600000000,-0.0057968750
132.8000000000,-0.0030000000
132.8400000000,-0.0039375000
132.8800000000,-0.0054531250
132.9200000000,-0.0046093750
132.9600000000,-0.0014062500
133.0000000000,0.0009843750
133.0400000000,0.0010937500
133.0800000000,0.0006093750
133.1200000000,0.0007656250
133.1600000000,0.0031562500
133.2000000000,0.0050625000
133.2400000000,0.0053593750
133.2800000000,0.0056250000
133.3200000000,0.0051562500
133.3600000000,0.0051250000
133.4000000000,0.0068593750
133.4400000000,0.0079375000
133.4800000000,0.0091875000
133.5200000000,0.0077343750
133.5600000000,0.0051875000
133.6000000000,0.0033750000
133.6400000000,0.0046093750
133.6800000000,0.0063281250
133.7200000000,0.0080468750
133.7600000000,0.0071718750
133.8000000000,0.0051406250
133.8400000000,0.0051875000
133.8800000000,0.0053281250
133.9200000000,0.0063281250
133.9600000000,0.0054843750
134.0000000000,0.0029218750
134.0400000000,0.0016562500
134.0800000000,0.0018281250
134.1200000000,0.0030156250
134.1600000000,0.0052343750
134.2000000000,0.0032968750
134.2400000000,0.0025625000
134.2800000000,0.0025468750
134.3200000000,0.0017031250
134.3600000000,0.0021562500
134.4000000000,0.0002187500
134.4400000000,-0.0032187500
134.4800000000,-0.0036406250
134.5200000000,-0.0052656250
134.5600000000,-0.0029375000
134.6000000000,-0.0015468750
134.6400000000,-0.0025781250
134.6800000000,-0.0038281250
134.7200000000,-0.0060625000
134.7600000000,-0.0069687500
134.8000000000,-0.0056562500
134.8400000000,-0.0059062500
134.8800000000,-0.0092187500
134.9200000000,-0.0120000000
134.9600000000,-0.0117968750
135.0000000000,-0.0069843750
135.0400000000,-0.0047500000
135.0800000000,-0.0066718750
135.1200000000,-0.0110937500
135.1600000000,-0.0116562500
135.2000000000,-0.0091406250
135.2400000000,-0.0067812500
135.2800000000,-0.0081562500
135.3200000000,-0.0118593750
135.3600000000,-0.0122656250
135.4000000000,-0.0092187500
135.4400000000,-0.0048125000
135.4800000000,-0.0034218750
135.5200000000,-0.0037812500
135.5600000000,-0.0054062500
135.6000000000,-0.0058125000
135.6400000000,-0.0035625000
135.6800000000,-0.0025781250
135.7200000000,-0.0013593750
135.7600000000,-0.0017968750
135.8000000000,-0.0031875000
135.8400000000,-0.0022031250
135.8800000000,0.0006718750
135.9200000000,0.0031250000
135.9600000000,0.0047343750
136.0000000000,0.0018750000
136.0400000000,0.0005312500
136.0800000000,0.0022500000
136.1200000000,0.0045468750
136.1600000000,0.0056093750
136.2000000000,0.0036875000
136.2400000000,0.0015781250
136.2800000000,0.0016406250
136.3200000000,0.0046875000
136.3600000000,0.0060000000
136.4000000000,0.0057187500
136.4400000000,0.0038125000
136.4800000000,0.0032812500
136.5200000000,0.0036406250
136.5600000000,0.0033750000
136.6000000000,0.0019062500
136.6400000000,-0.0005937500
136.6800000000,-0.0022343750
136.7200000000,-0.0024843750
136.7600000000,-0.0019687500
136.8000000000,-0.0011562500
136.8400000000,-0.0021093750
136.8800000000,-0.0037500000
136.9200000000,-0.0059218750
136.9600000000,-0.0059531250
137.0000000000,-0.0070312500
137.0400000000,-0.0089218750
137.0800000000,-0.0111406250
137.1200000000,-0.0136562500
137.1600000000,-0.0138281250
137.2000000000,-0.0125781250
137.2400000000,-0.0101250000
137.2800000000,-0.0099062500
137.3200000000,-0.0123125000
137.3600000000,-0.0131718750
137.4000000000,-0.0137343750
137.4400000000,-0.0124375000
137.4800000000,-0.0116875000
137.5200000000,-0.0128437500
137.5600000000,-0.0136406250
137.6000000000,-0.0132031250
137.6400000000,-0.0103437500
137.6800000000,-0.0083593750
137.7200000000,-0.0093906250
137.7600000000,-0.0097812500
137.8000000000,-0.0113281250
137.8400000000,-0.0105781250
137.8800000000,-0.0110000000
137.9200000000,-0.0128437500
137.9600000000,-0.0133750000
138.0000000000,-0.0120000000
138.0400000000,-0.0100468750
138.0800000000,-0.0121875000
138.1200000000,-0.0144062500
138.1600000000,-0.0166406250
138.2000000000,-0.0162031250
138.2400000000,-0.0154375000
138.2800000000,-0.0178437500
138.3200000000,-0.0212031250
138.3600000000,-0.0219687500
138.4000000000,-0.0204218750
138.4400000000,-0.0177343750
138.4800000000,-0.0187343750
138.5200000000,-0.0214687500
138.5600000000,-0.0224531250
138.6000000000,-0.0220156250
138.6400000000,-0.0189062500
138.6800000000,-0.0175156250
138.7200000000,-0.0187812500
138.7600000000,-0.0196250000
138.8000000000,-0.0167656250
138.8400000000,-0.0125312500
138.8800000000,-0.0097812500
138.9200000000,-0.0116093750
138.9600000000,-0.0135781250
139.0000000000,-0.0121718750
139.0400000000,-0.0088593750
139.0800000000,-0.0071875000
139.1200000000,-0.0088906250
139.1600000000,-0.0096562500
139.2000000000,-0.0071875000
139.2400000000,-0.0027500000
139.2800000000,-0.0002968750
139.3200000000,-0.0012187500
139.3600000000,-0.0035937500
139.4000000000,-0.0038281250
139.4400000000,-0.0014687500
139.4800000000,0.0014218750
139.5200000000,0.0016406250
139.5600000000,0.0000468750
139.6000000000,0.0005781250
139.6400000000,0.0036093750
139.6800000000,0.0059687500
139.7200000000,0.0071406250
139.7600000000,0.0055625000
139.8000000000,0.0053593750
139.8400000000,0.0078593750
139.8800000000,0.0101406250
139.9200000000,0.0109531250
139.9600000000,0.0088906250
140.0000000000,0.0088750000
140.0400000000,0.0118437500
140.0800000000,0.0137812500
140.1200000000,0.0139531250
140.1600000000,0.0115468750
140.2000000000,0.0115781250
140.2400000000,0.0122812500
140.2800000000,0.0136406250
140.3200000000,0.0137187500
140.3600000000,0.0117812500
140.4000000000,0.0105781250
140.4400000000,0.0091406250
140.4800000000,0.0095156250
140.5200000000,0.0087187500
140.5600000000,0.0077656250
140.6000000000,0.0060781250
140.6400000000,0.0043906250
140.6800000000,0.0032187500
140.7200000000,0.0032656250
140.7600000000,0.0034062500
140.8000000000,0.0017031250
140.8400000000,-0.0008593750
140.8800000000,-0.0023593750
140.9200000000,-0.0017812500
140.9600000000,-0.0020625000
141.0000000000,-0.0030468750
141.0400000000,-0.0054843750
141.0800000000,-0.0046718750
141.1200000000,-0.0027812500
141.1600000000,-0.0015156250
141.2000000000,-0.0027187500
141.2400000000,-0.0057656250
141.2800000000,-0.0067031250
141.3200000000,-0.0071250000
141.3600000000,-0.0074218750
141.4000000000,-0.0092187500
141.4400000000,-0.0097656250
141.4800000000,-0.0092031250
141.5200000000,-0.0094531250
141.5600000000,-0.0094687500
141.6000000000,-0.0100625000
141.6400000000,-0.0104843750
141.6800000000,-0.0114375000
141.7200000000,-0.0142187500
141.7600000000,-0.0162343750
141.8000000000,-0.0175468750
141.8400000000,-0.0164062500
141.8800000000,-0.0150937500
141.9200000000,-0.0158750000
141.9600000000,-0.0186250000
142.0000000000,-0.0185000000
142.0400000000,-0.0180625000
142.0800000000,-0.0191718750
142.1200000000,-0.0206406250
142.1600000000,-0.0224843750
142.2000000000,-0.0217812500
142.2400000000,-0.0197812500
142.2800000000,-0.0197343750
142.3200000000,-0.0207500000
142.3600000000,-0.0210000000
142.4000000000,-0.0196406250
142.4400000000,-0.0170312500
142.4800000000,-0.0174062500
142.5200000000,-0.0201718750
142.5600000000,-0.0206562500
142.6000000000,-0.0173750000
142.6400000000,-0.0144531250
142.6800000000,-0.0136250000
142.7200000000,-0.0167031250
142.7600000000,-0.0173437500
142.8000000000,-0.0147812500
142.8400000000,-0.0114843750
142.8800000000,-0.0112187500
142.9200000000,-0.0150781250
142.9600000000,-0.0155937500
143.0000000000,-0.0145312500
143.0400000000,-0.0095312500
143.0800000000,-0.0082500000
143.1200000000,-0.0107187500
143.1600000000,-0.0128593750
143.2000000000,-0.0118281250
143.2400000000,-0.0081250000
143.2800000000,-0.0050312500
143.3200000000,-0.0058125000
143.3600000000,-0.0073750000
143.4000000000,-0.0054687500
143.4400000000,-0.0012968750
143.4800000000,0.0030000000
143.5200000000,0.0013437500
143.5600000000,-0.0025937500
143.6000000000,-0.0042656250
143.6400000000,-0.0001875000
143.6800000000,0.0055312500
143.7200000000,0.0074218750
143.7600000000,0.0047031250
143.8000000000,0.0018593750
143.8400000000,0.0036250000
143.8800000000,0.0078281250
143.9200000000,0.0094531250
143.9600000000,0.0063437500
144.0000000000,0.0024531250
144.0400000000,0.0027968750
144.0800000000,0.0065625000
144.1200000000,0.0097656250
144.1600000000,0.0088750000
144.2000000000,0.0054062500
144.2400000000,0.0042343750
144.2800000000,0.0055781250
144.3200000000,0.0076562500
144.3600000000,0.0067968750
144.4000000000,0.0051875000
144.4400000000,0.0042812500
144.4800000000,0.0053593750
144.5200000000,0.0076406250
144.5600000000,0.0087031250
144.6000000000,0.0091093750
144.6400000000,0.0071250000
144.6800000000,0.0067500000
144.7200000000,0.0067500000
144.7600000000,0.0081718750
144.8000000000,0.0087656250
144.8400000000,0.0078906250
144.8800000000,0.0064687500
144.9200000000,0.0059687500
144.9600000000,0.0075937500
145.0000000000,0.0079843750
145.0400000000,0.0071250000
145.0800000000,0.0049531250
145.1200000000,0.0021875000
145.1600000000,0.0024375000
145.2000000000,0.0023906250
145.2400000000,0.0013281250
145.2800000000,-0.0002812500
145.3200000000,-0.0021718750
145.3600000000,-0.0029375000
145.4000000000,-0.0037031250
145.4400000000,-0.0042656250
145.4800000000,-0.0060625000
145.5200000000,-0.0085781250
145.5600000000,-0.0110156250
145.6000000000,-0.0121718750
145.6400000000,-0.0128906250
145.6800000000,-0.0137343750
145.7200000000,-0.0155937500
145.7600000000,-0.0166875000
145.8000000000,-0.0182968750
145.8400000000,-0.0177812500
145.8800000000,-0.0179218750
145.9200000000,-0.0204218750
145.9600000000,-0.0224687500
146.0000000000,-0.0243750000
146.0400000000,-0.0234531250
146.0800000000,-0.0224531250
146.1200000000,-0.0231562500
146.1600000000,-0.0239531250
146.2000000000,-0.0243437500
146.2400000000,-0.0240000000
146.2800000000,-0.0233750000
146.3200000000,-0.0238437500
146.3600000000,-0.0245312500
146.4000000000,-0.0241562500
146.4400000000,-0.0235937500
146.4800000000,-0.0224375000
146.5200000000,-0.0212187500
146.5600000000,-0.0218437500
146.6000000000,-0.0206406250
146.6400000000,-0.0188437500
146.6800000000,-0.0161093750
146.7200000000,-0.0142343750
146.7600000000,-0.0151406250
146.8000000000,-0.0166875000
146.8400000000,-0.0161562500
146.8800000000,-0.0127187500
146.9200000000,-0.0105781250
146.9600000000,-0.0116718750
147.0000000000,-0.0126718750
147.0400000000,-0.0107500000
147.0800000000,-0.0063750000
147.1200000000,-0.0028437500
147.1600000000,-0.0032656250
147.2000000000,-0.0056875000
147.2400000000,-0.0072187500
147.2800000000,-0.0053125000
147.3200000000,-0.0037343750
147.3600000000,-0.0024062500
147.4000000000,-0.0010000000
147.4400000000,-0.0014687500
147.4800000000,-0.0008906250
147.5200000000,-0.0018906250
147.5600000000,-0.0005781250
147.6000000000,0.0011406250
147.6400000000,0.0018125000
147.6800000000,0.0007500000
147.7200000000,-0.0012968750
147.7600000000,-0.0008906250
147.8000000000,0.0011562500
147.8400000000,0.0034687500
147.8800000000,0.0029531250
147.9200000000,0.0042187500
147.9600000000,0.0054218750
148.0000000000,0.0078281250
148.0400000000,0.0082656250
148.0800000000,0.0070937500
148.1200000000,0.0061406250
148.1600000000,0.0064062500
148.2000000000,0.0073125000
148.2400000000,0.0072343750
148.2800000000,0.0072187500
148.3200000000,0.0082343750
148.3600000000,0.0093906250
148.4000000000,0.0106718750
148.4400000000,0.0099062500
148.4800000000,0.0083437500
148.5200000000,0.0064218750
148.5600000000,0.0055000000
148.6000000000,0.0057500000
148.6400000000,0.0059375000
148.6800000000,0.0048437500
148.7200000000,0.0027500000
148.7600000000,0.0029062500
148.8000000000,0.0034218750
148.8400000000,0.0054687500
148.8800000000,0.0039375000
148.9200000000,-0.0010625000
148.9600000000,-0.0035625000
149.0000000000,-0.0030937500
149.0400000000,-0.0011093750
149.0800000000,-0.0018906250
149.1200000000,-0.0052968750
149.1600000000,-0.0058593750
149.2000000000,-0.0044843750
149.2400000000,-0.0022031250
149.2800000000,-0.0039062500
149.3200000000,-0.0065468750
149.3600000000,-0.0076875000
149.4000000000,-0.0060156250
149.4400000000,-0.0051250000
149.4800000000,-0.0071093750
149.5200000000,-0.0080937500
149.5600000000,-0.0080000000
149.6000000000,-0.0050000000
149.6400000000,-0.0037812500
149.6800000000,-0.0047187500
149.7200000000,-0.0052656250
149.7600000000,-0.0050312500
149.8000000000,-0.0038281250
149.8400000000,-0.0027187500
149.8800000000,-0.0044531250
149.9200000000,-0.0076875000
149.9600000000,-0.0085312500
150.0000000000,-0.0084218750
150.0400000000,-0.0057500000
150.0800000000,-0.0050937500
150.1200000000,-0.0071406250
150.1600000000,-0.0076093750
150.2000000000,-0.0067187500
150.2400000000,-0.0058750000
150.2800000000,-0.0067812500
150.3200000000,-0.0090937500
150.3600000000,-0.0121718750
150.4000000000,-0.0123437500
150.4400000000,-0.0109375000
150.4800000000,-0.0089062500
150.5200000000,-0.0083593750
150.5600000000,-0.0089062500
150.6000000000,-0.0094218750
150.6400000000,-0.0089843750
150.6800000000,-0.0099218750
150.7200000000,-0.0117500000
150.7600000000,-0.0134687500
150.8000000000,-0.0135781250
150.8400000000,-0.0121250000
150.8800000000,-0.0126562500
150.9200000000,-0.0142343750
150.9600000000,-0.0145937500
151.0000000000,-0.0125156250
151.0400000000,-0.0101406250
151.0800000000,-0.0107187500
151.1200000000,-0.0138750000
151.1600000000,-0.0157812500
151.2000000000,-0.0155937500
151.2400000000,-0.0121875000
151.2800000000,-0.0117187500
151.3200000000,-0.0135781250
151.3600000000,-0.0143906250
151.4000000000,-0.0124375000
151.4400000000,-0.0089218750
151.4800000000,-0.0067812500
151.5200000000,-0.0073437500
151.5600000000,-0.0083593750
151.6000000000,-0.0089531250
151.6400000000,-0.0071562500
151.6800000000,-0.0050156250
151.7200000000,-0.0030156250
151.7600000000,-0.0014687500
151.8000000000,-0.0004687500
151.8400000000,0.0005781250
151.8800000000,0.0012656250
151.9200000000,0.0023437500
151.9600000000,0.0010156250
152.0000000000,0.0001562500
152.0400000000,0.0009375000
152.0800000000,0.0031093750
152.1200000000,0.0043281250
152.1600000000,0.0038281250
152.2000000000,0.0032812500
152.2400000000,0.0032656250
152.2800000000,0.0049843750
152.3200000000,0.0043437500
152.3600000000,0.0021250000
152.4000000000,0.0004843750
152.4400000000,0.0023437500
152.4800000000,0.0046093750
152.5200000000,0.0035625000
152.5600000000,0.0000468750
152.6000000000,-0.0015781250
152.6400000000,-0.0016406250
152.6800000000,0.0010312500
152.7200000000,-0.0003437500
152.7600000000,-0.0035312500
152.8000000000,-0.0051250000
152.8400000000,-0.0047031250
152.8800000000,-0.0017343750
152.9200000000,-0.0017031250
152.9600000000,-0.0047187500
153.0000000000,-0.0075312500
153.0400000000,-0.0073281250
153.0800000000,-0.0053906250
153.1200000000,-0.0032656250
153.1600000000,-0.0042500000
153.2000000000,-0.0051406250
153.2400000000,-0.0060156250
153.2800000000,-0.0052187500
153.3200000000,-0.0041093750
153.3600000000,-0.0017656250
153.4000000000,-0.0013906250
153.4400000000,-0.0032968750
153.4800000000,-0.0047500000
153.5200000000,-0.0045781250
153.5600000000,-0.0023125000
153.6000000000,-0.0006250000
153.6400000000,-0.0015000000
153.6800000000,-0.0034218750
153.7200000000,-0.0047031250
153.7600000000,-0.0035937500
153.8000000000,-0.0015468750
153.8400000000,-0.0020468750
153.8800000000,-0.0037343750
153.9200000000,-0.0055000000
153.9600000000,-0.0058750000
154.0000000000,-0.0069062500
154.0400000000,-0.0071562500
154.0800000000,-0.0086562500
154.1200000000,-0.0082187500
154.1600000000,-0.0066718750
154.2000000000,-0.0070156250
154.2400000000,-0.0085468750
154.2800000000,-0.0115625000
154.3200000000,-0.0123750000
154.3600000000,-0.0120312500
154.4000000000,-0.0130937500
154.4400000000,-0.0153593750
154.4800000000,-0.0187812500
154.5200000000,-0.0183125000
154.5600000000,-0.0154375000
154.6000000000,-0.0137187500
154.6400000000,-0.0139218750
154.6800000000,-0.0167031250
154.7200000000,-0.0174843750
154.7600000000,-0.0186718750
154.8000000000,-0.0185468750
154.8400000000,-0.0197968750
154.8800000000,-0.0208281250
154.9200000000,-0.0212812500
154.9600000000,-0.0212500000
155.0000000000,-0.0196406250
155.0400000000,-0.0180156250
155.0800000000,-0.0171406250
155.1200000000,-0.0170156250
155.1600000000,-0.0182187500
155.2000000000,-0.0195781250
155.2400000000,-0.0197812500
155.2800000000,-0.0205625000
155.3200000000,-0.0190468750
155.3600000000,-0.0178281250
155.4000000000,-0.0165468750
155.4400000000,-0.0146875000
155.4800000000,-0.0139218750
155.5200000000,-0.0118750000
155.5600000000,-0.0103437500
155.6000000000,-0.0120312500
155.6400000000,-0.0134687500
155.6800000000,-0.0143593750
155.7200000000,-0.0134375000
155.7600000000,-0.0110937500
155.8000000000,-0.0115000000
155.8400000000,-0.0107187500
155.8800000000,-0.0097812500
155.9200000000,-0.0088593750
155.9600000000,-0.0078906250
156.0000000000,-0.0088906250
156.0400000000,-0.0098281250
156.0800000000,-0.0101875000
156.1200000000,-0.0104843750
156.1600000000,-0.0107500000
156.2000000000,-0.0106875000
156.2400000000,-0.0097812500
156.2800000000,-0.0076093750
156.3200000000,-0.0067031250
156.3600000000,-0.0064218750
156.4000000000,-0.0073437500
156.4400000000,-0.0072343750
156.4800000000,-0.0060312500
156.5200000000,-0.0051406250
156.5600000000,-0.0051562500
156.6000000000,-0.0048281250
156.6400000000,-0.0034687500
156.6800000000,0.0005625000
156.7200000000,0.0029687500
156.7600000000,0.0024843750
156.8000000000,0.0013125000
156.8400000000,0.0018750000
156.8800000000,0.0050781250
156.9200000000,0.0075781250
156.9600000000,0.0060000000
157.0000000000,0.0033437500
157.0400000000,0.0058125000
157.0800000000,0.0094375000
157.1200000000,0.0144062500
157.1600000000,0.0124843750
157.2000000000,0.0087812500
157.2400000000,0.0115156250
157.2800000000,0.0149062500
157.3200000000,0.0192968750
157.3600000000,0.0165000000
157.4000000000,0.0115156250
157.4400000000,0.0114687500
157.4800000000,0.0156718750
157.5200000000,0.0205468750
157.5600000000,0.0202812500
157.6000000000,0.0165781250
157.6400000000,0.0156406250
157.6800000000,0.0183750000
157.7200000000,0.0217500000
157.7600000000,0.0213125000
157.8000000000,0.0171562500
157.8400000000,0.0137031250
157.8800000000,0.0130781250
157.9200000000,0.0152343750
157.9600000000,0.0166093750
158.0000000000,0.0150000000
158.0400000000,0.0121718750
158.0800000000,0.0115625000
158.1200000000,0.0128906250
158.1600000000,0.0123437500
158.2000000000,0.0100156250
158.2400000000,0.0073437500
158.2800000000,0.0060312500
158.3200000000,0.0056250000
158.3600000000,0.0042031250
158.4000000000,0.0018906250
158.4400000000,0.0004062500
158.4800000000,-0.0002500000
158.5200000000,0.0016093750
158.5600000000,0.0015312500
158.6000000000,0.0000937500
158.6400000000,-0.0029843750
158.6800000000,-0.0050312500
158.7200000000,-0.0043750000
158.7600000000,-0.0039687500
158.8000000000,-0.0045781250
158.8400000000,-0.0081093750
158.8800000000,-0.0095312500
158.9200000000,-0.0091562500
158.9600000000,-0.0072968750
159.0000000000,-0.0071562500
159.0400000000,-0.0112812500
159.0800000000,-0.0145000000
159.1200000000,-0.0149062500
159.1600000000,-0.0141093750
159.2000000000,-0.0140000000
159.2400000000,-0.0161875000
159.2800000000,-0.0172500000
159.3200000000,-0.0161406250
159.3600000000,-0.0145156250
159.4000000000,-0.0148593750
159.4400000000,-0.0167031250
159.4800000000,-0.0185937500
159.5200000000,-0.0186562500
159.5600000000,-0.0179843750
159.6000000000,-0.0184375000
159.6400000000,-0.0187187500
159.6800000000,-0.0184062500
159.7200000000,-0.0180937500
159.7600000000,-0.0175625000
159.8000000000,-0.0172500000
159.8400000000,-0.0167656250
159.8800000000,-0.0189375000
159.9200000000,-0.0209218750
159.9600000000,-0.0221562500
160.0000000000,-0.0217031250
160.0400000000,-0.0185937500
160.0800000000,-0.0166093750
160.1200000000,-0.0192343750
160.1600000000,-0.0213750000
160.2000000000,-0.0201562500
160.2400000000,-0.0179843750
160.2800000000,-0.0153593750
160.3200000000,-0.0184062500
160.3600000000,-0.0230000000
160.4000000000,-0.0227968750
160.4400000000,-0.0206875000
160.4800000000,-0.0170468750
160.5200000000,-0.0182500000
160.5600000000,-0.0217343750
160.6000000000,-0.0223593750
160.6400000000,-0.0196250000
160.6800000000,-0.0159375000
160.7200000000,-0.0136406250
160.7600000000,-0.0162812500
160.8000000000,-0.0189687500
160.8400000000,-0.0199062500
160.8800000000,-0.0163750000
160.9200000000,-0.0129062500
160.9600000000,-0.0102343750
161.0000000000,-0.0137656250
161.0400000000,-0.0165312500
161.0800000000,-0.0131562500
161.1200000000,-0.0077656250
161.1600000000,-0.0038125000
161.2000000000,-0.0080937500
161.2400000000,-0.0136875000
161.2800000000,-0.0126875000
161.3200000000,-0.0066250000
161.3600000000,-0.0012812500
161.4000000000,-0.0033437500
161.4400000000,-0.0083906250
161.4800000000,-0.0079531250
161.5200000000,-0.0025781250
161.5600000000,0.0028125000
161.6000000000,0.0013281250
161.6400000000,-0.0041093750
161.6800000000,-0.0062031250
161.7200000000,-0.0036250000
161.7600000000,0.0012968750
161.8000000000,0.0030625000
161.8400000000,0.0008437500
161.8800000000,-0.0023281250
161.9200000000,-0.0014843750
161.9600000000,0.0030156250
162.0000000000,0.0056406250
162.0400000000,0.0038906250
162.0800000000,0.0006562500
162.1200000000,-0.0013281250
162.1600000000,0.0037500000
162.2000000000,0.0080781250
162.2400000000,0.0088593750
162.2800000000,0.0071093750
162.3200000000,0.0043750000
162.3600000000,0.0084375000
162.4000000000,0.0125781250
162.4400000000,0.0130781250
162.4800000000,0.0116718750
162.5200000000,0.0091093750
162.5600000000,0.0109375000
162.6000000000,0.0140468750
162.6400000000,0.0150781250
162.6800000000,0.0154843750
162.7200000000,0.0132031250
162.7600000000,0.0130625000
162.8000000000,0.0131406250
162.8400000000,0.0124375000
162.8800000000,0.0112812500
162.9200000000,0.0102343750
162.9600000000,0.0096093750
163.0000000000,0.0090000000
163.0400000000,0.0091406250
163.0800000000,0.0095625000
163.1200000000,0.0077812500
163.1600000000,0.0068125000
163.2000000000,0.0069062500
163.2400000000,0.0063593750
163.2800000000,0.0063593750
163.3200000000,0.0040156250
163.3600000000,0.0019843750
163.4000000000,0.0003750000
163.4400000000,-0.0004218750
163.4800000000,-0.0002031250
163.5200000000,-0.0016562500
163.5600000000,-0.0037343750
163.6000000000,-0.0046562500
163.6400000000,-0.0043125000
163.6800000000,-0.0047812500
163.7200000000,-0.0049062500
163.7600000000,-0.0060781250
163.8000000000,-0.0074218750
163.8400000000,-0.0086250000
163.8800000000,-0.0104531250
163.9200000000,-0.0102500000
163.9600000000,-0.0098750000
164.0000000000,-0.0106406250
164.0400000000,-0.0111093750
164.0800000000,-0.0125781250
164.1200000000,-0.0119062500
164.1600000000,-0.0113281250
164.2000000000,-0.0106406250
164.2400000000,-0.0113281250
164.2800000000,-0.0153750000
164.3200000000,-0.0187031250
164.3600000000,-0.0193593750
164.4000000000,-0.0179843750
164.4400000000,-0.0156406250
164.4800000000,-0.0167343750
164.5200000000,-0.0187500000
164.5600000000,-0.0201406250
164.6000000000,-0.0189375000
164.6400000000,-0.0175156250
164.6800000000,-0.0188750000
164.7200000000,-0.0225468750
164.7600000000,-0.0261093750
164.8000000000,-0.0258281250
164.8400000000,-0.0237656250
164.8800000000,-0.0222500000
164.9200000000,-0.0235937500
164.9600000000,-0.0245625000
165.0000000000,-0.0236562500
165.0400000000,-0.0227968750
165.0800000000,-0.0228281250
165.1200000000,-0.0265937500
165.1600000000,-0.0278593750
165.2000000000,-0.0270625000
165.2400000000,-0.0271093750
165.2800000000,-0.0255625000
165.3200000000,-0.0251406250
165.3600000000,-0.0223125000
165.4000000000,-0.0202500000
165.4400000000,-0.0209687500
165.4800000000,-0.0216093750
165.5200000000,-0.0212500000
165.5600000000,-0.0187500000
165.6000000000,-0.0159062500
165.6400000000,-0.0170156250
165.6800000000,-0.0179375000
165.7200000000,-0.0172968750
165.7600000000,-0.0130781250
165.8000000000,-0.0082187500
165.8400000000,-0.0077187500
165.8800000000,-0.0111406250
165.9200000000,-0.0128281250
165.9600000000,-0.0121250000
166.0000000000,-0.0085781250
166.0400000000,-0.0078906250
166.0800000000,-0.0101875000
166.1200000000,-0.0112812500
166.1600000000,-0.0097031250
166.2000000000,-0.0054843750
166.2400000000,-0.0040156250
166.2800000000,-0.0057031250
166.3200000000,-0.0059531250
166.3600000000,-0.0052500000
166.4000000000,-0.0014218750
166.4400000000,-0.0001875000
166.4800000000,-0.0016250000
166.5200000000,-0.0044531250
166.5600000000,-0.0032187500
166.6000000000,0.0031562500
166.6400000000,0.0079218750
166.6800000000,0.0083281250
166.7200000000,0.0035468750
166.7600000000,0.0028437500
166.8000000000,0.0065156250
166.8400000000,0.0113906250
166.8800000000,0.0112500000
166.9200000000,0.0071250000
166.9600000000,0.0059375000
167.0000000000,0.0098437500
167.0400000000,0.0185156250
167.0800000000,0.0216875000
167.1200000000,0.0171562500
167.1600000000,0.0138125000
167.2000000000,0.0134062500
167.2400000000,0.0196093750
167.2800000000,0.0239218750
167.3200000000,0.0198281250
167.3600000000,0.0148750000
167.4000000000,0.0143906250
167.4400000000,0.0204375000
167.4800000000,0.0260937500
167.5200000000,0.0230937500
167.5600000000,0.0172187500
167.6000000000,0.0138593750
167.6400000000,0.0152968750
167.6800000000,0.0191250000
167.7200000000,0.0178750000
167.7600000000,0.0132500000
167.8000000000,0.0124062500
167.8400000000,0.0129062500
167.8800000000,0.0156718750
167.9200000000,0.0156875000
167.9600000000,0.0126406250
168.0000000000,0.0100468750
168.0400000000,0.0074531250
168.0800000000,0.0070937500
168.1200000000,0.0077500000
168.1600000000,0.0069218750
168.2000000000,0.0053281250
168.2400000000,0.0024843750
168.2800000000,0.0002343750
168.3200000000,0.0018125000
168.3600000000,0.0029843750
168.4000000000,0.0021562500
168.4400000000,-0.0017031250
168.4800000000,-0.0063125000
168.5200000000,-0.0069062500
168.5600000000,-0.0055937500
168.6000000000,-0.0051406250
168.6400000000,-0.0084687500
168.6800000000,-0.0125625000
168.7200000000,-0.0127343750
168.7600000000,-0.0108750000
168.8000000000,-0.0094531250
168.8400000000,-0.0125312500
168.8800000000,-0.0165156250
168.9200000000,-0.0185312500
168.9600000000,-0.0173437500
169.0000000000,-0.0165312500
169.0400000000,-0.0185781250
169.0800000000,-0.0204687500
169.1200000000,-0.0208593750
169.1600000000,-0.0175312500
169.2000000000,-0.0158125000
169.2400000000,-0.0169218750
169.2800000000,-0.0190312500
169.3200000000,-0.0187500000
169.3600000000,-0.0184062500
169.4000000000,-0.0185000000
169.4400000000,-0.0202500000
169.4800000000,-0.0234218750
169.5200000000,-0.0218750000
169.5600000000,-0.0197343750
169.6000000000,-0.0170312500
169.6400000000,-0.0172187500
169.6800000000,-0.0204843750
169.7200000000,-0.0207187500
169.7600000000,-0.0200156250
169.8000000000,-0.0180781250
169.8400000000,-0.0180312500
169.8800000000,-0.0210625000
169.9200000000,-0.0203593750
169.9600000000,-0.0179062500
170.0000000000,-0.0154531250
170.0400000000,-0.0142343750
170.0800000000,-0.0163125000
170.1200000000,-0.0171093750
170.1600000000,-0.0148593750
170.2000000000,-0.0127187500
170.2400000000,-0.0103906250
170.2800000000,-0.0117812500
170.3200000000,-0.0137968750
170.3600000000,-0.0125000000
170.4000000000,-0.0083906250
170.4400000000,-0.0050312500
170.4800000000,-0.0050781250
170.5200000000,-0.0086562500
170.5600000000,-0.0104531250
170.6000000000,-0.0065625000
170.6400000000,-0.0012812500
170.6800000000,-0.0006250000
170.7200000000,-0.0041875000
170.7600000000,-0.0073906250
170.8000000000,-0.0063906250
170.8400000000,-0.0005000000
170.8800000000,0.0024687500
170.9200000000,-0.0016718750
170.9600000000,-0.0066875000
171.0000000000,-0.0080468750
171.0400000000,-0.0032187500
171.0800000000,0.0005000000
171.1200000000,-0.0005000000
171.1600000000,-0.0044062500
171.2000000000,-0.0066718750
171.2400000000,-0.0024843750
171.2800000000,0.0013125000
171.3200000000,0.0015781250
171.3600000000,-0.0031875000
171.4000000000,-0.0060625000
171.4400000000,-0.0040156250
171.4800000000,0.0001562500
171.5200000000,0.0026562500
171.5600000000,0.0001250000
171.6000000000,-0.0029218750
171.6400000000,-0.0018750000
171.6800000000,0.0006562500
171.7200000000,0.0024843750
171.7600000000,0.0025781250
171.8000000000,-0.0000156250
171.8400000000,-0.0010625000
171.8800000000,-0.0003437500
171.9200000000,0.0005000000
171.9600000000,0.0004375000
172.0000000000,-0.0012500000
172.0400000000,-0.0021093750
172.0800000000,-0.0016875000
172.1200000000,-0.0014843750
172.1600000000,-0.0021250000
172.2000000000,-0.0039843750
172.2400000000,-0.0063750000
172.2800000000,-0.0070937500
172.3200000000,-0.0064843750
172.3600000000,-0.0056562500
172.4000000000,-0.0063437500
172.4400000000,-0.0083906250
172.4800000000,-0.0100156250
172.5200000000,-0.0095312500
172.5600000000,-0.0071718750
172.6000000000,-0.0060468750
172.6400000000,-0.0079375000
172.6800000000,-0.0105156250
172.7200000000,-0.0120937500
172.7600000000,-0.0105312500
172.8000000000,-0.0085781250
172.8400000000,-0.0083593750
172.8800000000,-0.0081718750
172.9200000000,-0.0087500000
172.9600000000,-0.0087500000
173.0000000000,-0.0074062500
173.0400000000,-0.0068906250
173.0800000000,-0.0063281250
173.1200000000,-0.0076093750
173.1600000000,-0.0084531250
173.2000000000,-0.0078593750
173.2400000000,-0.0063906250
173.2800000000,-0.0049218750
173.3200000000,-0.0041406250
173.3600000000,-0.0053437500
173.4000000000,-0.0046562500
173.4400000000,-0.0039531250
173.4800000000,-0.0027343750
173.5200000000,-0.0029843750
173.5600000000,-0.0047343750
173.6000000000,-0.0059375000
173.6400000000,-0.0066718750
173.6800000000,-0.0066093750
173.7200000000,-0.0058750000
173.7600000000,-0.0055468750
173.8000000000,-0.0050781250
173.8400000000,-0.0055000000
173.8800000000,-0.0057031250
173.9200000000,-0.0064687500
173.9600000000,-0.0067500000
174.0000000000,-0.0078281250
174.0400000000,-0.0084375000
174.0800000000,-0.0068125000
174.1200000000,-0.0066562500
174.1600000000,-0.0056406250
174.2000000000,-0.0056875000
174.2400000000,-0.0050937500
174.2800000000,-0.0031718750
174.3200000000,-0.0028125000
174.3600000000,-0.0029218750
174.4000000000,-0.0044531250
174.4400000000,-0.0042187500
174.4800000000,-0.0009375000
174.5200000000,0.0007812500
174.5600000000,0.0011406250
174.6000000000,0.0001250000
174.6400000000,0.0000312500
174.6800000000,0.0010000000
174.7200000000,0.0020625000
174.7600000000,0.0016250000
174.8000000000,0.0013437500
174.8400000000,0.0006406250
174.8800000000,0.0013125000
174.9200000000,0.0027343750
174.9600000000,0.0030937500
175.0000000000,0.0027656250
175.0400000000,0.0021406250
175.0800000000,0.0006718750
175.1200000000,0.0004531250
175.1600000000,0.0010468750
175.2000000000,0.0011093750
175.2400000000,-0.0004531250
175.2800000000,-0.0025625000
175.3200000000,-0.0030156250
175.3600000000,-0.0016562500
175.4000000000,-0.0011093750
175.4400000000,-0.0012656250
175.4800000000,-0.0039375000
175.5200000000,-0.0054375000
175.5600000000,-0.0053281250
175.6000000000,-0.0032031250
175.6400000000,-0.0021093750
175.6800000000,-0.0037031250
175.7200000000,-0.0065312500
175.7600000000,-0.0083750000
175.8000000000,-0.0062656250
175.8400000000,-0.0032812500
175.8800000000,-0.0031406250
175.9200000000,-0.0066875000
175.9600000000,-0.0086406250
176.0000000000,-0.0089843750
176.0400000000,-0.0064687500
176.0800000000,-0.0053593750
176.1200000000,-0.0083750000
176.1600000000,-0.0114531250
176.2000000000,-0.0127968750
176.2400000000,-0.0120625000
176.2800000000,-0.0126406250
176.3200000000,-0.0134843750
176.3600000000,-0.0135156250
176.4000000000,-0.0132656250
176.4400000000,-0.0127500000
176.4800000000,-0.0137343750
176.5200000000,-0.0147031250
176.5600000000,-0.0150781250
176.6000000000,-0.0137187500
176.6400000000,-0.0125156250
176.6800000000,-0.0133125000
176.7200000000,-0.0139375000
176.7600000000,-0.0139062500
176.8000000000,-0.0130468750
176.8400000000,-0.0110156250
176.8800000000,-0.0109375000
176.9200000000,-0.0105156250
176.9600000000,-0.0099843750
177.0000000000,-0.0106562500
177.0400000000,-0.0111093750
177.0800000000,-0.0113593750
177.1200000000,-0.0108125000
177.1600000000,-0.0094843750
177.2000000000,-0.0088906250
177.2400000000,-0.0089531250
177.2800000000,-0.0093593750
177.3200000000,-0.0091406250
177.3600000000,-0.0082343750
177.4000000000,-0.0071562500
177.4400000000,-0.0070781250
177.4800000000,-0.0086093750
177.5200000000,-0.0094531250
177.5600000000,-0.0090937500
177.6000000000,-0.0063593750
177.6400000000,-0.0052187500
177.6800000000,-0.0062968750
177.7200000000,-0.0066250000
177.7600000000,-0.0048437500
177.8000000000,-0.0049218750
177.8400000000,-0.0047812500
177.8800000000,-0.0042500000
177.9200000000,-0.0040468750
177.9600000000,-0.0023437500
178.0000000000,-0.0018593750
178.0400000000,-0.0011562500
178.0800000000,0.0009062500
178.1200000000,0.0021093750
178.1600000000,0.0026406250
178.2000000000,0.0033750000
178.2400000000,0.0031562500
178.2800000000,0.0053593750
178.3200000000,0.0060781250
178.3600000000,0.0057968750
178.4000000000,0.0049843750
178.4400000000,0.0059687500
178.4800000000,0.0091875000
178.5200000000,0.0102031250
178.5600000000,0.0081562500
178.6000000000,0.0069375000
178.6400000000,0.0065156250
178.6800000000,0.0078906250
178.7200000000,0.0097187500
178.7600000000,0.0092343750
178.8000000000,0.0067968750
178.8400000000,0.0047656250
178.8800000000,0.0042812500
178.9200000000,0.0057968750
178.9600000000,0.0064375000
179.0000000000,0.0039218750
179.0400000000,0.0013593750
179.0800000000,-0.0017968750
179.1200000000,-0.0010312500
179.1600000000,0.0012187500
179.2000000000,0.0018437500
179.2400000000,-0.0015781250
179.2800000000,-0.0054687500
179.3200000000,-0.0061562500
179.3600000000,-0.0036250000
179.4000000000,-0.0016250000
179.4400000000,-0.0039218750
179.4800000000,-0.0083906250
179.5200000000,-0.0110156250
179.5600000000,-0.0083281250
179.6000000000,-0.0041718750
179.6400000000,-0.0059218750
179.6800000000,-0.0087500000
179.7200000000,-0.0116875000
179.7600000000,-0.0105781250
179.8000000000,-0.0075625000
179.8400000000,-0.0083437500
179.8800000000,-0.0113593750
179.9200000000,-0.0134531250
179.9600000000,-0.0137187500
180.0000000000,-0.0105312500
180.0400000000,-0.0089687500
180.0800000000,-0.0100625000
180.1200000000,-0.0142656250
180.1600000000,-0.0150781250
180.2000000000,-0.0154375000
180.2400000000,-0.0128750000
180.2800000000,-0.0112500000
180.3200000000,-0.0123281250
180.3600000000,-0.0142812500
180.4000000000,-0.0155625000
180.4400000000,-0.0143281250
180.4800000000,-0.0117968750
180.5200000000,-0.0115000000
180.5600000000,-0.0140000000
180.6000000000,-0.0167031250
180.6400000000,-0.0160156250
180.6800000000,-0.0132343750
180.7200000000,-0.0098281250
180.7600000000,-0.0097968750
180.8000000000,-0.0131093750
180.8400000000,-0.0138437500
180.8800000000,-0.0124843750
180.9200000000,-0.0099218750
180.9600000000,-0.0091093750
181.0000000000,-0.0106718750
181.0400000000,-0.0108125000
181.0800000000,-0.0101406250
181.1200000000,-0.0078750000
181.1600000000,-0.0070937500
181.2000000000,-0.0071875000
181.2400000000,-0.0084218750
181.2800000000,-0.0083125000
181.3200000000,-0.0074531250
181.3600000000,-0.0058906250
181.4000000000,-0.0057187500
181.4400000000,-0.0060937500
181.4800000000,-0.0062187500
181.5200000000,-0.0047656250
181.5600000000,-0.0026406250
181.6000000000,-0.0010937500
181.6400000000,-0.0013593750
181.6800000000,-0.0026875000
181.7200000000,-0.0035625000
181.7600000000,-0.0036250000
181.8000000000,-0.0022500000
181.8400000000,-0.0012656250
181.8800000000,0.0007500000
181.9200000000,0.0017656250
181.9600000000,0.0001875000
182.0000000000,0.0003125000
182.0400000000,0.0009218750
182.0800000000,0.0026250000
182.1200000000,0.0029843750
182.1600000000,0.0001562500
182.2000000000,-0.0010468750
182.2400000000,-0.0005000000
182.2800000000,0.0019531250
182.3200000000,0.0031718750
182.3600000000,0.0016406250
182.4000000000,-0.0007968750
182.4400000000,-0.0015937500
182.4800000000,-0.0007812500
182.5200000000,-0.0004375000
182.5600000000,-0.0020468750
182.6000000000,-0.0047500000
182.6400000000,-0.0074531250
182.6800000000,-0.0064062500
182.7200000000,-0.0049375000
182.7600000000,-0.0044531250
182.8000000000,-0.0057968750
182.8400000000,-0.0093437500
182.8800000000,-0.0101093750
182.9200000000,-0.0083593750
182.9600000000,-0.0070156250
183.0000000000,-0.0080781250
183.0400000000,-0.0109062500
183.0800000000,-0.0101406250
183.1200000000,-0.0079375000
183.1600000000,-0.0062343750
183.2000000000,-0.0077656250
183.2400000000,-0.0099687500
183.2800000000,-0.0103281250
183.3200000000,-0.0070781250
183.3600000000,-0.0045000000
183.4000000000,-0.0049062500
183.4400000000,-0.0058906250
183.4800000000,-0.0067500000
183.5200000000,-0.0063437500
183.5600000000,-0.0050937500
183.6000000000,-0.0051250000
183.6400000000,-0.0061250000
183.6800000000,-0.0068906250
183.7200000000,-0.0065781250
183.7600000000,-0.0051875000
183.8000000000,-0.0041562500
183.8400000000,-0.0031093750
183.8800000000,-0.0025156250
183.9200000000,-0.0037500000
183.9600000000,-0.0039218750
184.0000000000,-0.0041718750
184.0400000000,-0.0042968750
184.0800000000,-0.0037187500
184.1200000000,-0.0037500000
184.1600000000,-0.0034062500
184.2000000000,-0.0024843750
184.2400000000,-0.0013906250
184.2800000000,-0.0023125000
184.3200000000,-0.0039062500
184.3600000000,-0.0064531250
184.4000000000,-0.0056562500
184.4400000000,-0.0045937500
184.4800000000,-0.0052812500
184.5200000000,-0.0061875000
184.5600000000,-0.0075937500
184.6000000000,-0.0055312500
184.6400000000,-0.0038281250
184.6800000000,-0.0045781250
184.7200000000,-0.0069531250
184.7600000000,-0.0089687500
184.8000000000,-0.0094687500
184.8400000000,-0.0075937500
184.8800000000,-0.0074687500
184.9200000000,-0.0094687500
184.9600000000,-0.0104843750
185.0000000000,-0.0100000000
185.0400000000,-0.0076250000
185.0800000000,-0.0062343750
185.1200000000,-0.0079218750
185.1600000000,-0.0108437500
185.2000000000,-0.0105312500
185.2400000000,-0.0085000000
185.2800000000,-0.0047812500
185.3200000000,-0.0046562500
185.3600000000,-0.0062187500
185.4000000000,-0.0075781250
185.4400000000,-0.0070000000
185.4800000000,-0.0045000000
185.5200000000,-0.0028906250
185.5600000000,-0.0040312500
185.6000000000,-0.0057343750
185.6400000000,-0.0043281250
185.6800000000,-0.0019687500
185.7200000000,0.0001562500
185.7600000000,-0.0007031250
185.8000000000,-0.0029843750
185.8400000000,-0.0033906250
185.8800000000,-0.0022187500
185.9200000000,-0.0015468750
185.9600000000,-0.0018437500
186.0000000000,-0.0022968750
186.0400000000,-0.0018281250
186.0800000000,-0.0000468750
186.1200000000,0.0004843750
186.1600000000,-0.0004531250
186.2000000000,-0.0014843750
186.2400000000,-0.0019375000
186.2800000000,-0.0011093750
186.3200000000,-0.0010312500
186.3600000000,-0.0010000000
186.4000000000,-0.0007031250
186.4400000000,0.0004687500
186.4800000000,0.0026562500
186.5200000000,0.0030312500
186.5600000000,0.0022031250
186.6000000000,0.0012343750
186.6400000000,-0.0008750000
186.6800000000,-0.0014843750
186.7200000000,-0.0006250000
186.7600000000,-0.0004218750
186.8000000000,-0.0005781250
186.8400000000,-0.0011718750
186.8800000000,-0.0019062500
186.9200000000,-0.0025625000
186.9600000000,-0.0021250000
187.0000000000,-0.0041250000
187.0400000000,-0.0067343750
187.0800000000,-0.0093906250
187.1200000000,-0.0102343750
187.1600000000,-0.0084375000
187.2000000000,-0.0097031250
187.2400000000,-0.0114218750
187.2800000000,-0.0131562500
187.3200000000,-0.0135625000
187.3600000000,-0.0118437500
187.4000000000,-0.0121250000
187.4400000000,-0.0143906250
187.4800000000,-0.0169375000
187.5200000000,-0.0177812500
187.5600000000,-0.0173281250
187.6000000000,-0.0146875000
187.6400000000,-0.0147187500
187.6800000000,-0.0140468750
187.7200000000,-0.0145468750
187.7600000000,-0.0139531250
187.8000000000,-0.0151562500
187.8400000000,-0.0138281250
187.8800000000,-0.0139062500
187.9200000000,-0.0130312500
187.9600000000,-0.0124375000
188.0000000000,-0.0127656250
188.0400000000,-0.0088125000
188.0800000000,-0.0081718750
188.1200000000,-0.0083437500
188.1600000000,-0.0093281250
188.2000000000,-0.0104843750
188.2400000000,-0.0086406250
188.2800000000,-0.0077656250
188.3200000000,-0.0072500000
188.3600000000,-0.0068125000
188.4000000000,-0.0072812500
188.4400000000,-0.0054843750
188.4800000000,-0.0039218750
188.5200000000,-0.0044375000
188.5600000000,-0.0045312500
188.6000000000,-0.0067656250
188.6400000000,-0.0078750000
188.6800000000,-0.0057812500
188.7200000000,-0.0046093750
188.7600000000,-0.0034375000
188.8000000000,-0.0040156250
188.8400000000,-0.0046250000
188.8800000000,-0.0034375000
188.9200000000,-0.0039843750
188.9600000000,-0.0051875000
189.0000000000,-0.0063125000
189.0400000000,-0.0073281250
189.0800000000,-0.0067343750
189.1200000000,-0.0053593750
189.1600000000,-0.0046406250
189.2000000000,-0.0042656250
189.2400000000,-0.0046562500
189.2800000000,-0.0045000000
189.3200000000,-0.0037187500
189.3600000000,-0.0031562500
189.4000000000,-0.0036875000
189.4400000000,-0.0053125000
189.4800000000,-0.0052812500
189.5200000000,-0.0038593750
189.5600000000,-0.0010937500
189.6000000000,0.0008906250
189.6400000000,0.0006875000
189.6800000000,-0.0008593750
189.7200000000,-0.0023125000
189.7600000000,-0.0017187500
189.8000000000,-0.0009062500
189.8400000000,-0.0004687500
189.8800000000,-0.0001406250
189.9200000000,0.0005156250
189.9600000000,0.0014218750
190.0000000000,0.0004062500
190.0400000000,0.0003125000
190.0800000000,-0.0002031250
190.1200000000,0.0003906250
190.1600000000,-0.0002656250
190.2000000000,-0.0012031250
190.2400000000,-0.0011562500
190.2800000000,-0.0003750000
190.3200000000,0.0011562500
190.3600000000,0.0016093750
190.4000000000,0.0008125000
190.4400000000,0.0006875000
190.4800000000,0.0004687500
190.5200000000,-0.0000937500
190.5600000000,-0.0009531250
190.6000000000,-0.0017812500
190.6400000000,-0.0001562500
190.6800000000,0.0020625000
190.7200000000,0.0032968750
190.7600000000,0.0022187500
190.8000000000,0.0011406250
190.8400000000,0.0018750000
190.8800000000,0.0025468750
190.9200000000,0.0025312500
190.9600000000,0.0005000000
191.0000000000,-0.0012812500
191.0400000000,-0.0010000000
191.0800000000,0.0010937500
191.1200000000,0.0024531250
191.1600000000,0.0013281250
191.2000000000,-0.0002656250
191.2400000000,-0.0002187500
191.2800000000,0.0007500000
191.3200000000,0.0009687500
191.3600000000,-0.0003125000
191.4000000000,-0.0022187500
191.4400000000,-0.0033437500
191.4800000000,-0.0036250000
191.5200000000,-0.0038125000
191.5600000000,-0.0025000000
191.6000000000,-0.0017343750
191.6400000000,-0.0020000000
191.6800000000,-0.0039375000
191.7200000000,-0.0054843750
191.7600000000,-0.0056406250
191.8000000000,-0.0036875000
191.8400000000,-0.0036093750
191.8800000000,-0.0067031250
191.9200000000,-0.0083437500
191.9600000000,-0.0081093750
192.0000000000,-0.0042031250
192.0400000000,-0.0026562500
192.0800000000,-0.0055937500
192.1200000000,-0.0076250000
192.1600000000,-0.0068125000
192.2000000000,-0.0046718750
192.2400000000,-0.0045625000
192.2800000000,-0.0072031250
192.3200000000,-0.0087031250
192.3600000000,-0.0067500000
192.4000000000,-0.0047656250
192.4400000000,-0.0056718750
192.4800000000,-0.0085156250
192.5200000000,-0.0087343750
192.5600000000,-0.0066562500
192.6000000000,-0.0052812500
192.6400000000,-0.0058437500
192.6800000000,-0.0085625000
192.7200000000,-0.0088750000
192.7600000000,-0.0080625000
192.8000000000,-0.0069218750
192.8400000000,-0.0065156250
192.8800000000,-0.0070468750
192.9200000000,-0.0086406250
192.9600000000,-0.0085156250
193.0000000000,-0.0075468750
193.0400000000,-0.0071875000
193.0800000000,-0.0066093750
193.1200000000,-0.0088593750
193.1600000000,-0.0090156250
193.2000000000,-0.0085156250
193.2400000000,-0.0075156250
193.2800000000,-0.0085468750
193.3200000000,-0.0107812500
193.3600000000,-0.0129687500
193.4000000000,-0.0111718750
193.4400000000,-0.0088593750
193.4800000000,-0.0086875000
193.5200000000,-0.0110312500
193.5600000000,-0.0137343750
193.6000000000,-0.0138750000
193.6400000000,-0.0121250000
193.6800000000,-0.0115000000
193.7200000000,-0.0131875000
193.7600000000,-0.0164375000
193.8000000000,-0.0161250000
193.8400000000,-0.0130312500
193.8800000000,-0.0116093750
193.9200000000,-0.0137187500
193.9600000000,-0.0155468750
194.0000000000,-0.0172031250
194.0400000000,-0.0151875000
194.0800000000,-0.0135156250
194.1200000000,-0.0157656250
194.1600000000,-0.0179218750
194.2000000000,-0.0190312500
194.2400000000,-0.0160781250
194.2800000000,-0.0123750000
194.3200000000,-0.0145156250
194.3600000000,-0.0172187500
194.4000000000,-0.0195000000
194.4400000000,-0.0176250000
194.4800000000,-0.0152656250
194.5200000000,-0.0160156250
194.5600000000,-0.0191093750
194.6000000000,-0.0198437500
194.6400000000,-0.0177500000
194.6800000000,-0.0144218750
194.7200000000,-0.0135781250
194.7600000000,-0.0153906250
194.8000000000,-0.0176093750
194.8400000000,-0.0173906250
194.8800000000,-0.0148750000
194.9200000000,-0.0121562500
194.9600000000,-0.0120468750
195.0000000000,-0.0144687500
195.0400000000,-0.0159843750
195.0800000000,-0.0132187500
195.1200000000,-0.0095000000
195.1600000000,-0.0072187500
195.2000000000,-0.0094218750
195.2400000000,-0.0115625000
195.2800000000,-0.0106250000
195.3200000000,-0.0072812500
195.3600000000,-0.0045000000
195.4000000000,-0.0047500000
195.4400000000,-0.0059531250
195.4800000000,-0.0045312500
195.5200000000,-0.0012343750
195.5600000000,0.0014062500
195.6000000000,0.0011562500
195.6400000000,0.0000468750
195.6800000000,-0.0006562500
195.7200000000,0.0014843750
195.7600000000,0.0037812500
195.8000000000,0.0052500000
195.8400000000,0.0078125000
195.8800000000,0.0085000000
195.9200000000,0.0092187500
195.9600000000,0.0087031250
196.0000000000,0.0092343750
196.0400000000,0.0118281250
196.0800000000,0.0120468750
196.1200000000,0.0107812500
196.1600000000,0.0088750000
196.2000000000,0.0087968750
196.2400000000,0.0108593750
196.2800000000,0.0128437500
196.3200000000,0.0124375000
196.3600000000,0.0101562500
196.4000000000,0.0095468750
196.4400000000,0.0099687500
196.4800000000,0.0113906250
196.5200000000,0.0108750000
196.5600000000,0.0080625000
196.6000000000,0.0062812500
196.6400000000,0.0067656250
196.6800000000,0.0085312500
196.7200000000,0.0089218750
196.7600000000,0.0072031250
196.8000000000,0.0054687500
196.8400000000,0.0051875000
196.8800000000,0.0054218750
196.9200000000,0.0043437500
196.9600000000,0.0001093750
197.0000000000,-0.0030625000
197.0400000000,-0.0026562500
197.0800000000,0.0004375000
197.1200000000,0.0018593750
197.1600000000,-0.0005000000
197.2000000000,-0.0051250000
197.2400000000,-0.0052968750
197.2800000000,-0.0029843750
197.3200000000,-0.0013281250
197.3600000000,-0.0042656250
197.4000000000,-0.0085312500
197.4400000000,-0.0101250000
197.4800000000,-0.0071718750
197.5200000000,-0.0049218750
197.5600000000,-0.0060156250
197.6000000000,-0.0085468750
197.6400000000,-0.0102812500
197.6800000000,-0.0082343750
197.7200000000,-0.0074062500
197.7600000000,-0.0080000000
197.8000000000,-0.0089843750
197.8400000000,-0.0095468750
197.8800000000,-0.0089375000
197.9200000000,-0.0077343750
197.9600000000,-0.0067500000
198.0000000000,-0.0062812500
198.0400000000,-0.0079062500
198.0800000000,-0.0093281250
198.1200000000,-0.0099062500
198.1600000000,-0.0091562500
198.2000000000,-0.0075937500
198.2400000000,-0.0078437500
198.2800000000,-0.0085156250
198.3200000000,-0.0082500000
198.3600000000,-0.0075000000
198.4000000000,-0.0072187500
198.4400000000,-0.0092187500
198.4800000000,-0.0099843750
198.5200000000,-0.0090781250
198.5600000000,-0.0085000000
198.6000000000,-0.0082968750
198.6400000000,-0.0092187500
198.6800000000,-0.0097812500
198.7200000000,-0.0094531250
198.7600000000,-0.0073437500
198.8000000000,-0.0070937500
198.8400000000,-0.0090156250
198.8800000000,-0.0102187500
198.9200000000,-0.0109218750
198.9600000000,-0.0097187500
199.0000000000,-0.0091875000
199.0400000000,-0.0093125000
199.0800000000,-0.0104843750
199.1200000000,-0.0104375000
199.1600000000,-0.0093437500
199.2000000000,-0.0083125000
199.2400000000,-0.0086406250
199.2800000000,-0.0107187500
199.3200000000,-0.0121406250
199.3600000000,-0.0117968750
199.4000000000,-0.0094062500
199.4400000000,-0.0078281250
199.4800000000,-0.0096562500
199.5200000000,-0.0112187500
199.5600000000,-0.0110000000
199.6000000000,-0.0085937500
199.6400000000,-0.0067031250
199.6800000000,-0.0076406250
199.7200000000,-0.0094687500
199.7600000000,-0.0085000000
199.8000000000,-0.0063437500
199.8400000000,-0.0033437500
199.8800000000,-0.0035312500
199.9200000000,-0.0060937500
199.9600000000,-0.0072187500
